-- phpMyAdmin SQL Dump
-- version 5.1.1
-- https://www.phpmyadmin.net/
--
-- Host: 127.0.0.1:3312
-- Tempo de geração: 31-Dez-2024 às 02:03
-- Versão do servidor: 10.4.22-MariaDB
-- versão do PHP: 8.1.1

SET SQL_MODE = "NO_AUTO_VALUE_ON_ZERO";
START TRANSACTION;
SET time_zone = "+00:00";


/*!40101 SET @OLD_CHARACTER_SET_CLIENT=@@CHARACTER_SET_CLIENT */;
/*!40101 SET @OLD_CHARACTER_SET_RESULTS=@@CHARACTER_SET_RESULTS */;
/*!40101 SET @OLD_COLLATION_CONNECTION=@@COLLATION_CONNECTION */;
/*!40101 SET NAMES utf8mb4 */;

--
-- Banco de dados: `rendacap_test`
--

-- --------------------------------------------------------

--
-- Estrutura da tabela `tb_address`
--

CREATE TABLE `tb_address` (
  `id` int(11) NOT NULL,
  `user_id` int(11) NOT NULL,
  `cep` varchar(10) NOT NULL,
  `address` varchar(255) NOT NULL,
  `number` varchar(10) DEFAULT NULL,
  `complement` varchar(255) DEFAULT NULL,
  `neighborhood` varchar(255) NOT NULL,
  `city` varchar(255) NOT NULL,
  `state` varchar(2) NOT NULL,
  `country` varchar(100) DEFAULT 'Brasil',
  `created_at` timestamp NOT NULL DEFAULT current_timestamp(),
  `updated_at` timestamp NOT NULL DEFAULT current_timestamp() ON UPDATE current_timestamp()
) ENGINE=InnoDB DEFAULT CHARSET=utf8mb4;

--
-- Extraindo dados da tabela `tb_address`
--

INSERT INTO `tb_address` (`id`, `user_id`, `cep`, `address`, `number`, `complement`, `neighborhood`, `city`, `state`, `country`, `created_at`, `updated_at`) VALUES
(1, 1, '57062-468', 'Rua Rafaela Omena', '0', '', 'Petrópolis', 'Maceió', 'AL', 'Brasil', '2024-12-01 18:15:51', '2024-12-07 08:01:00'),
(2, 2, '78080-570', 'Rua Cinco', '0', '', 'São José', 'Cuiabá', 'MT', 'Brasil', '2024-12-01 18:15:51', '2024-12-07 08:06:36'),
(3, 3, '80740-580', 'Rua José Scuissiato', '0', '', 'Seminário', 'Curitiba', 'PR', 'Brasil', '2024-12-01 18:15:51', '2024-12-07 08:09:15'),
(4, 4, '97576-417', 'Avenida General Daltro Filho', '0', '', 'Jardins', 'Santana do Livramento', 'RS', 'Brasil', '2024-12-01 18:15:51', '2024-12-01 18:17:09'),
(5, 5, '76871-263', 'Avenida Machadinho', '0', '', 'Jardim Paulista', 'Ariquemes', 'RO', 'Brasil', '2024-12-01 18:15:51', '2024-12-01 18:22:36'),
(6, 6, '50791-467', 'Rua Paulino de Farias', '0', '', 'Totó', 'Recife', 'PE', 'Brasil', '2024-12-01 18:15:52', '2024-12-02 10:32:31'),
(7, 7, '01000-000', 'Av. Paulista', '1000', '', 'Bela Vista', 'São Paulo', 'SP', 'Brasil', '2024-12-01 18:15:52', '2024-12-01 18:15:52'),
(8, 8, '01000-000', 'Av. Paulista', '1000', '', 'Bela Vista', 'São Paulo', 'SP', 'Brasil', '2024-12-01 18:15:52', '2024-12-01 18:15:52'),
(9, 9, '01000-000', 'Av. Paulista', '1000', '', 'Bela Vista', 'São Paulo', 'SP', 'Brasil', '2024-12-01 18:15:52', '2024-12-01 18:15:52'),
(10, 10, '76871-263', 'Avenida Machadinho', '0', '', 'Jardim Paulista', 'Ariquemes', 'RO', 'Brasil', '2024-12-01 18:15:52', '2024-12-07 18:11:18'),
(11, 11, '01000-000', 'Av. Paulista', '1000', '', 'Bela Vista', 'São Paulo', 'SP', 'Brasil', '2024-12-01 18:15:52', '2024-12-01 18:15:52'),
(12, 12, '01000-000', 'Av. Paulista', '1000', '', 'Bela Vista', 'São Paulo', 'SP', 'Brasil', '2024-12-01 18:15:52', '2024-12-01 18:15:52'),
(13, 13, '01000-000', 'Av. Paulista', '1000', '', 'Bela Vista', 'São Paulo', 'SP', 'Brasil', '2024-12-01 18:15:52', '2024-12-01 18:15:52'),
(14, 14, '01000-000', 'Av. Paulista', '1000', '', 'Bela Vista', 'São Paulo', 'SP', 'Brasil', '2024-12-01 18:15:52', '2024-12-01 18:15:52'),
(15, 15, '01000-000', 'Av. Paulista', '1000', '', 'Bela Vista', 'São Paulo', 'SP', 'Brasil', '2024-12-01 18:15:52', '2024-12-01 18:15:52'),
(16, 16, '01000-000', 'Av. Paulista', '1000', '', 'Bela Vista', 'São Paulo', 'SP', 'Brasil', '2024-12-01 18:15:52', '2024-12-01 18:15:52'),
(17, 17, '01000-000', 'Av. Paulista', '1000', '', 'Bela Vista', 'São Paulo', 'SP', 'Brasil', '2024-12-01 18:15:53', '2024-12-01 18:15:53'),
(18, 18, '01000-000', 'Av. Paulista', '1000', '', 'Bela Vista', 'São Paulo', 'SP', 'Brasil', '2024-12-01 18:15:53', '2024-12-01 18:15:53'),
(19, 19, '01000-000', 'Av. Paulista', '1000', '', 'Bela Vista', 'São Paulo', 'SP', 'Brasil', '2024-12-01 18:15:53', '2024-12-01 18:15:53'),
(20, 20, '01000-000', 'Av. Paulista', '1000', '', 'Bela Vista', 'São Paulo', 'SP', 'Brasil', '2024-12-01 18:15:53', '2024-12-01 18:15:53'),
(21, 21, '01000-000', 'Av. Paulista', '1000', '', 'Bela Vista', 'São Paulo', 'SP', 'Brasil', '2024-12-01 18:15:53', '2024-12-01 18:15:53'),
(22, 22, '01000-000', 'Av. Paulista', '1000', '', 'Bela Vista', 'São Paulo', 'SP', 'Brasil', '2024-12-01 18:15:53', '2024-12-01 18:15:53'),
(23, 23, '01000-000', 'Av. Paulista', '1000', '', 'Bela Vista', 'São Paulo', 'SP', 'Brasil', '2024-12-01 18:15:53', '2024-12-01 18:15:53'),
(24, 24, '01000-000', 'Av. Paulista', '1000', '', 'Bela Vista', 'São Paulo', 'SP', 'Brasil', '2024-12-01 18:15:53', '2024-12-01 18:15:53'),
(25, 25, '01000-000', 'Av. Paulista', '1000', '', 'Bela Vista', 'São Paulo', 'SP', 'Brasil', '2024-12-01 18:15:53', '2024-12-01 18:15:53'),
(26, 26, '01000-000', 'Av. Paulista', '1000', '', 'Bela Vista', 'São Paulo', 'SP', 'Brasil', '2024-12-01 18:15:53', '2024-12-01 18:15:53'),
(27, 27, '01000-000', 'Av. Paulista', '1000', '', 'Bela Vista', 'São Paulo', 'SP', 'Brasil', '2024-12-01 18:15:53', '2024-12-01 18:15:53'),
(28, 28, '01000-000', 'Av. Paulista', '1000', '', 'Bela Vista', 'São Paulo', 'SP', 'Brasil', '2024-12-01 18:15:53', '2024-12-01 18:15:53'),
(29, 29, '01000-000', 'Av. Paulista', '1000', '', 'Bela Vista', 'São Paulo', 'SP', 'Brasil', '2024-12-01 18:15:53', '2024-12-01 18:15:53'),
(30, 30, '01000-000', 'Av. Paulista', '1000', '', 'Bela Vista', 'São Paulo', 'SP', 'Brasil', '2024-12-01 18:15:53', '2024-12-01 18:15:53'),
(31, 31, '01000-000', 'Av. Paulista', '1000', '', 'Bela Vista', 'São Paulo', 'SP', 'Brasil', '2024-12-01 18:15:53', '2024-12-01 18:15:53'),
(32, 32, '01000-000', 'Av. Paulista', '1000', '', 'Bela Vista', 'São Paulo', 'SP', 'Brasil', '2024-12-01 18:15:54', '2024-12-01 18:15:54'),
(33, 33, '01000-000', 'Av. Paulista', '1000', '', 'Bela Vista', 'São Paulo', 'SP', 'Brasil', '2024-12-01 18:15:54', '2024-12-01 18:15:54'),
(34, 34, '01000-000', 'Av. Paulista', '1000', '', 'Bela Vista', 'São Paulo', 'SP', 'Brasil', '2024-12-01 18:15:54', '2024-12-01 18:15:54'),
(35, 35, '68903-854', 'Avenida Oitava', '0', '', 'Araxá', 'Macapá', 'AP', 'Brasil', '2024-12-01 18:15:54', '2024-12-23 16:18:21'),
(36, 36, '56509-405', 'Rua Padre Antônino Witschge', '0', '', 'São Miguel', 'Arcoverde', 'PE', 'Brasil', '2024-12-03 12:19:10', '2024-12-03 12:19:10');

-- --------------------------------------------------------

--
-- Estrutura da tabela `tb_contact_messages`
--

CREATE TABLE `tb_contact_messages` (
  `id` int(11) NOT NULL,
  `user_id` int(11) DEFAULT NULL,
  `firstname` varchar(255) NOT NULL,
  `lastname` varchar(255) NOT NULL,
  `email` varchar(255) NOT NULL,
  `phone` varchar(50) NOT NULL,
  `subject` varchar(255) NOT NULL,
  `message` text NOT NULL,
  `status` enum('pending','answered') DEFAULT 'pending',
  `admin_response` text DEFAULT NULL,
  `answered_in` timestamp NULL DEFAULT NULL,
  `created_at` timestamp NOT NULL DEFAULT current_timestamp()
) ENGINE=InnoDB DEFAULT CHARSET=utf8mb4;

-- --------------------------------------------------------

--
-- Estrutura da tabela `tb_customer_info`
--

CREATE TABLE `tb_customer_info` (
  `id` int(11) NOT NULL,
  `user_id` int(11) NOT NULL,
  `customer_id` varchar(50) DEFAULT NULL,
  `name` varchar(255) NOT NULL,
  `email` varchar(255) NOT NULL,
  `phone` varchar(20) NOT NULL,
  `cpf` varchar(14) NOT NULL,
  `cep` varchar(9) NOT NULL,
  `address` varchar(255) NOT NULL,
  `number` varchar(10) DEFAULT NULL,
  `complement` varchar(50) NOT NULL,
  `neighborhood` varchar(255) NOT NULL,
  `city` varchar(100) NOT NULL,
  `state` char(2) NOT NULL,
  `country` varchar(100) DEFAULT 'Brasil',
  `created_at` timestamp NOT NULL DEFAULT current_timestamp(),
  `updated_at` timestamp NOT NULL DEFAULT current_timestamp() ON UPDATE current_timestamp()
) ENGINE=InnoDB DEFAULT CHARSET=utf8mb4;

--
-- Extraindo dados da tabela `tb_customer_info`
--

INSERT INTO `tb_customer_info` (`id`, `user_id`, `customer_id`, `name`, `email`, `phone`, `cpf`, `cep`, `address`, `number`, `complement`, `neighborhood`, `city`, `state`, `country`, `created_at`, `updated_at`) VALUES
(1, 4, 'cus_000006376303', 'Teste 000', 'teste000@gmail.com', '(11) 11111-1111', '004.494.940-55', '97576-417', 'Avenida General Daltro Filho', '0', '', 'Jardins', 'Santana do Livramento', 'RS', 'Brasil', '2024-12-01 18:17:09', '2024-12-01 18:17:17'),
(2, 5, 'cus_000006379120', 'Teste 001', 'teste001@gmail.com', '(11) 11111-1111', '127.958.360-68', '76871-263', 'Avenida Machadinho', '0', '', 'Jardim Paulista', 'Ariquemes', 'RO', 'Brasil', '2024-12-01 18:22:36', '2024-12-03 19:22:06'),
(3, 6, 'cus_000006382413', 'Teste 002', 'teste002@gmail.com', '(11) 11111-1111', '210.887.470-43', '50791-467', 'Rua Paulino de Farias', '0', '', 'Totó', 'Recife', 'PE', 'Brasil', '2024-12-02 10:32:31', '2024-12-05 22:00:15'),
(4, 1, NULL, 'Admin 001', 'admin@admin.com', '(11) 11111-1111', '500.566.200-63', '57062-468', 'Rua Rafaela Omena', '0', '', 'Petrópolis', 'Maceió', 'AL', 'Brasil', '2024-12-07 08:01:00', '2024-12-07 08:01:00'),
(5, 2, NULL, 'Admin 002', 'admin002@admin.com', '(11) 11111-1111', '627.930.350-09', '78080-570', 'Rua Cinco', '0', '', 'São José', 'Cuiabá', 'MT', 'Brasil', '2024-12-07 08:06:36', '2024-12-07 08:06:36'),
(6, 3, 'cus_000006384148', 'Admin 003', 'admin003@admin.com', '(11) 11111-1111', '204.757.840-06', '80740-580', 'Rua José Scuissiato', '0', '', 'Seminário', 'Curitiba', 'PR', 'Brasil', '2024-12-07 08:09:25', '2024-12-07 08:09:33'),
(7, 10, 'cus_000006384425', 'Teste 006', 'teste006@gmail.com', '(11) 11111-1111', '854.501.930-09', '76871-263', 'Avenida Machadinho', '0', '', 'Jardim Paulista', 'Ariquemes', 'RO', 'Brasil', '2024-12-07 18:11:18', '2024-12-07 18:11:24'),
(8, 35, 'cus_000006415044', 'Teste 031', 'teste031@gmail.com', '(21) 97277-5758', '331.720.590-30', '68903-854', 'Avenida Oitava', '0', '', 'Araxá', 'Macapá', 'AP', 'Brasil', '2024-12-23 16:18:21', '2024-12-23 16:36:49');

-- --------------------------------------------------------

--
-- Estrutura da tabela `tb_donation_receipt`
--

CREATE TABLE `tb_donation_receipt` (
  `id` int(11) NOT NULL,
  `user_id` int(11) NOT NULL,
  `status` enum('pending','approved','rejected') NOT NULL DEFAULT 'pending',
  `proof` varchar(255) NOT NULL,
  `creation_date` timestamp NOT NULL DEFAULT current_timestamp()
) ENGINE=InnoDB DEFAULT CHARSET=utf8mb4;

-- --------------------------------------------------------

--
-- Estrutura da tabela `tb_draw_products`
--

CREATE TABLE `tb_draw_products` (
  `id` int(11) NOT NULL,
  `name` varchar(255) NOT NULL,
  `slug` varchar(255) NOT NULL
) ENGINE=InnoDB DEFAULT CHARSET=utf8mb4;

--
-- Extraindo dados da tabela `tb_draw_products`
--

INSERT INTO `tb_draw_products` (`id`, `name`, `slug`) VALUES
(1, 'Telesena', 'telesena'),
(2, 'Viva Sorte', 'viva_sorte'),
(3, 'Hiper Cap Brasil', 'hiper_cap_brasil');

-- --------------------------------------------------------

--
-- Estrutura da tabela `tb_draw_titles`
--

CREATE TABLE `tb_draw_titles` (
  `id` int(11) NOT NULL,
  `identifier` varchar(255) NOT NULL,
  `responsible` varchar(255) NOT NULL,
  `plan_id` int(11) NOT NULL,
  `updated_at` timestamp NOT NULL DEFAULT current_timestamp() ON UPDATE current_timestamp(),
  `created_at` timestamp NOT NULL DEFAULT current_timestamp()
) ENGINE=InnoDB DEFAULT CHARSET=utf8mb4;

--
-- Extraindo dados da tabela `tb_draw_titles`
--

INSERT INTO `tb_draw_titles` (`id`, `identifier`, `responsible`, `plan_id`, `updated_at`, `created_at`) VALUES
(1, 'Teste', 'Outros', 2, '2024-12-13 13:36:26', '2024-12-13 13:36:26'),
(2, 'Teste 1', 'Outros', 2, '2024-12-13 13:36:59', '2024-12-13 13:36:59'),
(3, 'Teste 3', 'Outros', 2, '2024-12-16 22:30:49', '2024-12-16 22:30:49'),
(4, 'Teste 4', 'Outros', 2, '2024-12-20 18:14:43', '2024-12-20 18:14:43'),
(5, 'Teste 5', 'Outros', 2, '2024-12-20 18:15:44', '2024-12-20 18:15:44'),
(6, 'Teste', 'Outros', 2, '2024-12-20 18:16:09', '2024-12-20 18:16:09'),
(7, 'Teste 10', 'Outros', 2, '2024-12-22 22:13:55', '2024-12-22 22:13:55'),
(8, 'Teste 10', 'Outros', 2, '2024-12-22 22:14:00', '2024-12-22 22:14:00'),
(9, 'Teste 10', 'Outros', 2, '2024-12-22 22:19:17', '2024-12-22 22:19:17'),
(10, 'Teste 10', 'Outros', 2, '2024-12-22 22:19:40', '2024-12-22 22:19:40'),
(11, 'Teste 11', 'Outros', 2, '2024-12-22 22:20:48', '2024-12-22 22:20:48'),
(12, 'Teste 12', 'Outros', 2, '2024-12-22 22:21:11', '2024-12-22 22:21:11'),
(13, 'Teste 13', 'Outros', 2, '2024-12-22 22:22:15', '2024-12-22 22:22:15');

-- --------------------------------------------------------

--
-- Estrutura da tabela `tb_draw_title_products`
--

CREATE TABLE `tb_draw_title_products` (
  `id` int(11) NOT NULL,
  `draw_title_id` int(11) NOT NULL,
  `product_id` int(11) NOT NULL,
  `title_id` varchar(255) NOT NULL,
  `title` varchar(255) NOT NULL,
  `draw_date` date NOT NULL,
  `operation_code` varchar(255) NOT NULL,
  `series` varchar(10) NOT NULL,
  `dv` varchar(2) NOT NULL,
  `lucky_number` varchar(10) NOT NULL,
  `updated_at` timestamp NOT NULL DEFAULT current_timestamp() ON UPDATE current_timestamp(),
  `created_at` timestamp NOT NULL DEFAULT current_timestamp()
) ENGINE=InnoDB DEFAULT CHARSET=utf8mb4;

--
-- Extraindo dados da tabela `tb_draw_title_products`
--

INSERT INTO `tb_draw_title_products` (`id`, `draw_title_id`, `product_id`, `title_id`, `title`, `draw_date`, `operation_code`, `series`, `dv`, `lucky_number`, `updated_at`, `created_at`) VALUES
(1, 1, 1, 'TS_50/24_10001', 'Telesena 1', '2024-12-15', 'Telesena 1', '1111111111', '11', '1111111111', '2024-12-13 13:36:26', '2024-12-13 13:36:26'),
(2, 2, 1, 'TS_50/24_10002', 'Telesena 1', '2024-12-15', 'Telesena 1', '1111111111', '11', '1111111111', '2024-12-13 13:36:59', '2024-12-13 13:36:59'),
(3, 3, 1, 'TS_51/24_10001', 'Telesena 1', '2024-12-22', 'Telesena 1', '1111111111', '11', '1111111111', '2024-12-16 22:30:49', '2024-12-16 22:30:49'),
(4, 4, 1, 'TS_52/24_10001', 'Telesena 1', '2024-12-29', 'Telesena 1', '1111111111', '11', '1111111111', '2024-12-20 18:14:43', '2024-12-20 18:14:43'),
(5, 5, 1, 'TS_01/24_10001', 'Telesena 1', '2024-12-30', 'Telesena 1', '1111111111', '11', '1111111111', '2024-12-20 18:15:44', '2024-12-20 18:15:44'),
(6, 6, 1, 'TS_01/25_10001', 'Telesena 1', '2025-01-05', 'Telesena 1', '1111111111', '11', '1111111111', '2024-12-20 18:16:09', '2024-12-20 18:16:09'),
(7, 7, 1, 'TS_05/25_10001', 'Telesena 1', '2025-02-02', 'Telesena 1', '1111111111', '11', '1111111111', '2024-12-22 22:13:55', '2024-12-22 22:13:55'),
(8, 8, 1, 'TS_05/25_10002', 'Telesena 1', '2025-02-02', 'Telesena 1', '1111111111', '11', '1111111111', '2024-12-22 22:14:00', '2024-12-22 22:14:00'),
(9, 9, 1, 'TS_05/25_10003', 'Telesena 1', '2025-02-02', 'Telesena 1', '1111111111', '11', '1111111111', '2024-12-22 22:19:17', '2024-12-22 22:19:17'),
(10, 10, 1, 'TS_05/25_10004', 'Telesena 1', '2025-02-02', 'Telesena 1', '1111111111', '11', '1111111111', '2024-12-22 22:19:40', '2024-12-22 22:19:40'),
(11, 11, 1, 'TS_06/25_10001', 'Telesena 1', '2025-02-09', 'Telesena 1', '1111111111', '11', '1111111111', '2024-12-22 22:20:48', '2024-12-22 22:20:48'),
(12, 12, 1, 'TS_07/25_10001', 'Telesena 1', '2025-02-16', 'Telesena 1', '1111111111', '11', '1111111111', '2024-12-22 22:21:13', '2024-12-22 22:21:13'),
(13, 13, 1, 'TS_08/25_10001', 'Telesena 1', '2025-02-23', 'Telesena 1', '1111111111', '11', '1111111111', '2024-12-22 22:22:15', '2024-12-22 22:22:15');

-- --------------------------------------------------------

--
-- Estrutura da tabela `tb_groups`
--

CREATE TABLE `tb_groups` (
  `id` int(11) NOT NULL,
  `title_id` int(11) NOT NULL,
  `identifier` varchar(255) DEFAULT NULL,
  `group_code` varchar(255) NOT NULL,
  `created_at` timestamp NOT NULL DEFAULT current_timestamp()
) ENGINE=InnoDB DEFAULT CHARSET=utf8mb4;

--
-- Extraindo dados da tabela `tb_groups`
--

INSERT INTO `tb_groups` (`id`, `title_id`, `identifier`, `group_code`, `created_at`) VALUES
(1, 1, 'Teste', 'GP 50/24_00000001', '2024-12-13 13:36:26'),
(2, 2, NULL, 'GP 50/24_00000002', '2024-12-13 13:36:59'),
(3, 3, NULL, 'GP 51/24_00000001', '2024-12-16 22:30:49'),
(4, 4, NULL, 'GP 52/24_00000001', '2024-12-20 18:14:43'),
(5, 5, NULL, 'GP 01/24_00000001', '2024-12-20 18:15:44'),
(6, 6, NULL, 'GP 01/25_00000001', '2024-12-20 18:16:09'),
(7, 7, NULL, 'GP 05/25_00000001', '2024-12-22 22:13:55'),
(8, 8, NULL, 'GP 05/25_00000002', '2024-12-22 22:14:00'),
(9, 9, NULL, 'GP 05/25_00000003', '2024-12-22 22:19:17'),
(10, 10, NULL, 'GP 05/25_00000004', '2024-12-22 22:19:40'),
(11, 11, NULL, 'GP 06/25_00000001', '2024-12-22 22:20:48'),
(12, 12, NULL, 'GP 07/25_00000001', '2024-12-22 22:21:14'),
(13, 13, NULL, 'GP 08/25_00000001', '2024-12-22 22:22:15');

-- --------------------------------------------------------

--
-- Estrutura da tabela `tb_group_users`
--

CREATE TABLE `tb_group_users` (
  `id` int(11) NOT NULL,
  `group_id` int(11) NOT NULL,
  `user_id` int(11) NOT NULL,
  `added_at` timestamp NOT NULL DEFAULT current_timestamp()
) ENGINE=InnoDB DEFAULT CHARSET=utf8mb4;

--
-- Extraindo dados da tabela `tb_group_users`
--

INSERT INTO `tb_group_users` (`id`, `group_id`, `user_id`, `added_at`) VALUES
(4, 1, 4, '2024-12-16 22:29:56'),
(5, 3, 4, '2024-12-16 22:30:49'),
(6, 3, 6, '2024-12-16 22:30:49'),
(7, 4, 6, '2024-12-20 18:14:43'),
(8, 4, 4, '2024-12-20 18:14:43'),
(9, 6, 4, '2024-12-20 18:16:09'),
(10, 6, 6, '2024-12-20 18:16:09'),
(11, 13, 4, '2024-12-22 22:22:15'),
(12, 13, 6, '2024-12-22 22:22:15');

-- --------------------------------------------------------

--
-- Estrutura da tabela `tb_networks`
--

CREATE TABLE `tb_networks` (
  `id` int(11) NOT NULL,
  `inviter_id` int(11) NOT NULL,
  `referrer_id` int(11) DEFAULT NULL,
  `created_at` timestamp NOT NULL DEFAULT current_timestamp()
) ENGINE=InnoDB DEFAULT CHARSET=utf8mb4;

--
-- Extraindo dados da tabela `tb_networks`
--

INSERT INTO `tb_networks` (`id`, `inviter_id`, `referrer_id`, `created_at`) VALUES
(1, 4, NULL, '2024-12-01 18:15:51'),
(2, 4, NULL, '2024-12-01 18:15:52'),
(3, 4, NULL, '2024-12-01 18:15:52'),
(4, 4, NULL, '2024-12-01 18:15:52'),
(5, 4, NULL, '2024-12-01 18:15:52'),
(6, 5, NULL, '2024-12-01 18:15:52'),
(7, 5, NULL, '2024-12-01 18:15:52'),
(8, 5, NULL, '2024-12-01 18:15:52'),
(9, 5, NULL, '2024-12-01 18:15:52'),
(10, 5, NULL, '2024-12-01 18:15:52'),
(11, 6, NULL, '2024-12-01 18:15:52'),
(12, 6, NULL, '2024-12-01 18:15:52'),
(13, 6, NULL, '2024-12-01 18:15:53'),
(14, 6, NULL, '2024-12-01 18:15:53'),
(15, 6, NULL, '2024-12-01 18:15:53'),
(16, 7, NULL, '2024-12-01 18:15:53'),
(17, 7, NULL, '2024-12-01 18:15:53'),
(18, 7, NULL, '2024-12-01 18:15:53'),
(19, 7, NULL, '2024-12-01 18:15:53'),
(20, 7, NULL, '2024-12-01 18:15:53'),
(21, 8, NULL, '2024-12-01 18:15:53'),
(22, 8, NULL, '2024-12-01 18:15:53'),
(23, 8, NULL, '2024-12-01 18:15:53'),
(24, 8, NULL, '2024-12-01 18:15:53'),
(25, 8, NULL, '2024-12-01 18:15:53'),
(26, 9, NULL, '2024-12-01 18:15:53'),
(27, 9, NULL, '2024-12-01 18:15:53'),
(28, 9, NULL, '2024-12-01 18:15:54'),
(29, 9, NULL, '2024-12-01 18:15:54'),
(30, 9, NULL, '2024-12-01 18:15:54'),
(31, 10, NULL, '2024-12-01 18:15:54');

-- --------------------------------------------------------

--
-- Estrutura da tabela `tb_notifications`
--

CREATE TABLE `tb_notifications` (
  `id` int(11) NOT NULL,
  `title` varchar(255) NOT NULL,
  `content` text NOT NULL,
  `type` enum('all','plan_users','selecteds') NOT NULL,
  `plan` int(11) DEFAULT NULL,
  `updated_at` timestamp NOT NULL DEFAULT current_timestamp() ON UPDATE current_timestamp(),
  `created_at` timestamp NOT NULL DEFAULT current_timestamp()
) ENGINE=InnoDB DEFAULT CHARSET=utf8mb4;

-- --------------------------------------------------------

--
-- Estrutura da tabela `tb_notification_recipients`
--

CREATE TABLE `tb_notification_recipients` (
  `id` int(11) NOT NULL,
  `notification_id` int(11) NOT NULL,
  `user_id` int(11) DEFAULT NULL,
  `is_read` tinyint(1) NOT NULL DEFAULT 0,
  `updated_at` timestamp NOT NULL DEFAULT current_timestamp() ON UPDATE current_timestamp(),
  `created_at` timestamp NOT NULL DEFAULT current_timestamp()
) ENGINE=InnoDB DEFAULT CHARSET=utf8mb4;

-- --------------------------------------------------------

--
-- Estrutura da tabela `tb_orders`
--

CREATE TABLE `tb_orders` (
  `id` int(11) NOT NULL,
  `user_id` int(11) NOT NULL,
  `customer_id` varchar(255) NOT NULL,
  `plan_id` int(11) NOT NULL,
  `cpf` varchar(14) NOT NULL,
  `order_date` datetime DEFAULT current_timestamp(),
  `order_status` enum('paid','pending','expired','canceled') NOT NULL,
  `total_amount` decimal(10,2) NOT NULL,
  `payment_method` varchar(50) DEFAULT NULL,
  `payment_status` varchar(50) DEFAULT NULL,
  `card_last_digits` varchar(4) DEFAULT NULL,
  `card_brand` varchar(20) DEFAULT NULL,
  `cep` varchar(10) NOT NULL,
  `address` varchar(255) NOT NULL,
  `number` varchar(10) DEFAULT NULL,
  `complement` varchar(255) DEFAULT NULL,
  `neighborhood` varchar(255) NOT NULL,
  `city` varchar(255) NOT NULL,
  `state` varchar(2) NOT NULL,
  `country` varchar(100) DEFAULT 'Brasil',
  `created_at` datetime DEFAULT current_timestamp(),
  `updated_at` datetime DEFAULT current_timestamp() ON UPDATE current_timestamp()
) ENGINE=InnoDB DEFAULT CHARSET=utf8mb4;

--
-- Extraindo dados da tabela `tb_orders`
--

INSERT INTO `tb_orders` (`id`, `user_id`, `customer_id`, `plan_id`, `cpf`, `order_date`, `order_status`, `total_amount`, `payment_method`, `payment_status`, `card_last_digits`, `card_brand`, `cep`, `address`, `number`, `complement`, `neighborhood`, `city`, `state`, `country`, `created_at`, `updated_at`) VALUES
(1, 4, 'cus_000006376303', 3, '004.494.940-55', '2024-12-01 15:17:17', 'paid', '0.00', 'only', 'ACTIVE', NULL, NULL, '97576-417', 'Avenida General Daltro Filho', '0', '', 'Jardins', 'Santana do Livramento', 'RS', 'Brasil', '2024-12-01 15:17:17', '2024-12-01 15:17:17'),
(2, 5, 'cus_000006379120', 3, '127.958.360-68', '2024-12-03 16:22:06', 'paid', '0.00', 'only', 'ACTIVE', NULL, NULL, '76871-263', 'Avenida Machadinho', '0', '', 'Jardim Paulista', 'Ariquemes', 'RO', 'Brasil', '2024-12-03 16:22:06', '2024-12-03 16:22:06'),
(3, 6, 'cus_000006382413', 3, '210.887.470-43', '2024-12-05 19:00:15', 'paid', '0.00', 'only', 'ACTIVE', NULL, NULL, '50791-467', 'Rua Paulino de Farias', '0', '', 'Totó', 'Recife', 'PE', 'Brasil', '2024-12-05 19:00:15', '2024-12-05 19:00:15'),
(4, 6, 'cus_000006382413', 1, '089.944.470-91', '2024-12-06 13:03:03', 'pending', '100.00', 'monthly', NULL, NULL, NULL, '50791-467', 'Rua Paulino de Farias', '0', '', 'Totó', 'Recife', 'PE', 'Brasil', '2024-12-06 13:03:03', '2024-12-06 13:03:03'),
(5, 6, 'cus_000006382413', 1, '089.944.470-91', '2024-12-06 13:04:09', 'pending', '100.00', 'monthly', NULL, NULL, NULL, '50791-467', 'Rua Paulino de Farias', '0', '', 'Totó', 'Recife', 'PE', 'Brasil', '2024-12-06 13:04:09', '2024-12-06 13:04:09'),
(6, 6, 'cus_000006382413', 1, '089.944.470-91', '2024-12-06 13:04:58', 'pending', '100.00', 'monthly', NULL, NULL, NULL, '50791-467', 'Rua Paulino de Farias', '0', '', 'Totó', 'Recife', 'PE', 'Brasil', '2024-12-06 13:04:58', '2024-12-06 13:04:58'),
(7, 6, 'cus_000006382413', 1, '089.944.470-91', '2024-12-06 13:05:49', 'pending', '100.00', 'monthly', NULL, NULL, NULL, '50791-467', 'Rua Paulino de Farias', '0', '', 'Totó', 'Recife', 'PE', 'Brasil', '2024-12-06 13:05:49', '2024-12-06 13:05:49'),
(8, 6, 'cus_000006382413', 1, '089.944.470-91', '2024-12-06 13:06:11', 'pending', '100.00', 'monthly', NULL, NULL, NULL, '50791-467', 'Rua Paulino de Farias', '0', '', 'Totó', 'Recife', 'PE', 'Brasil', '2024-12-06 13:06:11', '2024-12-06 13:06:11'),
(9, 6, 'cus_000006382413', 4, '089.944.470-91', '2024-12-06 13:12:17', 'pending', '200.00', 'monthly', NULL, NULL, NULL, '50791-467', 'Rua Paulino de Farias', '0', '', 'Totó', 'Recife', 'PE', 'Brasil', '2024-12-06 13:12:17', '2024-12-06 13:12:17'),
(10, 6, 'cus_000006382413', 4, '089.944.470-91', '2024-12-06 13:13:36', 'pending', '200.00', 'monthly', NULL, NULL, NULL, '50791-467', 'Rua Paulino de Farias', '0', '', 'Totó', 'Recife', 'PE', 'Brasil', '2024-12-06 13:13:36', '2024-12-06 13:13:36'),
(11, 6, 'cus_000006382413', 2, '089.944.470-91', '2024-12-06 13:15:55', 'pending', '50.00', 'monthly', NULL, NULL, NULL, '50791-467', 'Rua Paulino de Farias', '0', '', 'Totó', 'Recife', 'PE', 'Brasil', '2024-12-06 13:15:55', '2024-12-06 13:15:55'),
(12, 6, 'cus_000006382413', 1, '089.944.470-91', '2024-12-06 13:25:12', 'pending', '100.00', 'monthly', NULL, NULL, NULL, '50791-467', 'Rua Paulino de Farias', '0', '', 'Totó', 'Recife', 'PE', 'Brasil', '2024-12-06 13:25:12', '2024-12-06 13:25:12'),
(13, 6, 'cus_000006382413', 4, '004.494.940-55', '2024-12-06 13:26:34', 'pending', '200.00', 'monthly', NULL, NULL, NULL, '50791-467', 'Rua Paulino de Farias', '0', '', 'Totó', 'Recife', 'PE', 'Brasil', '2024-12-06 13:26:34', '2024-12-06 13:26:34'),
(14, 6, 'cus_000006382413', 4, '004.494.940-55', '2024-12-06 13:30:04', 'pending', '200.00', 'monthly', 'ACTIVE', NULL, NULL, '50791-467', 'Rua Paulino de Farias', '0', '', 'Totó', 'Recife', 'PE', 'Brasil', '2024-12-06 13:30:04', '2024-12-06 13:30:05'),
(15, 6, 'cus_000006382413', 4, '004.494.940-55', '2024-12-06 13:36:40', 'pending', '200.00', 'monthly', 'ACTIVE', NULL, NULL, '50791-467', 'Rua Paulino de Farias', '0', '', 'Totó', 'Recife', 'PE', 'Brasil', '2024-12-06 13:36:40', '2024-12-06 13:36:50'),
(16, 6, 'cus_000006382413', 4, '004.494.940-55', '2024-12-06 13:37:19', 'pending', '200.00', 'monthly', 'ACTIVE', NULL, NULL, '50791-467', 'Rua Paulino de Farias', '0', '', 'Totó', 'Recife', 'PE', 'Brasil', '2024-12-06 13:37:19', '2024-12-06 13:37:20'),
(17, 6, 'cus_000006382413', 1, '004.494.940-55', '2024-12-06 13:39:02', 'pending', '100.00', 'monthly', 'ACTIVE', NULL, NULL, '50791-467', 'Rua Paulino de Farias', '0', '', 'Totó', 'Recife', 'PE', 'Brasil', '2024-12-06 13:39:02', '2024-12-06 13:39:02'),
(18, 6, 'cus_000006382413', 2, '210.887.470-43', '2024-12-06 16:43:31', 'paid', '50.00', 'monthly', NULL, NULL, NULL, '50791-467', 'Rua Paulino de Farias', '0', '', 'Totó', 'Recife', 'PE', 'Brasil', '2024-12-06 16:43:31', '2024-12-06 16:43:31'),
(19, 6, 'cus_000006382413', 2, '210.887.470-43', '2024-12-06 16:43:31', 'paid', '50.00', 'monthly', 'ACTIVE', NULL, NULL, '50791-467', 'Rua Paulino de Farias', '0', '', 'Totó', 'Recife', 'PE', 'Brasil', '2024-12-06 16:43:31', '2024-12-06 16:43:31'),
(20, 6, 'cus_000006382413', 4, '004.494.940-55', '2024-12-06 17:08:12', 'pending', '200.00', 'pix', 'ACTIVE', NULL, NULL, '50791-467', 'Rua Paulino de Farias', '0', '', 'Totó', 'Recife', 'PE', 'Brasil', '2024-12-06 17:08:12', '2024-12-06 17:08:13'),
(21, 6, 'cus_000006382413', 2, '004.494.940-55', '2024-12-06 17:15:07', 'pending', '50.00', 'pix', NULL, NULL, NULL, '50791-467', 'Rua Paulino de Farias', '0', '', 'Totó', 'Recife', 'PE', 'Brasil', '2024-12-06 17:15:07', '2024-12-06 17:15:07'),
(22, 6, 'cus_000006382413', 1, '004.494.940-55', '2024-12-06 17:16:17', 'pending', '100.00', 'pix', NULL, NULL, NULL, '50791-467', 'Rua Paulino de Farias', '0', '', 'Totó', 'Recife', 'PE', 'Brasil', '2024-12-06 17:16:17', '2024-12-06 17:16:17'),
(23, 6, 'cus_000006382413', 4, '205.532.407-14', '2024-12-06 17:21:13', 'pending', '200.00', 'pix', NULL, NULL, NULL, '50791-467', 'Rua Paulino de Farias', '0', '', 'Totó', 'Recife', 'PE', 'Brasil', '2024-12-06 17:21:13', '2024-12-06 17:21:13'),
(24, 6, 'cus_000006382413', 2, '004.494.940-55', '2024-12-06 17:27:19', 'pending', '50.00', 'pix', NULL, NULL, NULL, '50791-467', 'Rua Paulino de Farias', '0', '', 'Totó', 'Recife', 'PE', 'Brasil', '2024-12-06 17:27:19', '2024-12-06 17:27:19'),
(25, 6, 'cus_000006382413', 1, '004.494.940-55', '2024-12-06 17:30:44', '', '100.00', 'pix', NULL, NULL, NULL, '50791-467', 'Rua Paulino de Farias', '0', '', 'Totó', 'Recife', 'PE', 'Brasil', '2024-12-06 17:30:44', '2024-12-06 17:31:05'),
(26, 6, 'cus_000006382413', 4, '004.494.940-55', '2024-12-06 17:34:16', 'paid', '200.00', 'pix', 'ACTIVE', NULL, NULL, '50791-467', 'Rua Paulino de Farias', '0', '', 'Totó', 'Recife', 'PE', 'Brasil', '2024-12-06 17:34:16', '2024-12-06 17:34:44'),
(27, 6, 'cus_000006382413', 2, '004.494.940-55', '2024-12-06 17:37:03', 'paid', '50.00', 'pix', 'ACTIVE', NULL, NULL, '50791-467', 'Rua Paulino de Farias', '0', '', 'Totó', 'Recife', 'PE', 'Brasil', '2024-12-06 17:37:03', '2024-12-06 17:37:14'),
(28, 6, 'cus_000006382413', 4, '004.494.940-55', '2024-12-06 17:40:44', 'paid', '200.00', 'pix', 'ACTIVE', NULL, NULL, '50791-467', 'Rua Paulino de Farias', '0', '', 'Totó', 'Recife', 'PE', 'Brasil', '2024-12-06 17:40:44', '2024-12-06 17:41:05'),
(29, 6, 'cus_000006382413', 1, '834.852.800-89', '2024-12-06 17:47:09', 'pending', '100.00', 'card', 'ACTIVE', '4242', 'VISA', '50791-467', 'Rua Paulino de Farias', '0', '', 'Totó', 'Recife', 'PE', 'Brasil', '2024-12-06 17:47:09', '2024-12-06 17:47:09'),
(30, 6, 'cus_000006382413', 2, '004.494.940-55', '2024-12-06 17:49:27', 'paid', '50.00', 'pix', 'ACTIVE', NULL, NULL, '50791-467', 'Rua Paulino de Farias', '0', '', 'Totó', 'Recife', 'PE', 'Brasil', '2024-12-06 17:49:27', '2024-12-06 17:49:51'),
(31, 6, 'cus_000006382413', 4, '097.064.820-08', '2024-12-06 17:53:16', 'paid', '200.00', 'pix', 'ACTIVE', NULL, NULL, '50791-467', 'Rua Paulino de Farias', '0', '', 'Totó', 'Recife', 'PE', 'Brasil', '2024-12-06 17:53:16', '2024-12-06 17:53:39'),
(32, 6, 'cus_000006382413', 1, '004.494.940-55', '2024-12-06 17:54:41', 'paid', '100.00', 'pix', 'ACTIVE', NULL, NULL, '50791-467', 'Rua Paulino de Farias', '0', '', 'Totó', 'Recife', 'PE', 'Brasil', '2024-12-06 17:54:41', '2024-12-06 17:55:14'),
(33, 3, 'cus_000006384148', 3, '204.757.840-06', '2024-12-07 05:09:33', 'paid', '0.00', 'only', 'ACTIVE', NULL, NULL, '80740-580', 'Rua José Scuissiato', '0', '', 'Seminário', 'Curitiba', 'PR', 'Brasil', '2024-12-07 05:09:33', '2024-12-07 05:09:33'),
(34, 3, 'cus_000006384148', 3, '204.757.840-06', '2024-12-07 05:10:57', 'paid', '0.00', 'only', 'ACTIVE', NULL, NULL, '80740-580', 'Rua José Scuissiato', '0', '', 'Seminário', 'Curitiba', 'PR', 'Brasil', '2024-12-07 05:10:57', '2024-12-07 05:10:57'),
(35, 10, 'cus_000006384425', 3, '854.501.930-09', '2024-12-07 15:11:24', 'paid', '0.00', 'only', 'ACTIVE', NULL, NULL, '76871-263', 'Avenida Machadinho', '0', '', 'Jardim Paulista', 'Ariquemes', 'RO', 'Brasil', '2024-12-07 15:11:24', '2024-12-07 15:11:24'),
(36, 10, 'cus_000006384425', 1, '854.501.930-09', '2024-12-07 15:19:34', 'paid', '100.00', 'pix', 'ACTIVE', NULL, NULL, '76871-263', 'Avenida Machadinho', '0', '', 'Jardim Paulista', 'Ariquemes', 'RO', 'Brasil', '2024-12-07 15:19:34', '2024-12-07 15:19:55'),
(37, 6, 'cus_000006382413', 2, '004.494.940-55', '2024-12-13 11:16:52', 'paid', '50.00', 'pix', 'ACTIVE', NULL, NULL, '50791-467', 'Rua Paulino de Farias', '0', '', 'Totó', 'Recife', 'PE', 'Brasil', '2024-12-13 11:16:52', '2024-12-13 11:17:24'),
(38, 6, 'cus_000006382413', 1, '004.494.940-55', '2024-12-13 11:25:21', 'paid', '100.00', 'pix', 'ACTIVE', NULL, NULL, '50791-467', 'Rua Paulino de Farias', '0', '', 'Totó', 'Recife', 'PE', 'Brasil', '2024-12-13 11:25:21', '2024-12-13 11:25:33'),
(39, 6, 'cus_000006382413', 2, '004.494.940-55', '2024-12-13 11:25:55', 'paid', '50.00', 'pix', 'ACTIVE', NULL, NULL, '50791-467', 'Rua Paulino de Farias', '0', '', 'Totó', 'Recife', 'PE', 'Brasil', '2024-12-13 11:25:55', '2024-12-13 11:26:07'),
(40, 4, 'cus_000006376303', 4, '205.532.407-14', '2024-12-16 19:28:37', 'pending', '200.00', 'card', 'ACTIVE', '4242', 'VISA', '97576-417', 'Avenida General Daltro Filho', '0', '', 'Jardins', 'Santana do Livramento', 'RS', 'Brasil', '2024-12-16 19:28:37', '2024-12-16 19:28:37'),
(41, 4, 'cus_000006376303', 2, '205.532.407-14', '2024-12-16 19:29:30', 'pending', '50.00', 'card', 'ACTIVE', '4242', 'VISA', '97576-417', 'Avenida General Daltro Filho', '0', '', 'Jardins', 'Santana do Livramento', 'RS', 'Brasil', '2024-12-16 19:29:30', '2024-12-16 19:29:30'),
(42, 35, 'cus_000006415044', 4, '331.720.590-30', '2024-12-23 13:18:34', 'pending', '200.00', 'pix', NULL, NULL, NULL, '68903-854', 'Avenida Oitava', '0', '', 'Araxá', 'Macapá', 'AP', 'Brasil', '2024-12-23 13:18:34', '2024-12-23 13:18:34'),
(43, 35, 'cus_000006415044', 4, '331.720.590-30', '2024-12-23 13:21:03', 'pending', '200.00', 'pix', NULL, NULL, NULL, '68903-854', 'Avenida Oitava', '0', '', 'Araxá', 'Macapá', 'AP', 'Brasil', '2024-12-23 13:21:03', '2024-12-23 13:21:03'),
(44, 35, 'cus_000006415044', 4, '331.720.590-30', '2024-12-23 13:36:59', 'pending', '200.00', 'pix', NULL, NULL, NULL, '68903-854', 'Avenida Oitava', '0', '', 'Araxá', 'Macapá', 'AP', 'Brasil', '2024-12-23 13:36:59', '2024-12-23 13:36:59'),
(45, 35, 'cus_000006415044', 4, '331.720.590-30', '2024-12-23 18:03:13', 'pending', '200.00', 'pix', NULL, NULL, NULL, '68903-854', 'Avenida Oitava', '0', '', 'Araxá', 'Macapá', 'AP', 'Brasil', '2024-12-23 18:03:13', '2024-12-23 18:03:13'),
(46, 35, 'cus_000006415044', 4, '331.720.590-30', '2024-12-23 18:06:43', 'pending', '200.00', 'pix', NULL, NULL, NULL, '68903-854', 'Avenida Oitava', '0', '', 'Araxá', 'Macapá', 'AP', 'Brasil', '2024-12-23 18:06:43', '2024-12-23 18:06:43'),
(47, 35, 'cus_000006415044', 1, '331.720.590-30', '2024-12-24 00:49:07', 'pending', '100.00', 'pix', NULL, NULL, NULL, '68903-854', 'Avenida Oitava', '0', '', 'Araxá', 'Macapá', 'AP', 'Brasil', '2024-12-24 00:49:07', '2024-12-24 00:49:07'),
(48, 35, 'cus_000006415044', 1, '331.720.590-30', '2024-12-24 00:50:05', 'pending', '100.00', 'pix', NULL, NULL, NULL, '68903-854', 'Avenida Oitava', '0', '', 'Araxá', 'Macapá', 'AP', 'Brasil', '2024-12-24 00:50:05', '2024-12-24 00:50:05'),
(49, 35, 'cus_000006415044', 1, '331.720.590-30', '2024-12-24 00:51:31', 'pending', '100.00', 'pix', NULL, NULL, NULL, '68903-854', 'Avenida Oitava', '0', '', 'Araxá', 'Macapá', 'AP', 'Brasil', '2024-12-24 00:51:31', '2024-12-24 00:51:31'),
(50, 35, 'cus_000006415044', 1, '331.720.590-30', '2024-12-24 00:55:04', 'pending', '100.00', 'pix', NULL, NULL, NULL, '68903-854', 'Avenida Oitava', '0', '', 'Araxá', 'Macapá', 'AP', 'Brasil', '2024-12-24 00:55:04', '2024-12-24 00:55:04'),
(51, 35, 'cus_000006415044', 1, '331.720.590-30', '2024-12-24 00:55:19', 'pending', '100.00', 'pix', NULL, NULL, NULL, '68903-854', 'Avenida Oitava', '0', '', 'Araxá', 'Macapá', 'AP', 'Brasil', '2024-12-24 00:55:19', '2024-12-24 00:55:19'),
(52, 35, 'cus_000006415044', 4, '331.720.590-30', '2024-12-24 00:58:11', 'pending', '200.00', 'pix', NULL, NULL, NULL, '68903-854', 'Avenida Oitava', '0', '', 'Araxá', 'Macapá', 'AP', 'Brasil', '2024-12-24 00:58:11', '2024-12-24 00:58:11'),
(53, 35, 'cus_000006415044', 1, '331.720.590-30', '2024-12-24 00:59:27', 'pending', '100.00', 'pix', NULL, NULL, NULL, '68903-854', 'Avenida Oitava', '0', '', 'Araxá', 'Macapá', 'AP', 'Brasil', '2024-12-24 00:59:27', '2024-12-24 00:59:27'),
(54, 35, 'cus_000006415044', 1, '331.720.590-30', '2024-12-24 01:02:15', 'pending', '100.00', 'card', 'ACTIVE', '4242', 'VISA', '68903-854', 'Avenida Oitava', '0', '', 'Araxá', 'Macapá', 'AP', 'Brasil', '2024-12-24 01:02:15', '2024-12-24 01:02:15');

-- --------------------------------------------------------

--
-- Estrutura da tabela `tb_permissions`
--

CREATE TABLE `tb_permissions` (
  `id` int(11) NOT NULL,
  `permission_name` varchar(50) NOT NULL
) ENGINE=InnoDB DEFAULT CHARSET=utf8mb4;

--
-- Extraindo dados da tabela `tb_permissions`
--

INSERT INTO `tb_permissions` (`id`, `permission_name`) VALUES
(2, 'edit_content'),
(1, 'manage_users'),
(3, 'use_content');

-- --------------------------------------------------------

--
-- Estrutura da tabela `tb_plans`
--

CREATE TABLE `tb_plans` (
  `id` int(11) NOT NULL,
  `name` varchar(100) NOT NULL,
  `slug` varchar(50) NOT NULL,
  `price` decimal(10,2) NOT NULL,
  `cycle` enum('monthly','only') NOT NULL,
  `description` text DEFAULT NULL,
  `items_included` text DEFAULT NULL,
  `item_description` text DEFAULT NULL,
  `created_at` timestamp NOT NULL DEFAULT current_timestamp(),
  `updated_at` timestamp NOT NULL DEFAULT current_timestamp() ON UPDATE current_timestamp()
) ENGINE=InnoDB DEFAULT CHARSET=utf8mb4;

--
-- Extraindo dados da tabela `tb_plans`
--

INSERT INTO `tb_plans` (`id`, `name`, `slug`, `price`, `cycle`, `description`, `items_included`, `item_description`, `created_at`, `updated_at`) VALUES
(1, 'Ouro', 'gold', '100.00', 'monthly', '6 títulos de Capitalização DIGITAL', '[\"2 Tele Sena Semanal\", \"2 HiperCap Brasil\", \"2 Viva Sorte\"]', '4 semanas com 24 títulos 30 dias de assinatura', '2024-09-02 08:34:13', '2024-09-02 08:34:13'),
(2, 'Prata', 'silver', '50.00', 'monthly', '3 títulos de Capitalização DIGITAL', '[\"1 Tele Sena Semanal\", \"1 HiperCap Brasil\", \"1 Viva Sorte\"]', '4 semanas com 12 títulos 30 dias de assinatura', '2024-09-02 08:34:13', '2024-09-02 08:34:13'),
(3, 'Bronze', 'bronze', '0.00', 'only', '3 títulos de Capitalização DIGITAL', '[\"1 Tele Sena Semanal\", \"1 HiperCap Brasil\", \"1 Viva Sorte\"]', '1 semanas com 3 títulos 30 dias de assinatura', '2024-09-02 08:34:13', '2024-10-04 11:04:17'),
(4, 'Diamante', 'diamond', '200.00', 'monthly', '9 títulos de Capitalização DIGITAL', '[\"3 Tele Sena Semanal\", \"3 HiperCap Brasil\", \"3 Viva Sorte\"]', '4 semanas com 36 títulos 30 dias de assinatura', '2024-09-24 08:34:13', '2024-09-24 08:34:13');

-- --------------------------------------------------------

--
-- Estrutura da tabela `tb_roles`
--

CREATE TABLE `tb_roles` (
  `id` int(11) NOT NULL,
  `role_name` varchar(50) NOT NULL
) ENGINE=InnoDB DEFAULT CHARSET=utf8mb4;

--
-- Extraindo dados da tabela `tb_roles`
--

INSERT INTO `tb_roles` (`id`, `role_name`) VALUES
(1, 'Admin'),
(2, 'Editor'),
(3, 'User');

-- --------------------------------------------------------

--
-- Estrutura da tabela `tb_role_permissions`
--

CREATE TABLE `tb_role_permissions` (
  `role_id` int(11) NOT NULL,
  `permission_id` int(11) NOT NULL
) ENGINE=InnoDB DEFAULT CHARSET=utf8mb4;

--
-- Extraindo dados da tabela `tb_role_permissions`
--

INSERT INTO `tb_role_permissions` (`role_id`, `permission_id`) VALUES
(1, 1),
(1, 2),
(1, 3),
(2, 2),
(2, 3),
(3, 3);

-- --------------------------------------------------------

--
-- Estrutura da tabela `tb_subscriptions`
--

CREATE TABLE `tb_subscriptions` (
  `id` int(11) NOT NULL,
  `user_id` int(11) NOT NULL,
  `plan_id` int(11) NOT NULL,
  `customer_id` varchar(100) NOT NULL,
  `order_id` int(11) NOT NULL,
  `subscription_id` varchar(100) NOT NULL,
  `payment_id` varchar(100) NOT NULL,
  `cpf` varchar(14) NOT NULL,
  `cycle` enum('monthly','only') DEFAULT NULL,
  `price` decimal(10,2) NOT NULL DEFAULT 0.00,
  `payment_method` varchar(50) NOT NULL,
  `payment_status` varchar(50) DEFAULT NULL,
  `link_pagamento` longtext DEFAULT NULL,
  `status` enum('ACTIVE','INACTIVE','EXPIRED','CANCELED') NOT NULL,
  `creation_date` date DEFAULT current_timestamp(),
  `due_date` date NOT NULL,
  `payment_date` datetime DEFAULT NULL,
  `pix_encoded_image` longtext DEFAULT NULL,
  `pix_code` longtext DEFAULT NULL,
  `pix_expiration_date` datetime DEFAULT NULL,
  `card_last_digits` char(4) DEFAULT NULL,
  `card_brand` varchar(100) DEFAULT NULL,
  `created_at` datetime DEFAULT current_timestamp(),
  `updated_at` datetime DEFAULT current_timestamp() ON UPDATE current_timestamp()
) ENGINE=InnoDB DEFAULT CHARSET=utf8mb4;

--
-- Extraindo dados da tabela `tb_subscriptions`
--

INSERT INTO `tb_subscriptions` (`id`, `user_id`, `plan_id`, `customer_id`, `order_id`, `subscription_id`, `payment_id`, `cpf`, `cycle`, `price`, `payment_method`, `payment_status`, `link_pagamento`, `status`, `creation_date`, `due_date`, `payment_date`, `pix_encoded_image`, `pix_code`, `pix_expiration_date`, `card_last_digits`, `card_brand`, `created_at`, `updated_at`) VALUES
(1, 4, 3, 'cus_000006376303', 1, '', 'free_subs_1733077037', '004.494.940-55', 'only', '0.00', 'FREE_PLAN', 'PAID', NULL, 'INACTIVE', '2024-12-01', '2025-01-01', NULL, NULL, NULL, NULL, NULL, NULL, '2024-12-01 15:17:17', '2024-12-16 19:28:37'),
(2, 5, 3, 'cus_000006379120', 2, '', 'free_subs_1733253726', '127.958.360-68', 'only', '0.00', 'FREE_PLAN', 'PAID', NULL, 'ACTIVE', '2024-12-03', '2025-01-03', NULL, NULL, NULL, NULL, NULL, NULL, '2024-12-03 16:22:06', '2024-12-07 04:38:08'),
(3, 6, 3, 'cus_000006382413', 3, '', 'free_subs_1733436015', '210.887.470-43', 'only', '0.00', 'FREE_PLAN', 'PAID', NULL, 'INACTIVE', '2024-12-05', '2025-01-05', NULL, NULL, NULL, NULL, NULL, NULL, '2024-12-05 19:00:15', '2024-12-06 16:43:32'),
(4, 6, 1, 'cus_000006382413', 5, '', 'subs_test_1733501049', '089.944.470-91', 'monthly', '100.00', 'CREDIT_CARD', NULL, NULL, 'INACTIVE', '2024-12-06', '2025-01-06', NULL, NULL, NULL, NULL, '4242', 'VISA', '2024-12-06 13:04:09', '2024-12-06 16:43:32'),
(5, 6, 1, 'cus_000006382413', 6, '', 'subs_test_1733501098', '089.944.470-91', 'monthly', '100.00', 'CREDIT_CARD', NULL, NULL, 'INACTIVE', '2024-12-06', '2025-01-06', NULL, NULL, NULL, NULL, '4242', 'VISA', '2024-12-06 13:04:58', '2024-12-06 16:43:32'),
(6, 6, 1, 'cus_000006382413', 7, '', 'subs_test_1733501149', '089.944.470-91', 'monthly', '100.00', 'CREDIT_CARD', NULL, NULL, 'INACTIVE', '2024-12-06', '2025-01-06', NULL, NULL, NULL, NULL, '4242', 'VISA', '2024-12-06 13:05:49', '2024-12-06 16:43:32'),
(7, 6, 1, 'cus_000006382413', 8, '', 'subs_test_1733501171', '089.944.470-91', 'monthly', '100.00', 'CREDIT_CARD', NULL, NULL, 'INACTIVE', '2024-12-06', '2025-01-06', NULL, NULL, NULL, NULL, '4242', 'VISA', '2024-12-06 13:06:11', '2024-12-06 16:43:32'),
(8, 6, 4, 'cus_000006382413', 9, '', 'subs_test_1733501537', '089.944.470-91', 'monthly', '200.00', 'CREDIT_CARD', NULL, NULL, 'INACTIVE', '2024-12-06', '2025-01-06', NULL, NULL, NULL, NULL, '4242', 'VISA', '2024-12-06 13:12:17', '2024-12-06 16:43:32'),
(9, 6, 4, 'cus_000006382413', 10, '', 'subs_test_1733501616', '089.944.470-91', 'monthly', '200.00', 'CREDIT_CARD', NULL, NULL, 'INACTIVE', '2024-12-06', '2025-01-06', NULL, NULL, NULL, NULL, '4242', 'VISA', '2024-12-06 13:13:36', '2024-12-06 16:43:32'),
(10, 6, 2, 'cus_000006382413', 11, '', 'subs_test_1733501755', '089.944.470-91', 'monthly', '50.00', 'CREDIT_CARD', NULL, NULL, 'INACTIVE', '2024-12-06', '2025-01-06', NULL, NULL, NULL, NULL, '4242', 'VISA', '2024-12-06 13:15:55', '2024-12-06 16:43:32'),
(11, 6, 1, 'cus_000006382413', 12, '', 'subs_test_1733502312', '089.944.470-91', 'monthly', '100.00', 'CREDIT_CARD', NULL, NULL, 'INACTIVE', '2024-12-06', '2025-01-06', NULL, NULL, NULL, NULL, '4242', 'VISA', '2024-12-06 13:25:12', '2024-12-06 16:43:32'),
(12, 6, 4, 'cus_000006382413', 14, '', 'sub_y71w9x8kvna98ip9', '004.494.940-55', 'monthly', '200.00', 'PIX', NULL, NULL, 'INACTIVE', '2024-12-06', '2025-01-06', NULL, NULL, NULL, NULL, NULL, NULL, '2024-12-06 13:30:05', '2024-12-06 16:43:32'),
(13, 6, 4, 'cus_000006382413', 15, '', 'sub_6ce8xalmizltl4ev', '004.494.940-55', 'monthly', '200.00', 'PIX', NULL, NULL, 'INACTIVE', '2024-12-06', '2025-01-06', NULL, NULL, NULL, NULL, NULL, NULL, '2024-12-06 13:36:50', '2024-12-06 16:43:32'),
(14, 6, 4, 'cus_000006382413', 16, '', 'sub_h0z9wi9a4xopdvsn', '004.494.940-55', 'monthly', '200.00', 'PIX', NULL, NULL, 'INACTIVE', '2024-12-06', '2025-01-06', NULL, 'iVBORw0KGgoAAAANSUhEUgAAAYsAAAGLCAIAAAC5gincAAAOXklEQVR42u3aUY4rNxADQN//0skNAgSrZlOa4u9s7LHUKj2A+f0jItKanyUQEUKJiBBKRAglIkIoESGUiAihREQIJSKEEhEhlIgQSkSEUCIihBIRQomIEEpECCUiQigREUKJCKFERAglIoQSESGUiAihRIRQIiLlQv1S+e/v/ctb/a9P/stqbH3U1ktubejcD/zLqJTMc+yEEopQhCIUoQhFKEIRilCEIhShCEUoQhGKUB8WKvbJc8rEhiPXjFS+89ZbzUlRcnBKTiihCEUoQhGKUIQiFKEIRShCEYpQhCIUoQhFqIHjffCT57ahpBkp+aiDv3eOs5KStKSO3Fo6QhGKUIQiFKEIRShCEYpQhCIUoQhFKEIRilADv/8K+0qKv63eM7b7c997xSVKKEIRilCEIhShCEUoQhGKUIQiFKEIRShCEYpQf36rmBSxnii2Vlv7e/AHxras5CmhCEUoQhGKUIQiFKEIRShCEYpQhCIUoQhFqO0maG6wYm3O1hdt/YS5au+gQXNvdfCdY7twx9knFKEIRShCEYpQhCIUoQhFKEIRilCEIhSh7hYqtt+eeuppuI2N1dyE8tRTQhGKUJ56SihCeeqpp4QilKeeEuo2obYyx9nBFmmrcCyZwtiVE+s9Dw7DVrV3x+kmFKEIRShCEYpQhCIUoQhFKEIRilCEIhShnhJqq60rmf45sB7IQSkOnue5P56bydhqPNjlEYpQhCIUoQhFKEIRilCEIhShCEUoQhGKUAsGba1drETb+uTYHs31UyU/YQudkncuqRQJRShCEYpQhCIUoQhFKEIRilCEIhShCEWoy7u8zk2aG7tYlTlnwdbSzc33wbfaaidjF9Lc8BOKUIQiFKEIRShCEYpQhCIUoQhFKEIRilBfEmqu24oVjp0Ez43d3Ermup6lkxO7RUq6aUIRilCEIhShCEUoQhGKUIQiFKEIRShCEYpQ8b7mxhplDqytLi+GbAmjW3dMybEqpZ9QhCIUoQhFKEIRilCEIhShCEUoQhGKUIS6TKiSMitWwWwdhli1N7ewMQpL7phYa/ZeZ0ooQhGKUIQiFKEIRShCEYpQhCIUoQhFKEJ9qcu7sSabK2g6r41YYgsb+96S0jB2lxOKUIQiFKEIRShCEYpQhCIUoQhFKEIRilAfFupguTNXwMU4i23/FdM/t1adVddWdxlbHEIRilCEIhShCEUoQhGKUIQiFKEIRShCEYpQ24cw1lBsFUNbFdvchm41fVtv1dnHdV4bhCIUoQhFKEIRilCEIhShCEUoQhGKUIQi1FtCxcZ9q4M4OO4lbl5R/M398dZcbf382B1DKEIRilCEIhShCEUoQhGKUIQiFKEIRShCEaqsNykBq6SgOdiazX3U1i5c0fNewQqhCEUoQhGKUIQiFKEIRShCEYpQhCIUoQhFqPmRndvRLUe2ir+tPdq6zGJ1c8kOzm1ZTDdCEYpQhCIUoQhFKEIRilCEIhShCEUoQhHqLaHmDvAWWO/1U51NbsnUxVrvkjpyznpCEYpQhCIUoQhFKEIRilCEIhShCEUoQhHqaaG2jvcVXU/JUMZO7JwysU/e0vzGlRzUnFCEIhShCEUoQhGKUIQiFKEIRShCEYpQhLpbqFi5E2soSg5SbNnnGL2RldhqlJRoJSEUoQhFKEIRilCEIhShCEUoQhGKUIQiFKFuE6qkGoiVhrGnc5zF+J7rarfAmrtTY2X03JYRilCEIhShCEUoQhGKUIQiFKEIRShCEYpQHxbqioEuOSqxtdryOnY/zd0xJZfKVrVXUhoSilCEIhShCEUoQhGKUIQiFKEIRShCEYpQbwk1d2K3JjhWdMbOxm8sMaFiRVjsNWLTXlKSEopQhCIUoQhFKEIRilCEIhShCEUoQhGKUF8SaoukOWVihyG2KbEmaG5htyrUWA0ac2RtYglFKEIRilCEIhShCEUoQhGKUIQiFKEIRai7hYrVN3N1RkmpFHuruaMSq6tKLoaDX7TV5c0BTShCEYpQhCIUoQhFKEIRilCEIhShCEUoQn1JqK0TG1voLYNiSxej4SCUW7MRG+CSiu2FLo9QhCIUoQhFKEIRilCEIhShCEUoQhGKUIQaEWrreM8xGvtvr8A9tvtbms+VaFvvXPJFhCIUoQhFKEIRilCEIhShCEUoQhGKUIQi1JeEmqtvYhOcayhSJ+cKsEpugoOnfasFLjmwhCIUoQhFKEIRilCEIhShCEUoQhGKUIQi1IeF6qTh4HmeG7tYLxajYeswHNyFkqnrbFRjx5lQhCIUoQhFKEIRilCEIhShCEUoQhGKUIS6TaiDQznXMcWEio3dXBP0SyU37qnTvnWsOs8RoQhFKEIRilCEIhShCEUoQhGKUIQiFKEIRaj5nii2DQeVKemY5lSda4I6K6e5iS05R3PfSyhCEYpQhCIUoQhFKEIRilCEIhShCEUoQr0l1NzKllQ/sQLu4GpsjWxs+rdWsrMIK5kcQhGKUIQiFKEIRShCEYpQhCIUoQhFKEIRilADs1Ii49xAzw1HyU0QW5zOsjI27bFPzrXPhCIUoQhFKEIRilCEIhShCEUoQhGKUIQi1GVCzcFRcrznxu69MqtT5K1bc87crV2IgUUoQhGKUIQiFKEIRShCEYpQhCIUoQhFKELdJlSnIzEo17awcs62VI21z52d6dY/OAhFKEIRilCEIhShCEUoQhGKUIQiFKEIRShCzTdQBy14oIE6aEFuzpbayTl0YuN90JGtjyIUoQhFKEIRilCEIhShCEUoQhGKUIQiFKG+JFTnmdw6zwensBOOre4yRuHWSh7c/ZJjRShCEYpQhCIUoQhFKEIRilCEIhShCEUoQn1JqLn5jjUyWz1gLHO3yNwezQ1h50xudWoldwyhCEUoQhGKUIQiFKEIRShCEYpQhCIUoQh1uVA3NlBzf3zw528dpJgFnWdyrhaM2Rcb7yv/bwNCEYpQhCIUoQhFKEIRilCEIhShCEUoQhEq0eUddCTWbV1hQUmLtHWQthx5bxiuqPYIRShCEYpQhCIUoQhFKEIRilCEIhShCEWoy4UqWY7Y8T447rEGaqv3LBmVkha4ZPhj3TShCEUoQhGKUIQiFKEIRShCEYpQhCIUoQj1tFBzP2muvLuiRIv1U1sFXKd9sfGOveSNYBGKUIQiFKEIRShCEYpQhCIUoQhFKEIRilC3CbW1wVc0UHOnPabb3IY+QEPsupq76WM/n1CEIhShCEUoQhGKUIQiFKEIRShCEYpQhHpaqIMHKVbelbR1V1hw0L6tPYppfnAYYvVrrCInFKEIRShCEYpQhCIUoQhFKEIRilCEIhShPixUbLAOnquSei62GrGboKS67ZyNEjdjx5lQhCIUoQhFKEIRilCEIhShCEUoQhGKUIR6S6jObejsxWL0vz/BqdmItVcxkTt/L6EIRShCEYpQhCIUoQhFKEIRilCEIhShCPUloWJ7VjLfJU8PYlfSmsVO3VzfOndPxP5J8WCXRyhCEYpQhCIUoQhFKEIRilCEIhShCEUoQt3dUJSUWbGjcnB0Yp8cO8AH/3juiG6VwgeH4Y4uj1CEIhShCEUoQhGKUIQiFKEIRShCEYpQhLpbqINrF3NkqzWLvdXWWpUUrHMfFbtUDn4RoQhFKEIRilCEIhShCEUoQhGKUIQiFKEIRagBoeamYe5sxNq6zgLuivr1imYz1gLHimxCEYpQhCIUoQhFKEIRilCEIhShCEUoQhGKUAPrnusROo73Vg8YOwyxsrJku2OcxRaHUIQiFKEIRShCEYpQhCIUoQhFKEIRilCEItT2EZ17jYNvNVftxbCb27KSYnfrYiip9uaQJRShCEUoQhGKUIQiFKEIRShCEYpQhCIUob4k1BY6sRN7RWkYq/ZK6I9VbFtN7tbwb9WvhCIUoQhFKEIRilCEIhShCEUoQhGKUIQiFKHmK6eSdjJWV3WObMnFcNDNG7vpK6o9QhGKUIQiFKEIRShCEYpQhCIUoQhFKEIR6nKhYlMYI2mun+q0L2bQVqUYG8JYWRlb9he6PEIRilCEIhShCEUoQhGKUIQiFKEIRShCEWq/y5srlbYqiYP7vbULse6yMw9UxjGCY/tLKEIRilCEIhShCEUoQhGKUIQiFKEIRShCvSXU1hbGxu69j9qiv2TLtpqvWLN5sBUlFKEIRShCEYpQhCIUoQhFKEIRilCEIhShCLW9siV1VWxWtvqaWLbaqxsP8Nb1/H6XRyhCEYpQhCIUoQhFKEIRilCEIhShCEUoQl2Wg+VOCdAxdLYqxU6Dti6z2B9v/QuDUIQiFKEIRShCEYpQhCIUoQhFKEIRilCE+pJQW13PXMswd7wPjvucqlvv3Ln7VyzOVjc9ePETilCEIhShCEUoQhGKUIQiFKEIRShCEYpQdwtVUpPFfkKsrjrY9Ryc763u8uMVamffSihCEYpQhCIUoQhFKEIRilCEIhShCEUoQhFqoCko2aS5Gd1qgg6e55LDv/VFseGfu5BKyjtCEYpQhCIUoQhFKEIRilCEIhShCEUoQhGKUGUH+MZ6rgTKGBy5ozJWZZasRglJhCIUoQhFKEIRilCEIhShCEUoQhGKUIQiFKHmu7xY81XydKvrOfjOW0MYE3lrzDpJIhShCEUoQhGKUIQiFKEIRShCEYpQhCIUoZ4WqqRG6TzAW7Xg3B5t3UBXVGw3rsZahUooQhGKUIQiFKEIRShCEYpQhCIUoQhFKELdLVTstMeGcq7rib3GHP1zN0HsBpqr2Eouhq3tJhShCEUoQhGKUIQiFKEIRShCEYpQhCIUob4klIgIoUSEUCIihBIRIZSIEEpEhFAiQigREUKJiBBKRAglIkIoESGUiAihREQIJSKEEhEhlIgQSkSEUCIihBIRQomIEEpECCUiQigREUKJSH/+BcxhPuj8389RAAAAAElFTkSuQmCC', '00020101021226820014br.gov.bcb.pix2560qrpix-h.bradesco.com.br/9d36b84f-c70b-478f-b95c-12729b90ca255204000053039865406200.005802BR5905ASAAS6009JOINVILLE62070503***630490C7', '2024-12-06 23:59:59', NULL, NULL, '2024-12-06 13:37:20', '2024-12-06 16:43:32'),
(15, 6, 1, 'cus_000006382413', 17, '', 'sub_1h8c61gfw7afpaxx', '004.494.940-55', 'monthly', '100.00', 'PIX', NULL, NULL, 'INACTIVE', '2024-12-06', '2025-01-06', NULL, 'iVBORw0KGgoAAAANSUhEUgAAAYsAAAGLCAIAAAC5gincAAAOTklEQVR42u3ZQW4kORADQP//094fDLCwkkypgtfuaVdJqdAA/PkVEdmaH0sgIoQSESGUiBBKRIRQIkIoERFCiYgQSkQIJSJCKBEhlIgIoURECCUihBIRIZSIEEpEhFAiIoQSEUKJiBBKRAglIkIoERFCiQihRESWC/WTyr//buzTv6xG66daD/m/1vkvX557jIOjcnAmW0s3N5OEIhShCEUoQhGKUIQiFKEIRShCEYpQhCLUW0LFfjlmUOsQxm6RmIxzu9Caq7nHeOCEEopQhCIUoQhFKEIRilCEIhShCEUoQhGKUIQaON6xX45xFmvrWj918H2vuBjmXjAm8pY7lVCEIhShCEUoQhGKUIQiFKEIRShCEYpQhCLU+bMRe+YripLWEW3tfuv2WnIhEYpQhCIUoQhFKEIRilCEIhShCEUoQhGKUIQi1J+f6opebMkEL9nfgy8Yq/aWfEooQhGKUIQiFKEIRShCEYpQhCIUoQhFKEIRalnldHCwYm3O3GFovUKsU5sjeO6p5jZ0bhfuOPuEIhShCEUoQhGKUIQiFKEIRShCEYpQhCLU3ULF9tunPvVpuI2d6z0J5VOf+pRQhPKpTwlFKHPmU58SilA+9SmhLheqlblu64HCcckUxq6cJbPR2rLf50IoQhGKUIQiFKEIRShCEYpQhCIUoQhFKEK9JVSrrVviyNwfeiCt4/2XUTmo25ybc6vxYJdHKEIRilCEIhShCEUoQhGKUIQiFKEIRShCFQxqrd0cZ61SKbZWS+CIXYQtdJY885JKkVCEIhShCEUoQhGKUIQiFKEIRShCEYpQhLq8y9u5SXNj1zo5scVZYn1rROf4nhvCVrNJKEIRilCEIhShCEUoQhGKUIQiFKEIRShCfViouW4rVjjuJHjnad/S9ZROztydOifjwYklFKEIRShCEYpQhCIUoQhFKEIRilCEIhShCDV/cnbWKC2wrij+dhZDc5MTe/3YsVpKP6EIRShCEYpQhCIUoQhFKEIRilCEIhShCHWZUK0NPtjH7WR0rnCM/duYm7FbZGdr9l5nSihCEYpQhCIUoQhFKEIRilCEIhShCEUoQt0mVGz7WzVZrCfaeW3EMtd8xWqyln0773JCEYpQhCIUoQhFKEIRilCEIhShCEUoQhHqS0LNneeDo3PwiMYWJ3Y2YgvbKpVaOxjrLmOLQyhCEYpQhCIUoQhFKEIRilCEIhShCEUoQhGqfQjnxj32h2LTP/eCc/QftK/1VDcO/5KfIhShCEUoQhGKUIQiFKEIRShCEYpQhCIUoS4Xasm4t8qOg2XWkt5zSfE39+VWt9V6/dgdQyhCEYpQhCIUoQhFKEIRilCEIhShCEUoQhFqvjdpHeBYi7RkFw7u4NzrL2n65h7yRlYIRShCEYpQhCIUoQhFKEIRilCEIhShCEUoQt28oy1H5h5yydloXWZL6ubYDs4tTks3QhGKUIQiFKEIRShCEYpQhCIUoQhFKEIR6i2hlpznVk12RT+1s8mNTV1srmK3dQwsQhGKUIQiFKEIRShCEYpQhCIUoQhFKEIRilADuzLnV6vrWTKUMc5aQB9cjZbmrffd+b8EQhGKUIQiFKEIRShCEYpQhCIUoQhFKEIR6nKhYuVObApb2LWWfUnHtISVlqqtEm1JCEUoQhGKUIQiFKEIRShCEYpQhCIUoQhFqNuEWlINxIqS2KcHK7Yr0Lmxj5t7yCX1XEtGQhGKUIQiFKEIRShCEYpQhCIUoQhFKEIR6q0ur9Ux7Twqc6/QesjY8Y7dMUsulVa1t6Q0JBShCEUoQhGKUIQiFKEIRShCEYpQhCIUob4kVKz5ak1DrHGL3ROxMit2IcXMXXJt7CxJCUUoQhGKUIQiFKEIRShCEYpQhCIUoQhFqC8JFetNYsrEDkPr2ogxGqtQ57yO1aAxR2oTSyhCEYpQhCIUoQhFKEIRilCEIhShCEUoQt0t1NxRmeNsZ6kUe6q56mcOyp0Xg+qWUIQiFKEIRShCEYpQhCIUoQhFKEIRilCEIlT1xMYWumVQbOnmOqa5bqs1G7EBjl1IS0IoQhGKUIQiFKEIRShCEYpQhCIUoQhFKELdJlTreC+pFOfqyCtwbxVwc6VhbENjX17ybwlFKEIRilCEIhShCEUoQhGKUIQiFKEIRainhZqrb2K9WK6hSJ2cWKk0N7JLGsa5eW6VhrG+lVCEIhShCEUoQhGKUIQiFKEIRShCEYpQhPqSUDtpmJvvg8PReubYG8UOw9wzt6ZuSZfXOs6EIhShCEUoQhGKUIQiFKEIRShCEYpQhCLUbUIdHMqDHVNszmKTtOSXY7Xgzg1t3bixPfrdEUIRilCEIhShCEUoQhGKUIQiFKEIRShCEeotoQ6eq4ObFHvmVi/W6onmmqCdldPcxC45R3N/l1CEIhShCEUoQhGKUIQiFKEIRShCEYpQhHpLqNhRaVU/rZqstRpzTxX78twz7yzCYnuUeyNCEYpQhCIUoQhFKEIRilCEIhShCEUoQhHqKaHmztWSMutnLK1rY26Pdi5Oawhjp2zuTiUUoQhFKEIRilCEIhShCEUoQhGKUIQiFKEINQ/HA8c7VqItKbN2FmEHF2dunq/YhdgOEopQhCIUoQhFKEIRilCEIhShCEUoQhGKULcJtdORGJS1LSzNWezULdnumH0xr5d0iIQiFKEIRShCEYpQhCIUoQhFKEIRilCEItSXhFpiwRWlYayPa833nF83Etxqn2M/RShCEYpQhCIUoQhFKEIRilCEIhShCEUoQn1JqJ1ncu48x2iI9YAH25wHKIz93bndX3KsCEUoQhGKUIQiFKEIRShCEYpQhCIUoQhFqC8JNXeeY41Mqwdc0hO1is6Y5lesc6tTW3LHEIpQhCIUoQhFKEIRilCEIhShCEUoQhGKUJcL1WqgWr1Jrd0oORKr9pacyblaMGbfA9UtoQhFKEIRilCEIhShCEUoQhGKUIQiFKEIdZtQBzd47pd3Fo6tsZtbjSW17/PD0PpDV3Z5hCIUoQhFKEIRyjAQilCEIhShCGUoCWUYCFUQqrUcsaJkbtxbIxv7ckvGVvPV0m2urCQUoQhFKEIRilCEIhShCEUoQhGKUIQiFKEItayBuvHwz1VOsdXYWfzNveCSExsTaglYhCIUoQhFKEIRilCEIhShCEUoQhGKUIQi1G1CtTa4Vd61+G7pNrehsW7rihu3dVJir08oQhGKUIQiFKEIRShCEYpQhCIUoQhFKEI9LdTcUWkZtHPsWnXV3IbOERwb0blhiNWvO+8JQhGKUIQiFKEIRShCEYpQhCIUoQhFKEIR6mmhWtXPkmlYUoRdMaNzlfHO2VjiZuw4E4pQhCIUoQhFKEIRilCEIhShCEUoQhGKUG8JtXMblvRiO0laUt61KuODv3yjyDvfl1CEIhShCEUoQhGKUIQiFKEIRShCEYpQhPqSULE92znfc8Vf6xC2GtXYqZtbnLnGLfZfige7PEIRilCEIhShCEUoQhGKUIQiFKEIRShCEeruhiJWGi45KgdH5wpHWl+eO6Kx9nluzO7o8ghFKEIRilCEIhShCEUoQhGKUIQiFKEIRai7hYrVZK3ScO4V5rq8uZFdAuXcU8UuldbtRShCEYpQhCIUoQhFKEIRilCEIhShCEUoQhHqhFBz0zDXqsTaula1FzvtsbZuSWcao6FVZBOKUIQiFKEIRShCEYpQhCIUoQhFKEIRilCEmm+RWm62aqO5kzPXt86t8xILlhz+G+9jQhGKUIQiFKEIRShCEYpQhCIUoQhFKEIR6mmhYke0hc5cixT7u7FObe4hd14MrSGc+19CjCRCEYpQhCIUoQhFKEIRilCEIhShCEUoQhHqcqFa6MwdpNw2jK1Gq+q6oydKvdGSy3sJsoQiFKEIRShCEYpQhCIUoQhFKEIRilCEIhSh4vlNZWddtXNk53bw4O4vKTpjUuys9ghFKEIRilCEIhShCEUoQhGKUIQiFKEIRagvCTX3d3dWbEssaEF5xcLuLLLnLv6WjIQiFKEIRShCEYpQhCIUoQhFKEIRilCEItSHhZorlVpncsuO7niFVqO6pLx7YAdb5R2hCEUoQhGKUIQiFKEIRShCEYpQhCIUoQj1tFCtLZyrfloFTeynYvTvXOdW8zUHx8G1yl0bhCIUoQhFKEIRilCEIhShCEUoQhGKUIQi1MtCPdC4xc5GrFX52ZG5DY1tyo11ZGydCUUoQhGKUIQiFKEIRShCEYpQhCIUoQhFqKeF2rkrrcdYchjmOrW5+rVlUOwya3259T8MQhGKUIQiFKEIRShCEYpQhCIUoQhFKEIR6ktCtbqe2J61DBrc/lSF2lL1a4szx2jt4icUoQhFKEIRilCEIhShCEUoQhGKUIQiFKHuFuqKX57riWJTeHDsDr5CrK2LHe8ld9sVfSuhCEUoQhGKUIQiFKEIRShCEYpQhCIUoQhFqIGm4IpD2Op6lpznWHe5RJnYM8cupCXlHaEIRShCEYpQhCIUoQhFKEIRilCEIhShCEWoAaFarMy9QuzLsXviipMTm6tWzb2EJEIRilCEIhShCEUoQhGKUIQiFKEIRShCEYpQ80LFmq+5+b6xntu5Vq16rjVmO9s6QhGKUIQiFKEIRShCEYpQhCIUoQhFKEIR6ktCXVGjtA5wqxac26OdXe2Siu3G1ahVqIQiFKEIRShCEYpQhCIUoQhFKEIRilCEItTdQsVOe2wo5wyKfblF/84irFX7Ljl0SzQnFKEIRShCEYpQhCIUoQhFKEIRilCEIhSh3hJKRIRQIkIoERFCiYgQSkQIJSJCKBEhlIgIoURECCUihBIRIZSIEEpEhFAiIoQSEUKJiBBKRAglIkIoERFCiQihREQIJSKEEhEhlIgIoURkf/4D9Mj/NV+ZvD8AAAAASUVORK5CYII=', '00020101021226820014br.gov.bcb.pix2560qrpix-h.bradesco.com.br/9d36b84f-c70b-478f-b95c-12729b90ca255204000053039865406100.005802BR5905ASAAS6009JOINVILLE62070503***6304474A', '2024-12-06 23:59:59', NULL, NULL, '2024-12-06 13:39:02', '2024-12-06 16:43:32'),
(16, 6, 2, 'cus_000006382413', 19, '', 'free_subs_1733514211', '210.887.470-43', 'monthly', '50.00', 'VOUCHER', 'PAID', NULL, 'INACTIVE', '2024-12-06', '2025-01-06', NULL, NULL, NULL, NULL, NULL, NULL, '2024-12-06 16:43:31', '2024-12-06 17:08:13'),
(17, 6, 4, 'cus_000006382413', 20, '', 'sub_ykqt3ohc35phz69q', '004.494.940-55', 'monthly', '200.00', 'PIX', NULL, NULL, 'INACTIVE', '2024-12-06', '2025-01-06', NULL, 'iVBORw0KGgoAAAANSUhEUgAAAYsAAAGLCAIAAAC5gincAAAOXklEQVR42u3aUY4rNxADQN//0skNAgSrZlOa4u9s7LHUKj2A+f0jItKanyUQEUKJiBBKRAglIkIoESGUiAihREQIJSKEEhEhlIgQSkSEUCIihBIRQomIEEpECCUiQigREUKJCKFERAglIoQSESGUiAihRIRQIiLlQv1S+e/v/ctb/a9P/stqbH3U1ktubejcD/zLqJTMc+yEEopQhCIUoQhFKEIRilCEIhShCEUoQhGKUB8WKvbJc8rEhiPXjFS+89ZbzUlRcnBKTiihCEUoQhGKUIQiFKEIRShCEYpQhCIUoQhFqIHjffCT57ahpBkp+aiDv3eOs5KStKSO3Fo6QhGKUIQiFKEIRShCEYpQhCIUoQhFKEIRilADv/8K+0qKv63eM7b7c997xSVKKEIRilCEIhShCEUoQhGKUIQiFKEIRShCEYpQf36rmBSxnii2Vlv7e/AHxras5CmhCEUoQhGKUIQiFKEIRShCEYpQhCIUoQhFqO0maG6wYm3O1hdt/YS5au+gQXNvdfCdY7twx9knFKEIRShCEYpQhCIUoQhFKEIRilCEIhSh7hYqtt+eeuppuI2N1dyE8tRTQhGKUJ56SihCeeqpp4QilKeeEuo2obYyx9nBFmmrcCyZwtiVE+s9Dw7DVrV3x+kmFKEIRShCEYpQhCIUoQhFKEIRilCEIhShnhJqq60rmf45sB7IQSkOnue5P56bydhqPNjlEYpQhCIUoQhFKEIRilCEIhShCEUoQhGKUAsGba1drETb+uTYHs31UyU/YQudkncuqRQJRShCEYpQhCIUoQhFKEIRilCEIhShCEWoy7u8zk2aG7tYlTlnwdbSzc33wbfaaidjF9Lc8BOKUIQiFKEIRShCEYpQhCIUoQhFKEIRilBfEmqu24oVjp0Ez43d3Ermup6lkxO7RUq6aUIRilCEIhShCEUoQhGKUIQiFKEIRShCEYpQ8b7mxhplDqytLi+GbAmjW3dMybEqpZ9QhCIUoQhFKEIRilCEIhShCEUoQhGKUIS6TKiSMitWwWwdhli1N7ewMQpL7phYa/ZeZ0ooQhGKUIQiFKEIRShCEYpQhCIUoQhFKEJ9qcu7sSabK2g6r41YYgsb+96S0jB2lxOKUIQiFKEIRShCEYpQhCIUoQhFKEIRilAfFupguTNXwMU4i23/FdM/t1adVddWdxlbHEIRilCEIhShCEUoQhGKUIQiFKEIRShCEYpQ24cw1lBsFUNbFdvchm41fVtv1dnHdV4bhCIUoQhFKEIRilCEIhShCEUoQhGKUIQi1FtCxcZ9q4M4OO4lbl5R/M398dZcbf382B1DKEIRilCEIhShCEUoQhGKUIQiFKEIRShCEaqsNykBq6SgOdiazX3U1i5c0fNewQqhCEUoQhGKUIQiFKEIRShCEYpQhCIUoQhFqPmRndvRLUe2ir+tPdq6zGJ1c8kOzm1ZTDdCEYpQhCIUoQhFKEIRilCEIhShCEUoQhHqLaHmDvAWWO/1U51NbsnUxVrvkjpyznpCEYpQhCIUoQhFKEIRilCEIhShCEUoQhHqaaG2jvcVXU/JUMZO7JwysU/e0vzGlRzUnFCEIhShCEUoQhGKUIQiFKEIRShCEYpQhLpbqFi5E2soSg5SbNnnGL2RldhqlJRoJSEUoQhFKEIRilCEIhShCEUoQhGKUIQiFKFuE6qkGoiVhrGnc5zF+J7rarfAmrtTY2X03JYRilCEIhShCEUoQhGKUIQiFKEIRShCEYpQHxbqioEuOSqxtdryOnY/zd0xJZfKVrVXUhoSilCEIhShCEUoQhGKUIQiFKEIRShCEYpQbwk1d2K3JjhWdMbOxm8sMaFiRVjsNWLTXlKSEopQhCIUoQhFKEIRilCEIhShCEUoQhGKUF8SaoukOWVihyG2KbEmaG5htyrUWA0ac2RtYglFKEIRilCEIhShCEUoQhGKUIQiFKEIRai7hYrVN3N1RkmpFHuruaMSq6tKLoaDX7TV5c0BTShCEYpQhCIUoQhFKEIRilCEIhShCEUoQn1JqK0TG1voLYNiSxej4SCUW7MRG+CSiu2FLo9QhCIUoQhFKEIRilCEIhShCEUoQhGKUIQaEWrreM8xGvtvr8A9tvtbms+VaFvvXPJFhCIUoQhFKEIRilCEIhShCEUoQhGKUIQi1JeEmqtvYhOcayhSJ+cKsEpugoOnfasFLjmwhCIUoQhFKEIRilCEIhShCEUoQhGKUIQi1IeF6qTh4HmeG7tYLxajYeswHNyFkqnrbFRjx5lQhCIUoQhFKEIRilCEIhShCEUoQhGKUIS6TaiDQznXMcWEio3dXBP0SyU37qnTvnWsOs8RoQhFKEIRilCEIhShCEUoQhGKUIQiFKEIRaj5nii2DQeVKemY5lSda4I6K6e5iS05R3PfSyhCEYpQhCIUoQhFKEIRilCEIhShCEUoQr0l1NzKllQ/sQLu4GpsjWxs+rdWsrMIK5kcQhGKUIQiFKEIRShCEYpQhCIUoQhFKEIRilADs1Ii49xAzw1HyU0QW5zOsjI27bFPzrXPhCIUoQhFKEIRilCEIhShCEUoQhGKUIQi1GVCzcFRcrznxu69MqtT5K1bc87crV2IgUUoQhGKUIQiFKEIRShCEYpQhCIUoQhFKELdJlSnIzEo17awcs62VI21z52d6dY/OAhFKEIRilCEIhShCEUoQhGKUIQiFKEIRShCzTdQBy14oIE6aEFuzpbayTl0YuN90JGtjyIUoQhFKEIRilCEIhShCEUoQhGKUIQiFKG+JFTnmdw6zwensBOOre4yRuHWSh7c/ZJjRShCEYpQhCIUoQhFKEIRilCEIhShCEUoQn1JqLn5jjUyWz1gLHO3yNwezQ1h50xudWoldwyhCEUoQhGKUIQiFKEIRShCEYpQhCIUoQh1uVA3NlBzf3zw528dpJgFnWdyrhaM2Rcb7yv/bwNCEYpQhCIUoQhFKEIRilCEIhShCEUoQhEq0eUddCTWbV1hQUmLtHWQthx5bxiuqPYIRShCEYpQhCIUoQhFKEIRilCEIhShCEWoy4UqWY7Y8T447rEGaqv3LBmVkha4ZPhj3TShCEUoQhGKUIQiFKEIRShCEYpQhCIUoQj1tFBzP2muvLuiRIv1U1sFXKd9sfGOveSNYBGKUIQiFKEIRShCEYpQhCIUoQhFKEIRilC3CbW1wVc0UHOnPabb3IY+QEPsupq76WM/n1CEIhShCEUoQhGKUIQiFKEIRShCEYpQhHpaqIMHKVbelbR1V1hw0L6tPYppfnAYYvVrrCInFKEIRShCEYpQhCIUoQhFKEIRilCEIhShPixUbLAOnquSei62GrGboKS67ZyNEjdjx5lQhCIUoQhFKEIRilCEIhShCEUoQhGKUIR6S6jObejsxWL0vz/BqdmItVcxkTt/L6EIRShCEYpQhCIUoQhFKEIRilCEIhShCPUloWJ7VjLfJU8PYlfSmsVO3VzfOndPxP5J8WCXRyhCEYpQhCIUoQhFKEIRilCEIhShCEUoQt3dUJSUWbGjcnB0Yp8cO8AH/3juiG6VwgeH4Y4uj1CEIhShCEUoQhGKUIQiFKEIRShCEYpQhLpbqINrF3NkqzWLvdXWWpUUrHMfFbtUDn4RoQhFKEIRilCEIhShCEUoQhGKUIQiFKEIRagBoeamYe5sxNq6zgLuivr1imYz1gLHimxCEYpQhCIUoQhFKEIRilCEIhShCEUoQhGKUAPrnusROo73Vg8YOwyxsrJku2OcxRaHUIQiFKEIRShCEYpQhCIUoQhFKEIRilCEItT2EZ17jYNvNVftxbCb27KSYnfrYiip9uaQJRShCEUoQhGKUIQiFKEIRShCEYpQhCIUob4k1BY6sRN7RWkYq/ZK6I9VbFtN7tbwb9WvhCIUoQhFKEIRilCEIhShCEUoQhGKUIQiFKHmK6eSdjJWV3WObMnFcNDNG7vpK6o9QhGKUIQiFKEIRShCEYpQhCIUoQhFKEIR6nKhYlMYI2mun+q0L2bQVqUYG8JYWRlb9he6PEIRilCEIhShCEUoQhGKUIQiFKEIRShCEWq/y5srlbYqiYP7vbULse6yMw9UxjGCY/tLKEIRilCEIhShCEUoQhGKUIQiFKEIRShCvSXU1hbGxu69j9qiv2TLtpqvWLN5sBUlFKEIRShCEYpQhCIUoQhFKEIRilCEIhShCLW9siV1VWxWtvqaWLbaqxsP8Nb1/H6XRyhCEYpQhCIUoQhFKEIRilCEIhShCEUoQl2Wg+VOCdAxdLYqxU6Dti6z2B9v/QuDUIQiFKEIRShCEYpQhCIUoQhFKEIRilCE+pJQW13PXMswd7wPjvucqlvv3Ln7VyzOVjc9ePETilCEIhShCEUoQhGKUIQiFKEIRShCEYpQdwtVUpPFfkKsrjrY9Ryc763u8uMVamffSihCEYpQhCIUoQhFKEIRilCEIhShCEUoQhFqoCko2aS5Gd1qgg6e55LDv/VFseGfu5BKyjtCEYpQhCIUoQhFKEIRilCEIhShCEUoQhGKUGUH+MZ6rgTKGBy5ozJWZZasRglJhCIUoQhFKEIRilCEIhShCEUoQhGKUIQiFKHmu7xY81XydKvrOfjOW0MYE3lrzDpJIhShCEUoQhGKUIQiFKEIRShCEYpQhCIUoZ4WqqRG6TzAW7Xg3B5t3UBXVGw3rsZahUooQhGKUIQiFKEIRShCEYpQhCIUoQhFKELdLVTstMeGcq7rib3GHP1zN0HsBpqr2Eouhq3tJhShCEUoQhGKUIQiFKEIRShCEYpQhCIUob4klIgIoUSEUCIihBIRIZSIEEpEhFAiQigREUKJiBBKRAglIkIoESGUiAihREQIJSKEEhEhlIgQSkSEUCIihBIRQomIEEpECCUiQigREUKJSH/+BcxhPuj8389RAAAAAElFTkSuQmCC', '00020101021226820014br.gov.bcb.pix2560qrpix-h.bradesco.com.br/9d36b84f-c70b-478f-b95c-12729b90ca255204000053039865406200.005802BR5905ASAAS6009JOINVILLE62070503***630490C7', '2024-12-06 23:59:59', NULL, NULL, '2024-12-06 17:08:13', '2024-12-06 17:15:08'),
(18, 6, 2, 'cus_000006382413', 21, '', 'sub_6lt7kfw0af8md2rr', '004.494.940-55', 'monthly', '50.00', 'PIX', NULL, NULL, 'INACTIVE', '2024-12-06', '2025-01-06', NULL, 'iVBORw0KGgoAAAANSUhEUgAAAYsAAAGLCAIAAAC5gincAAAOW0lEQVR42u3aQZIjORIDQP3/0z1vGCsGAmQ6rlktKcmgc2yxv38iIq35WQIRIZSICKFEhFAiIoQSEUKJiBBKRIRQIkIoERFCiQihREQIJSJCKBEhlIgIoUSEUCIihBIRIZSIEEpEhFAiQigREUKJiBBKRAglIlIu1C+Vv3zvwd98cHHm/m3sk+dW8sZB+l9v9JensWmfOxqEIhShCEUoQhGKUIQiFKEIRShCEYpQhCLU00LFPjm2KwdPe2yDO3/knFBzqsZwj+3+HZ9MKEIRilCEIhShCEUoQhGKUIQiFKEIRShCPSXUXFEyV7LE6pu5/S75qK1WtGTZO0WOnVBCEYpQhCIUoQhFKEIRilCEIhShCEUoQhGKUPH3nyNpbmTnhrKEs62qK/Zv54Z/7gwSilCEIhShCEUoQhGKUIQiFKEIRShCEYpQhHpXqM4KJjZJJRMcIzjmSGyuSp4SilCEIhShCEUoQhGKUIQiFKEIRShCEYpQhNpugkpO7BVzNleDzjky59fc+8Z+c4nmLZ9MKEIRilCEIhShCEUoQhGKUIQiFKEIRShC3S1UbL899dTTe9tYQnnqqaeEIpSnnhKKUObMU08JRShPPSXUW0Jt5S+cxYqSrU8umcJY/xj73s4t+/dcCEUoQhGKUIQiFKEIRShCEYpQhCIUoQhFqLeE2mrrtpSZ+6j3Mqf5X87z3B9v3W0HV+PBLo9QhCIUoQhFKEIRilCEIhShCEUoQhGKUIRaMGjuDWM/o+SIdmIXu0XmfmRn/Rr7zSWVIqEIRShCEYpQhCIUoQhFKEIRilCEIhShCHV5lze3SbFPnvuo2OvHlm6rroqNaCfQnc0moQhFKEIRilCEIhShCEUoQhGKUIQiFKEI9WGhDq5d7HvnDuFBC0pmJXYY5o7KYOW0dLfdWIITilCEIhShCEUoQhGKUIQiFKEIRShCEYpQHxZqroPoRGfue7d6wE443ms2Y9fV1n9SEIpQhCIUoQhFKEIRilCEIhShCEUoQhGKUE8LFRudzrrqCt224Cgp4GIF61ZXGysrc4eOUIQiFKEIRShCEYpQhCIUoQhFKEIRilCEukyouQ2OdVtzo1NygLfWqoSGTnRKyujYRxGKUIQiFKEIRShCEYpQhCIUoQhFKEIRilBPC/WXN9zqIGKH8Ir2KrYLW2s1dxNs4R7zeq1DJBShCEUoQhGKUIQiFKEIRShCEYpQhCIUoQh1oAqZm6TYFs6NbAmFc5uy1T9egU7nnUooQhGKUIQiFKEIRShCEYpQhCIUoQhFKEJdLtTcryz53tjZiOF+cKA7z3Os+Jv7kSVl9FoXTyhCEYpQhCIUoQhFKEIRilCEIhShCEUoQj0l1G8pB6e/s2LrPPyxXYiZ2+nmwQH+VxlCEYpQhCIUoQhFKEIRilCEIhShCEUoQhHqcqFitcLcNswdpJJPjhWOW5fZjW1dyQ5uXSqEIhShCEUoQhGKUIQiFKEIRShCEYpQhCLU00JtbWGsGNr64zncH1iNLfu2sIs9jdWChCIUoQhFKEIRilCEIhShCEUoQhGKUIQi1G1CdbZXLQs9Ng1zTdBWpxazYOvm6/Q6NsCEIhShCEUoQhGKUIQiFKEIRShCEYpQhCLUl4T6y3DMfdRcExQbrCvKrCvMjV2EV1jQGUIRilCEIhShCEUoQhGKUIQiFKEIRShCEeo2oUpWNnaQ5p4+MKPPF46d90TsZxCKUIQiFKEIRShCEYpQhCIUoQhFKEIRilCEGpAi1m1dUfzFZrTzyom94I1dbWyPSi5CQhGKUIQiFKEIRShCEYpQhCIUoQhFKEIR6sNC3djWbTVBW53a3CtsNVBzd2rsjtm6cQcPO6EIRShCEYpQhCIUoQhFKEIRilCEIhShCPWUUCWbdKMysQYqVr+WtKJXoDPH9xXVHqEIRShCEYpQhCIUoQhFKEIRilCEIhShCHW5UHNnY6vqKhnorSMa6+NiN18nwVvX1cEQilCEIhShCEUoQhGKUIQiFKEIRShCEYpQhNo+sbGFvsKguTan5FLZapDnVmPuvwNuDKEIRShCEYpQhCIUoQhFKEIRilCEIhShCHWbUFc0MrFSaasY2hrZK17/gXL2gYUlFKEIRShCEYpQhCIUoQhFKEIRilCEIhShnhbq4K5s1Te5hmLp5HSeq63LLNYwHlycrR5w7aQQilCEIhShCEUoQhGKUIQiFKEIRShCEYpQlwkV+5/3Yzsaayc765tY5VTyUZ1T1zk5OTcJRShCEYpQhCIUoQhFKEIRilCEIhShCEWoy4Sa0+3g4Y8JVTJ2Bxnd6hBjT2N/XHJSOv+TglCEIhShCEUoQhGKUIQiFKEIRShCEYpQhHpaqLkuILYNB5WJ/aqD53muFY2Vd1f0y3N93Fy190KXRyhCEYpQhCIUoQhFKEIRilCEIhShCEUoQrXvytbYzRVwJVVXyffGln1urQ4OYWzqttAhFKEIRShCEYpQhCIUoQhFKEIRilCEIhShnhbqdy4H7Ysdld9YSsZ9q2/trBTnRnTrizr9IhShCEUoQhGKUIQiFKEIRShCEYpQhCIUod4S6ooJniuGSnrPOdxLtix2YjtpiO1CbgcJRShCEYpQhCIUoQhFKEIRilCEIhShCEWoDwm1dZ4PbnBJEdYJVuyNDj4tuXJKSsO1GpRQhCIUoQhFKEIRilCEIhShCEUoQhGKUIR6WagtC64oDecOUmxTYnsUq9hiv2rrpo+hQyhCEYpQhCIUoQhFKEIRilCEIhShCEUoQj0t1Fwx1NnmPDBnBw9wyXzH7Nvql2M334NdHqEIRShCEYpQhCIUoQhFKEIRilCEIhShCJUQ6reUWCPz3guWNFBbrWhscmJrFeMsd+UQilCEIhShCEUoQhGKUIQiFKEIRShCEYpQTwm19UVzR2Wt3Rgzd6uc7ezyDt5eWxVbbLxf6PIIRShCEYpQhCIUoQhFKEIRilCEIhShCEWo/WyVaLGfUbJ0sepnbnHmCO4chq0xK6n2CEUoQhGKUIQiFKEIRShCEYpQhCIUoQhFqNuEunFHD/ZTV0ixpdvWPRE7/CWDNHcWCEUoQhGKUIQiFKEIRShCEYpQhCIUoQhFKELN+7WFzlaNEusuS/bo4OvHTk7JiY0R3AkWoQhFKEIRilCEIhShCEUoQhGKUIQiFKEI9bRQc47ENnjrN291PVfotnUhba3V1lnIbQqhCEUoQhGKUIQiFKEIRShCEYpQhCIUoQh1t1Cxumpuz0o4mzNoy69YsVtyT5SsVazpIxShCEUoQhGKUIQiFKEIRShCEYpQhCIUoQhVNqOxnmhuCrcOw9ZKxkqlrZJ0i8KS64pQhCIUoQhFKEIRilCEIhShCEUoQhGKUIT6klBz4z73x3Mkzf3brd5zq4GaG7OtQZpbja0dJBShCEUoQhGKUIQiFKEIRShCEYpQhCIUoQg1cCbnFjrW5sTqqt9YYgcptt1bLWGscZtb2Pf/3waEIhShCEUoQhGKUIQiFKEIRShCEYpQhCJUHVgxOLZY6ezyYn4d/FVzp33uiMZuvrkxe6HLIxShCEUoQhGKUIQiFKEIRShCEYpQhCIUoRKvNGdB7Hu3tn9uOOb8Khmk2EfFmr6tQSIUoQhFKEIRilCEIhShCEUoQhGKUIQiFKEItV3PXXFytqahRLeS/nHrN28t3VzdXNIwEopQhCIUoQhFKEIRilCEIhShCEUoQhGKULcJVbIcWyTFyspYyRI7DHOzkaucUtdVyR/H1plQhCIUoQhFKEIRilCEIhShCEUoQhGKUIS6TaiDB3ir3Im5GXPkN5atK+fgXM2t1dyd2knw4PcSilCEIhShCEUoQhGKUIQiFKEIRShCEYpQTwk1Z8HcQdqqBUvQ6TQo1k/N1WQll/cWsoQiFKEIRShCEYpQhCIUoQhFKEIRilCEIhSh4tl6wZIjWtKZzlWoB8EquVTm7ItNDqEIRShCEYpQhCIUoQhFKEIRilCEIhShCPVhoUqmMLZJc6VSrPrZKjq3mty50x4TKlagH3x9QhGKUIQiFKEIRShCEYpQhCIUoQhFKEIR6ktCzR2krQNcUoTFViNWG20VcJ1X7NYObu0RoQhFKEIRilCEIhShCEUoQhGKUIQiFKEI9WGhtr7ot5TYb+5szWLfG+OspJyNvcLW6SYUoQhFKEIRilCEIhShCEUoQhGKUIQiFKG+JNRWaxZrZGKn7uAr/G5IyWqUHODYDn6uyyMUoQhFKEIRilCEIhShCEUoQhGKUIQiFKEuy1a3VTIrW13ewT2aqwVju3/wFWKd6cFXmAOLUIQiFKEIRShCEYpQhCIUoQhFKEIRilCEuk2ozjZnbs/m/ji3/WNH5WD1U9LllSzOXAHXWVYSilCEIhShCEUoQhGKUIQiFKEIRShCEYpQlwtV8slrK7vUqhy8NkreqOR4b5WGnV0eoQhFKEIRilCEIhShCEUoQhGKUIQiFKEIRaiyKYz1gFvbP3dED65GbOlKlJm7J7YupFiDTChCEYpQhCIUoQhFKEIRilCEIhShCEUoQhEqLtSNhVTJH5dAuVUZx5AtKdAJRShCEYpQhCIUoQhFKEIRilCEIhShCEUoQn21y4s93WJlq+specHOei72glt3OaEIRShCEYpQhCIUoQhFKEIRilCEIhShCEWo+ZJlrpLYKlm2Dv9WETbn9RUVW8n+dg4SoQhFKEIRilCEIhShCEUoQhGKUIQiFKEI9ZZQsdpo62d09nEHD8PWTRArwrZ+xhUXQ8vNRyhCEYpQhCIUoQhFKEIRilCEIhShCEUoQl0mlIgIoUSEUCIihBIRIZSIEEpEhFAiQigREUKJiBBKRAglIkIoESGUiAihREQIJSKEEhEhlIgQSkSEUCIihBIRQomIEEpECCUiQigREUKJSH/+A/ilKiensLTwAAAAAElFTkSuQmCC', '00020101021226820014br.gov.bcb.pix2560qrpix-h.bradesco.com.br/9d36b84f-c70b-478f-b95c-12729b90ca25520400005303986540550.005802BR5905ASAAS6009JOINVILLE62070503***63044E4B', '2024-12-06 23:59:59', NULL, NULL, '2024-12-06 17:15:08', '2024-12-06 17:16:18'),
(19, 6, 1, 'cus_000006382413', 22, '', 'sub_duxiq89c2n01wab5', '004.494.940-55', 'monthly', '100.00', 'PIX', NULL, NULL, 'INACTIVE', '2024-12-06', '2025-01-06', NULL, 'iVBORw0KGgoAAAANSUhEUgAAAYsAAAGLCAIAAAC5gincAAAOTklEQVR42u3ZQW4kORADQP//094fDLCwkkypgtfuaVdJqdAA/PkVEdmaH0sgIoQSESGUiBBKRIRQIkIoERFCiYgQSkQIJSJCKBEhlIgIoURECCUihBIRIZSIEEpEhFAiIoQSEUKJiBBKRAglIkIoERFCiQihRESWC/WTyr//buzTv6xG66daD/m/1vkvX557jIOjcnAmW0s3N5OEIhShCEUoQhGKUIQiFKEIRShCEYpQhCLUW0LFfjlmUOsQxm6RmIxzu9Caq7nHeOCEEopQhCIUoQhFKEIRilCEIhShCEUoQhGKUIQaON6xX45xFmvrWj918H2vuBjmXjAm8pY7lVCEIhShCEUoQhGKUIQiFKEIRShCEYpQhCLU+bMRe+YripLWEW3tfuv2WnIhEYpQhCIUoQhFKEIRilCEIhShCEUoQhGKUIQi1J+f6opebMkEL9nfgy8Yq/aWfEooQhGKUIQiFKEIRShCEYpQhCIUoQhFKEIRalnldHCwYm3O3GFovUKsU5sjeO6p5jZ0bhfuOPuEIhShCEUoQhGKUIQiFKEIRShCEYpQhCLU3ULF9tunPvVpuI2d6z0J5VOf+pRQhPKpTwlFKHPmU58SilA+9SmhLheqlblu64HCcckUxq6cJbPR2rLf50IoQhGKUIQiFKEIRShCEYpQhCIUoQhFKEK9JVSrrVviyNwfeiCt4/2XUTmo25ybc6vxYJdHKEIRilCEIhShCEUoQhGKUIQiFKEIRShCFQxqrd0cZ61SKbZWS+CIXYQtdJY885JKkVCEIhShCEUoQhGKUIQiFKEIRShCEYpQhLq8y9u5SXNj1zo5scVZYn1rROf4nhvCVrNJKEIRilCEIhShCEUoQhGKUIQiFKEIRShCfViouW4rVjjuJHjnad/S9ZROztydOifjwYklFKEIRShCEYpQhCIUoQhFKEIRilCEIhShCDV/cnbWKC2wrij+dhZDc5MTe/3YsVpKP6EIRShCEYpQhCIUoQhFKEIRilCEIhShCHWZUK0NPtjH7WR0rnCM/duYm7FbZGdr9l5nSihCEYpQhCIUoQhFKEIRilCEIhShCEUoQt0mVGz7WzVZrCfaeW3EMtd8xWqyln0773JCEYpQhCIUoQhFKEIRilCEIhShCEUoQhHqS0LNneeDo3PwiMYWJ3Y2YgvbKpVaOxjrLmOLQyhCEYpQhCIUoQhFKEIRilCEIhShCEUoQhGqfQjnxj32h2LTP/eCc/QftK/1VDcO/5KfIhShCEUoQhGKUIQiFKEIRShCEYpQhCIUoS4Xasm4t8qOg2XWkt5zSfE39+VWt9V6/dgdQyhCEYpQhCIUoQhFKEIRilCEIhShCEUoQhFqvjdpHeBYi7RkFw7u4NzrL2n65h7yRlYIRShCEYpQhCIUoQhFKEIRilCEIhShCEUoQt28oy1H5h5yydloXWZL6ubYDs4tTks3QhGKUIQiFKEIRShCEYpQhCIUoQhFKEIR6i2hlpznVk12RT+1s8mNTV1srmK3dQwsQhGKUIQiFKEIRShCEYpQhCIUoQhFKEIRilADuzLnV6vrWTKUMc5aQB9cjZbmrffd+b8EQhGKUIQiFKEIRShCEYpQhCIUoQhFKEIR6nKhYuVObApb2LWWfUnHtISVlqqtEm1JCEUoQhGKUIQiFKEIRShCEYpQhCIUoQhFqNuEWlINxIqS2KcHK7Yr0Lmxj5t7yCX1XEtGQhGKUIQiFKEIRShCEYpQhCIUoQhFKEIR6q0ur9Ux7Twqc6/QesjY8Y7dMUsulVa1t6Q0JBShCEUoQhGKUIQiFKEIRShCEYpQhCIUob4kVKz5ak1DrHGL3ROxMit2IcXMXXJt7CxJCUUoQhGKUIQiFKEIRShCEYpQhCIUoQhFqC8JFetNYsrEDkPr2ogxGqtQ57yO1aAxR2oTSyhCEYpQhCIUoQhFKEIRilCEIhShCEUoQt0t1NxRmeNsZ6kUe6q56mcOyp0Xg+qWUIQiFKEIRShCEYpQhCIUoQhFKEIRilCEIlT1xMYWumVQbOnmOqa5bqs1G7EBjl1IS0IoQhGKUIQiFKEIRShCEYpQhCIUoQhFKELdJlTreC+pFOfqyCtwbxVwc6VhbENjX17ybwlFKEIRilCEIhShCEUoQhGKUIQiFKEIRainhZqrb2K9WK6hSJ2cWKk0N7JLGsa5eW6VhrG+lVCEIhShCEUoQhGKUIQiFKEIRShCEYpQhPqSUDtpmJvvg8PReubYG8UOw9wzt6ZuSZfXOs6EIhShCEUoQhGKUIQiFKEIRShCEYpQhCLUbUIdHMqDHVNszmKTtOSXY7Xgzg1t3bixPfrdEUIRilCEIhShCEUoQhGKUIQiFKEIRShCEeotoQ6eq4ObFHvmVi/W6onmmqCdldPcxC45R3N/l1CEIhShCEUoQhGKUIQiFKEIRShCEYpQhHpLqNhRaVU/rZqstRpzTxX78twz7yzCYnuUeyNCEYpQhCIUoQhFKEIRilCEIhShCEUoQhHqKaHmztWSMutnLK1rY26Pdi5Oawhjp2zuTiUUoQhFKEIRilCEIhShCEUoQhGKUIQiFKEINQ/HA8c7VqItKbN2FmEHF2dunq/YhdgOEopQhCIUoQhFKEIRilCEIhShCEUoQhGKULcJtdORGJS1LSzNWezULdnumH0xr5d0iIQiFKEIRShCEYpQhCIUoQhFKEIRilCEItSXhFpiwRWlYayPa833nF83Etxqn2M/RShCEYpQhCIUoQhFKEIRilCEIhShCEUoQn1JqJ1ncu48x2iI9YAH25wHKIz93bndX3KsCEUoQhGKUIQiFKEIRShCEYpQhCIUoQhFqC8JNXeeY41Mqwdc0hO1is6Y5lesc6tTW3LHEIpQhCIUoQhFKEIRilCEIhShCEUoQhGKUJcL1WqgWr1Jrd0oORKr9pacyblaMGbfA9UtoQhFKEIRilCEIhShCEUoQhGKUIQiFKEIdZtQBzd47pd3Fo6tsZtbjSW17/PD0PpDV3Z5hCIUoQhFKEIRyjAQilCEIhShCGUoCWUYCFUQqrUcsaJkbtxbIxv7ckvGVvPV0m2urCQUoQhFKEIRilCEIhShCEUoQhGKUIQiFKEItayBuvHwz1VOsdXYWfzNveCSExsTaglYhCIUoQhFKEIRilCEIhShCEUoQhGKUIQi1G1CtTa4Vd61+G7pNrehsW7rihu3dVJir08oQhGKUIQiFKEIRShCEYpQhCIUoQhFKEI9LdTcUWkZtHPsWnXV3IbOERwb0blhiNWvO+8JQhGKUIQiFKEIRShCEYpQhCIUoQhFKEIR6mmhWtXPkmlYUoRdMaNzlfHO2VjiZuw4E4pQhCIUoQhFKEIRilCEIhShCEUoQhGKUG8JtXMblvRiO0laUt61KuODv3yjyDvfl1CEIhShCEUoQhGKUIQiFKEIRShCEYpQhPqSULE92znfc8Vf6xC2GtXYqZtbnLnGLfZfige7PEIRilCEIhShCEUoQhGKUIQiFKEIRShCEeruhiJWGi45KgdH5wpHWl+eO6Kx9nluzO7o8ghFKEIRilCEIhShCEUoQhGKUIQiFKEIRai7hYrVZK3ScO4V5rq8uZFdAuXcU8UuldbtRShCEYpQhCIUoQhFKEIRilCEIhShCEUoQhHqhFBz0zDXqsTaula1FzvtsbZuSWcao6FVZBOKUIQiFKEIRShCEYpQhCIUoQhFKEIRilCEmm+RWm62aqO5kzPXt86t8xILlhz+G+9jQhGKUIQiFKEIRShCEYpQhCIUoQhFKEIR6mmhYke0hc5cixT7u7FObe4hd14MrSGc+19CjCRCEYpQhCIUoQhFKEIRilCEIhShCEUoQhHqcqFa6MwdpNw2jK1Gq+q6oydKvdGSy3sJsoQiFKEIRShCEYpQhCIUoQhFKEIRilCEIhSh4vlNZWddtXNk53bw4O4vKTpjUuys9ghFKEIRilCEIhShCEUoQhGKUIQiFKEIRagvCTX3d3dWbEssaEF5xcLuLLLnLv6WjIQiFKEIRShCEYpQhCIUoQhFKEIRilCEItSHhZorlVpncsuO7niFVqO6pLx7YAdb5R2hCEUoQhGKUIQiFKEIRShCEYpQhCIUoQj1tFCtLZyrfloFTeynYvTvXOdW8zUHx8G1yl0bhCIUoQhFKEIRilCEIhShCEUoQhGKUIQi1MtCPdC4xc5GrFX52ZG5DY1tyo11ZGydCUUoQhGKUIQiFKEIRShCEYpQhCIUoQhFqKeF2rkrrcdYchjmOrW5+rVlUOwya3259T8MQhGKUIQiFKEIRShCEYpQhCIUoQhFKEIR6ktCtbqe2J61DBrc/lSF2lL1a4szx2jt4icUoQhFKEIRilCEIhShCEUoQhGKUIQiFKHuFuqKX57riWJTeHDsDr5CrK2LHe8ld9sVfSuhCEUoQhGKUIQiFKEIRShCEYpQhCIUoQhFqIGm4IpD2Op6lpznWHe5RJnYM8cupCXlHaEIRShCEYpQhCIUoQhFKEIRilCEIhShCEWoAaFarMy9QuzLsXviipMTm6tWzb2EJEIRilCEIhShCEUoQhGKUIQiFKEIRShCEYpQ80LFmq+5+b6xntu5Vq16rjVmO9s6QhGKUIQiFKEIRShCEYpQhCIUoQhFKEIR6ktCXVGjtA5wqxac26OdXe2Siu3G1ahVqIQiFKEIRShCEYpQhCIUoQhFKEIRilCEItTdQsVOe2wo5wyKfblF/84irFX7Ljl0SzQnFKEIRShCEYpQhCIUoQhFKEIRilCEIhSh3hJKRIRQIkIoERFCiYgQSkQIJSJCKBEhlIgIoURECCUihBIRIZSIEEpEhFAiIoQSEUKJiBBKRAglIkIoERFCiQihREQIJSKEEhEhlIgIoURkf/4D9Mj/NV+ZvD8AAAAASUVORK5CYII=', '00020101021226820014br.gov.bcb.pix2560qrpix-h.bradesco.com.br/9d36b84f-c70b-478f-b95c-12729b90ca255204000053039865406100.005802BR5905ASAAS6009JOINVILLE62070503***6304474A', '2024-12-06 23:59:59', NULL, NULL, '2024-12-06 17:16:18', '2024-12-06 17:21:14'),
(20, 6, 4, 'cus_000006382413', 23, '', 'sub_czefy5m1694b1hl4', '205.532.407-14', 'monthly', '200.00', 'PIX', NULL, NULL, 'INACTIVE', '2024-12-06', '2025-01-06', NULL, 'iVBORw0KGgoAAAANSUhEUgAAAYsAAAGLCAIAAAC5gincAAAOXklEQVR42u3aUY4rNxADQN//0skNAgSrZlOa4u9s7LHUKj2A+f0jItKanyUQEUKJiBBKRAglIkIoESGUiAihREQIJSKEEhEhlIgQSkSEUCIihBIRQomIEEpECCUiQigREUKJCKFERAglIoQSESGUiAihRIRQIiLlQv1S+e/v/ctb/a9P/stqbH3U1ktubejcD/zLqJTMc+yEEopQhCIUoQhFKEIRilCEIhShCEUoQhGKUB8WKvbJc8rEhiPXjFS+89ZbzUlRcnBKTiihCEUoQhGKUIQiFKEIRShCEYpQhCIUoQhFqIHjffCT57ahpBkp+aiDv3eOs5KStKSO3Fo6QhGKUIQiFKEIRShCEYpQhCIUoQhFKEIRilADv/8K+0qKv63eM7b7c997xSVKKEIRilCEIhShCEUoQhGKUIQiFKEIRShCEYpQf36rmBSxnii2Vlv7e/AHxras5CmhCEUoQhGKUIQiFKEIRShCEYpQhCIUoQhFqO0maG6wYm3O1hdt/YS5au+gQXNvdfCdY7twx9knFKEIRShCEYpQhCIUoQhFKEIRilCEIhSh7hYqtt+eeuppuI2N1dyE8tRTQhGKUJ56SihCeeqpp4QilKeeEuo2obYyx9nBFmmrcCyZwtiVE+s9Dw7DVrV3x+kmFKEIRShCEYpQhCIUoQhFKEIRilCEIhShnhJqq60rmf45sB7IQSkOnue5P56bydhqPNjlEYpQhCIUoQhFKEIRilCEIhShCEUoQhGKUAsGba1drETb+uTYHs31UyU/YQudkncuqRQJRShCEYpQhCIUoQhFKEIRilCEIhShCEWoy7u8zk2aG7tYlTlnwdbSzc33wbfaaidjF9Lc8BOKUIQiFKEIRShCEYpQhCIUoQhFKEIRilBfEmqu24oVjp0Ez43d3Ermup6lkxO7RUq6aUIRilCEIhShCEUoQhGKUIQiFKEIRShCEYpQ8b7mxhplDqytLi+GbAmjW3dMybEqpZ9QhCIUoQhFKEIRilCEIhShCEUoQhGKUIS6TKiSMitWwWwdhli1N7ewMQpL7phYa/ZeZ0ooQhGKUIQiFKEIRShCEYpQhCIUoQhFKEJ9qcu7sSabK2g6r41YYgsb+96S0jB2lxOKUIQiFKEIRShCEYpQhCIUoQhFKEIRilAfFupguTNXwMU4i23/FdM/t1adVddWdxlbHEIRilCEIhShCEUoQhGKUIQiFKEIRShCEYpQ24cw1lBsFUNbFdvchm41fVtv1dnHdV4bhCIUoQhFKEIRilCEIhShCEUoQhGKUIQi1FtCxcZ9q4M4OO4lbl5R/M398dZcbf382B1DKEIRilCEIhShCEUoQhGKUIQiFKEIRShCEaqsNykBq6SgOdiazX3U1i5c0fNewQqhCEUoQhGKUIQiFKEIRShCEYpQhCIUoQhFqPmRndvRLUe2ir+tPdq6zGJ1c8kOzm1ZTDdCEYpQhCIUoQhFKEIRilCEIhShCEUoQhHqLaHmDvAWWO/1U51NbsnUxVrvkjpyznpCEYpQhCIUoQhFKEIRilCEIhShCEUoQhHqaaG2jvcVXU/JUMZO7JwysU/e0vzGlRzUnFCEIhShCEUoQhGKUIQiFKEIRShCEYpQhLpbqFi5E2soSg5SbNnnGL2RldhqlJRoJSEUoQhFKEIRilCEIhShCEUoQhGKUIQiFKFuE6qkGoiVhrGnc5zF+J7rarfAmrtTY2X03JYRilCEIhShCEUoQhGKUIQiFKEIRShCEYpQHxbqioEuOSqxtdryOnY/zd0xJZfKVrVXUhoSilCEIhShCEUoQhGKUIQiFKEIRShCEYpQbwk1d2K3JjhWdMbOxm8sMaFiRVjsNWLTXlKSEopQhCIUoQhFKEIRilCEIhShCEUoQhGKUF8SaoukOWVihyG2KbEmaG5htyrUWA0ac2RtYglFKEIRilCEIhShCEUoQhGKUIQiFKEIRai7hYrVN3N1RkmpFHuruaMSq6tKLoaDX7TV5c0BTShCEYpQhCIUoQhFKEIRilCEIhShCEUoQn1JqK0TG1voLYNiSxej4SCUW7MRG+CSiu2FLo9QhCIUoQhFKEIRilCEIhShCEUoQhGKUIQaEWrreM8xGvtvr8A9tvtbms+VaFvvXPJFhCIUoQhFKEIRilCEIhShCEUoQhGKUIQi1JeEmqtvYhOcayhSJ+cKsEpugoOnfasFLjmwhCIUoQhFKEIRilCEIhShCEUoQhGKUIQi1IeF6qTh4HmeG7tYLxajYeswHNyFkqnrbFRjx5lQhCIUoQhFKEIRilCEIhShCEUoQhGKUIS6TaiDQznXMcWEio3dXBP0SyU37qnTvnWsOs8RoQhFKEIRilCEIhShCEUoQhGKUIQiFKEIRaj5nii2DQeVKemY5lSda4I6K6e5iS05R3PfSyhCEYpQhCIUoQhFKEIRilCEIhShCEUoQr0l1NzKllQ/sQLu4GpsjWxs+rdWsrMIK5kcQhGKUIQiFKEIRShCEYpQhCIUoQhFKEIRilADs1Ii49xAzw1HyU0QW5zOsjI27bFPzrXPhCIUoQhFKEIRilCEIhShCEUoQhGKUIQi1GVCzcFRcrznxu69MqtT5K1bc87crV2IgUUoQhGKUIQiFKEIRShCEYpQhCIUoQhFKELdJlSnIzEo17awcs62VI21z52d6dY/OAhFKEIRilCEIhShCEUoQhGKUIQiFKEIRShCzTdQBy14oIE6aEFuzpbayTl0YuN90JGtjyIUoQhFKEIRilCEIhShCEUoQhGKUIQiFKG+JFTnmdw6zwensBOOre4yRuHWSh7c/ZJjRShCEYpQhCIUoQhFKEIRilCEIhShCEUoQn1JqLn5jjUyWz1gLHO3yNwezQ1h50xudWoldwyhCEUoQhGKUIQiFKEIRShCEYpQhCIUoQh1uVA3NlBzf3zw528dpJgFnWdyrhaM2Rcb7yv/bwNCEYpQhCIUoQhFKEIRilCEIhShCEUoQhEq0eUddCTWbV1hQUmLtHWQthx5bxiuqPYIRShCEYpQhCIUoQhFKEIRilCEIhShCEWoy4UqWY7Y8T447rEGaqv3LBmVkha4ZPhj3TShCEUoQhGKUIQiFKEIRShCEYpQhCIUoQj1tFBzP2muvLuiRIv1U1sFXKd9sfGOveSNYBGKUIQiFKEIRShCEYpQhCIUoQhFKEIRilC3CbW1wVc0UHOnPabb3IY+QEPsupq76WM/n1CEIhShCEUoQhGKUIQiFKEIRShCEYpQhHpaqIMHKVbelbR1V1hw0L6tPYppfnAYYvVrrCInFKEIRShCEYpQhCIUoQhFKEIRilCEIhShPixUbLAOnquSei62GrGboKS67ZyNEjdjx5lQhCIUoQhFKEIRilCEIhShCEUoQhGKUIR6S6jObejsxWL0vz/BqdmItVcxkTt/L6EIRShCEYpQhCIUoQhFKEIRilCEIhShCPUloWJ7VjLfJU8PYlfSmsVO3VzfOndPxP5J8WCXRyhCEYpQhCIUoQhFKEIRilCEIhShCEUoQt3dUJSUWbGjcnB0Yp8cO8AH/3juiG6VwgeH4Y4uj1CEIhShCEUoQhGKUIQiFKEIRShCEYpQhLpbqINrF3NkqzWLvdXWWpUUrHMfFbtUDn4RoQhFKEIRilCEIhShCEUoQhGKUIQiFKEIRagBoeamYe5sxNq6zgLuivr1imYz1gLHimxCEYpQhCIUoQhFKEIRilCEIhShCEUoQhGKUAPrnusROo73Vg8YOwyxsrJku2OcxRaHUIQiFKEIRShCEYpQhCIUoQhFKEIRilCEItT2EZ17jYNvNVftxbCb27KSYnfrYiip9uaQJRShCEUoQhGKUIQiFKEIRShCEYpQhCIUob4k1BY6sRN7RWkYq/ZK6I9VbFtN7tbwb9WvhCIUoQhFKEIRilCEIhShCEUoQhGKUIQiFKHmK6eSdjJWV3WObMnFcNDNG7vpK6o9QhGKUIQiFKEIRShCEYpQhCIUoQhFKEIR6nKhYlMYI2mun+q0L2bQVqUYG8JYWRlb9he6PEIRilCEIhShCEUoQhGKUIQiFKEIRShCEWq/y5srlbYqiYP7vbULse6yMw9UxjGCY/tLKEIRilCEIhShCEUoQhGKUIQiFKEIRShCvSXU1hbGxu69j9qiv2TLtpqvWLN5sBUlFKEIRShCEYpQhCIUoQhFKEIRilCEIhShCLW9siV1VWxWtvqaWLbaqxsP8Nb1/H6XRyhCEYpQhCIUoQhFKEIRilCEIhShCEUoQl2Wg+VOCdAxdLYqxU6Dti6z2B9v/QuDUIQiFKEIRShCEYpQhCIUoQhFKEIRilCE+pJQW13PXMswd7wPjvucqlvv3Ln7VyzOVjc9ePETilCEIhShCEUoQhGKUIQiFKEIRShCEYpQdwtVUpPFfkKsrjrY9Ryc763u8uMVamffSihCEYpQhCIUoQhFKEIRilCEIhShCEUoQhFqoCko2aS5Gd1qgg6e55LDv/VFseGfu5BKyjtCEYpQhCIUoQhFKEIRilCEIhShCEUoQhGKUGUH+MZ6rgTKGBy5ozJWZZasRglJhCIUoQhFKEIRilCEIhShCEUoQhGKUIQiFKHmu7xY81XydKvrOfjOW0MYE3lrzDpJIhShCEUoQhGKUIQiFKEIRShCEYpQhCIUoZ4WqqRG6TzAW7Xg3B5t3UBXVGw3rsZahUooQhGKUIQiFKEIRShCEYpQhCIUoQhFKELdLVTstMeGcq7rib3GHP1zN0HsBpqr2Eouhq3tJhShCEUoQhGKUIQiFKEIRShCEYpQhCIUob4klIgIoUSEUCIihBIRIZSIEEpEhFAiQigREUKJiBBKRAglIkIoESGUiAihREQIJSKEEhEhlIgQSkSEUCIihBIRQomIEEpECCUiQigREUKJSH/+BcxhPuj8389RAAAAAElFTkSuQmCC', '00020101021226820014br.gov.bcb.pix2560qrpix-h.bradesco.com.br/9d36b84f-c70b-478f-b95c-12729b90ca255204000053039865406200.005802BR5905ASAAS6009JOINVILLE62070503***630490C7', '2024-12-06 23:59:59', NULL, NULL, '2024-12-06 17:21:14', '2024-12-06 17:27:20'),
(21, 6, 2, 'cus_000006382413', 24, '', 'sub_ym61y3fs2vvr2mux', '004.494.940-55', 'monthly', '50.00', 'PIX', NULL, NULL, 'INACTIVE', '2024-12-06', '2025-01-06', NULL, 'iVBORw0KGgoAAAANSUhEUgAAAYsAAAGLCAIAAAC5gincAAAOW0lEQVR42u3aQZIjORIDQP3/0z1vGCsGAmQ6rlktKcmgc2yxv38iIq35WQIRIZSICKFEhFAiIoQSEUKJiBBKRIRQIkIoERFCiQihREQIJSJCKBEhlIgIoUSEUCIihBIRIZSIEEpEhFAiQigREUKJiBBKRAglIlIu1C+Vv3zvwd98cHHm/m3sk+dW8sZB+l9v9JensWmfOxqEIhShCEUoQhGKUIQiFKEIRShCEYpQhCLU00LFPjm2KwdPe2yDO3/knFBzqsZwj+3+HZ9MKEIRilCEIhShCEUoQhGKUIQiFKEIRShCPSXUXFEyV7LE6pu5/S75qK1WtGTZO0WOnVBCEYpQhCIUoQhFKEIRilCEIhShCEUoQhGKUPH3nyNpbmTnhrKEs62qK/Zv54Z/7gwSilCEIhShCEUoQhGKUIQiFKEIRShCEYpQhHpXqM4KJjZJJRMcIzjmSGyuSp4SilCEIhShCEUoQhGKUIQiFKEIRShCEYpQhNpugkpO7BVzNleDzjky59fc+8Z+c4nmLZ9MKEIRilCEIhShCEUoQhGKUIQiFKEIRShC3S1UbL899dTTe9tYQnnqqaeEIpSnnhKKUObMU08JRShPPSXUW0Jt5S+cxYqSrU8umcJY/xj73s4t+/dcCEUoQhGKUIQiFKEIRShCEYpQhCIUoQhFqLeE2mrrtpSZ+6j3Mqf5X87z3B9v3W0HV+PBLo9QhCIUoQhFKEIRilCEIhShCEUoQhGKUIRaMGjuDWM/o+SIdmIXu0XmfmRn/Rr7zSWVIqEIRShCEYpQhCIUoQhFKEIRilCEIhShCHV5lze3SbFPnvuo2OvHlm6rroqNaCfQnc0moQhFKEIRilCEIhShCEUoQhGKUIQiFKEI9WGhDq5d7HvnDuFBC0pmJXYY5o7KYOW0dLfdWIITilCEIhShCEUoQhGKUIQiFKEIRShCEYpQHxZqroPoRGfue7d6wE443ms2Y9fV1n9SEIpQhCIUoQhFKEIRilCEIhShCEUoQhGKUE8LFRudzrrqCt224Cgp4GIF61ZXGysrc4eOUIQiFKEIRShCEYpQhCIUoQhFKEIRilCEukyouQ2OdVtzo1NygLfWqoSGTnRKyujYRxGKUIQiFKEIRShCEYpQhCIUoQhFKEIRilBPC/WXN9zqIGKH8Ir2KrYLW2s1dxNs4R7zeq1DJBShCEUoQhGKUIQiFKEIRShCEYpQhCIUoQh1oAqZm6TYFs6NbAmFc5uy1T9egU7nnUooQhGKUIQiFKEIRShCEYpQhCIUoQhFKEJdLtTcryz53tjZiOF+cKA7z3Os+Jv7kSVl9FoXTyhCEYpQhCIUoQhFKEIRilCEIhShCEUoQj0l1G8pB6e/s2LrPPyxXYiZ2+nmwQH+VxlCEYpQhCIUoQhFKEIRilCEIhShCEUoQhHqcqFitcLcNswdpJJPjhWOW5fZjW1dyQ5uXSqEIhShCEUoQhGKUIQiFKEIRShCEYpQhCLU00JtbWGsGNr64zncH1iNLfu2sIs9jdWChCIUoQhFKEIRilCEIhShCEUoQhGKUIQi1G1CdbZXLQs9Ng1zTdBWpxazYOvm6/Q6NsCEIhShCEUoQhGKUIQiFKEIRShCEYpQhCLUl4T6y3DMfdRcExQbrCvKrCvMjV2EV1jQGUIRilCEIhShCEUoQhGKUIQiFKEIRShCEeo2oUpWNnaQ5p4+MKPPF46d90TsZxCKUIQiFKEIRShCEYpQhCIUoQhFKEIRilCEGpAi1m1dUfzFZrTzyom94I1dbWyPSi5CQhGKUIQiFKEIRShCEYpQhCIUoQhFKEIR6sNC3djWbTVBW53a3CtsNVBzd2rsjtm6cQcPO6EIRShCEYpQhCIUoQhFKEIRilCEIhShCPWUUCWbdKMysQYqVr+WtKJXoDPH9xXVHqEIRShCEYpQhCIUoQhFKEIRilCEIhShCHW5UHNnY6vqKhnorSMa6+NiN18nwVvX1cEQilCEIhShCEUoQhGKUIQiFKEIRShCEYpQhNo+sbGFvsKguTan5FLZapDnVmPuvwNuDKEIRShCEYpQhCIUoQhFKEIRilCEIhShCHWbUFc0MrFSaasY2hrZK17/gXL2gYUlFKEIRShCEYpQhCIUoQhFKEIRilCEIhShnhbq4K5s1Te5hmLp5HSeq63LLNYwHlycrR5w7aQQilCEIhShCEUoQhGKUIQiFKEIRShCEYpQlwkV+5/3Yzsaayc765tY5VTyUZ1T1zk5OTcJRShCEYpQhCIUoQhFKEIRilCEIhShCEWoy4Sa0+3g4Y8JVTJ2Bxnd6hBjT2N/XHJSOv+TglCEIhShCEUoQhGKUIQiFKEIRShCEYpQhHpaqLkuILYNB5WJ/aqD53muFY2Vd1f0y3N93Fy190KXRyhCEYpQhCIUoQhFKEIRilCEIhShCEUoQrXvytbYzRVwJVVXyffGln1urQ4OYWzqttAhFKEIRShCEYpQhCIUoQhFKEIRilCEIhShnhbqdy4H7Ysdld9YSsZ9q2/trBTnRnTrizr9IhShCEUoQhGKUIQiFKEIRShCEYpQhCIUod4S6ooJniuGSnrPOdxLtix2YjtpiO1CbgcJRShCEYpQhCIUoQhFKEIRilCEIhShCEWoDwm1dZ4PbnBJEdYJVuyNDj4tuXJKSsO1GpRQhCIUoQhFKEIRilCEIhShCEUoQhGKUIR6WagtC64oDecOUmxTYnsUq9hiv2rrpo+hQyhCEYpQhCIUoQhFKEIRilCEIhShCEUoQj0t1Fwx1NnmPDBnBw9wyXzH7Nvql2M334NdHqEIRShCEYpQhCIUoQhFKEIRilCEIhShCJUQ6reUWCPz3guWNFBbrWhscmJrFeMsd+UQilCEIhShCEUoQhGKUIQiFKEIRShCEYpQTwm19UVzR2Wt3Rgzd6uc7ezyDt5eWxVbbLxf6PIIRShCEYpQhCIUoQhFKEIRilCEIhShCEWo/WyVaLGfUbJ0sepnbnHmCO4chq0xK6n2CEUoQhGKUIQiFKEIRShCEYpQhCIUoQhFqNuEunFHD/ZTV0ixpdvWPRE7/CWDNHcWCEUoQhGKUIQiFKEIRShCEYpQhCIUoQhFKELN+7WFzlaNEusuS/bo4OvHTk7JiY0R3AkWoQhFKEIRilCEIhShCEUoQhGKUIQiFKEI9bRQc47ENnjrN291PVfotnUhba3V1lnIbQqhCEUoQhGKUIQiFKEIRShCEYpQhCIUoQh1t1Cxumpuz0o4mzNoy69YsVtyT5SsVazpIxShCEUoQhGKUIQiFKEIRShCEYpQhCIUoQhVNqOxnmhuCrcOw9ZKxkqlrZJ0i8KS64pQhCIUoQhFKEIRilCEIhShCEUoQhGKUIT6klBz4z73x3Mkzf3brd5zq4GaG7OtQZpbja0dJBShCEUoQhGKUIQiFKEIRShCEYpQhCIUoQg1cCbnFjrW5sTqqt9YYgcptt1bLWGscZtb2Pf/3waEIhShCEUoQhGKUIQiFKEIRShCEYpQhCJUHVgxOLZY6ezyYn4d/FVzp33uiMZuvrkxe6HLIxShCEUoQhGKUIQiFKEIRShCEYpQhCIUoRKvNGdB7Hu3tn9uOOb8Khmk2EfFmr6tQSIUoQhFKEIRilCEIhShCEUoQhGKUIQiFKEItV3PXXFytqahRLeS/nHrN28t3VzdXNIwEopQhCIUoQhFKEIRilCEIhShCEUoQhGKULcJVbIcWyTFyspYyRI7DHOzkaucUtdVyR/H1plQhCIUoQhFKEIRilCEIhShCEUoQhGKUIS6TaiDB3ir3Im5GXPkN5atK+fgXM2t1dyd2knw4PcSilCEIhShCEUoQhGKUIQiFKEIRShCEYpQTwk1Z8HcQdqqBUvQ6TQo1k/N1WQll/cWsoQiFKEIRShCEYpQhCIUoQhFKEIRilCEIhSh4tl6wZIjWtKZzlWoB8EquVTm7ItNDqEIRShCEYpQhCIUoQhFKEIRilCEIhShCPVhoUqmMLZJc6VSrPrZKjq3mty50x4TKlagH3x9QhGKUIQiFKEIRShCEYpQhCIUoQhFKEIR6ktCzR2krQNcUoTFViNWG20VcJ1X7NYObu0RoQhFKEIRilCEIhShCEUoQhGKUIQiFKEI9WGhtr7ot5TYb+5szWLfG+OspJyNvcLW6SYUoQhFKEIRilCEIhShCEUoQhGKUIQiFKG+JNRWaxZrZGKn7uAr/G5IyWqUHODYDn6uyyMUoQhFKEIRilCEIhShCEUoQhGKUIQiFKEuy1a3VTIrW13ewT2aqwVju3/wFWKd6cFXmAOLUIQiFKEIRShCEYpQhCIUoQhFKEIRilCEuk2ozjZnbs/m/ji3/WNH5WD1U9LllSzOXAHXWVYSilCEIhShCEUoQhGKUIQiFKEIRShCEYpQlwtV8slrK7vUqhy8NkreqOR4b5WGnV0eoQhFKEIRilCEIhShCEUoQhGKUIQiFKEIRaiyKYz1gFvbP3dED65GbOlKlJm7J7YupFiDTChCEYpQhCIUoQhFKEIRilCEIhShCEUoQhEqLtSNhVTJH5dAuVUZx5AtKdAJRShCEYpQhCIUoQhFKEIRilCEIhShCEUoQn21y4s93WJlq+specHOei72glt3OaEIRShCEYpQhCIUoQhFKEIRilCEIhShCEWo+ZJlrpLYKlm2Dv9WETbn9RUVW8n+dg4SoQhFKEIRilCEIhShCEUoQhGKUIQiFKEI9ZZQsdpo62d09nEHD8PWTRArwrZ+xhUXQ8vNRyhCEYpQhCIUoQhFKEIRilCEIhShCEUoQl0mlIgIoUSEUCIihBIRIZSIEEpEhFAiQigREUKJiBBKRAglIkIoESGUiAihREQIJSKEEhEhlIgQSkSEUCIihBIRQomIEEpECCUiQigREUKJSH/+A/ilKiensLTwAAAAAElFTkSuQmCC', '00020101021226820014br.gov.bcb.pix2560qrpix-h.bradesco.com.br/9d36b84f-c70b-478f-b95c-12729b90ca25520400005303986540550.005802BR5905ASAAS6009JOINVILLE62070503***63044E4B', '2024-12-06 23:59:59', NULL, NULL, '2024-12-06 17:27:19', '2024-12-06 17:30:45'),
(22, 6, 1, 'cus_000006382413', 25, '', 'sub_0ekdza8u3zwl993d', '004.494.940-55', 'monthly', '100.00', 'PIX', NULL, NULL, 'INACTIVE', '2024-12-06', '2025-01-06', NULL, 'iVBORw0KGgoAAAANSUhEUgAAAYsAAAGLCAIAAAC5gincAAAOTklEQVR42u3ZQW4kORADQP//094fDLCwkkypgtfuaVdJqdAA/PkVEdmaH0sgIoQSESGUiBBKRIRQIkIoERFCiYgQSkQIJSJCKBEhlIgIoURECCUihBIRIZSIEEpEhFAiIoQSEUKJiBBKRAglIkIoERFCiQihRESWC/WTyr//buzTv6xG66daD/m/1vkvX557jIOjcnAmW0s3N5OEIhShCEUoQhGKUIQiFKEIRShCEYpQhCLUW0LFfjlmUOsQxm6RmIxzu9Caq7nHeOCEEopQhCIUoQhFKEIRilCEIhShCEUoQhGKUIQaON6xX45xFmvrWj918H2vuBjmXjAm8pY7lVCEIhShCEUoQhGKUIQiFKEIRShCEYpQhCLU+bMRe+YripLWEW3tfuv2WnIhEYpQhCIUoQhFKEIRilCEIhShCEUoQhGKUIQi1J+f6opebMkEL9nfgy8Yq/aWfEooQhGKUIQiFKEIRShCEYpQhCIUoQhFKEIRalnldHCwYm3O3GFovUKsU5sjeO6p5jZ0bhfuOPuEIhShCEUoQhGKUIQiFKEIRShCEYpQhCLU3ULF9tunPvVpuI2d6z0J5VOf+pRQhPKpTwlFKHPmU58SilA+9SmhLheqlblu64HCcckUxq6cJbPR2rLf50IoQhGKUIQiFKEIRShCEYpQhCIUoQhFKEK9JVSrrVviyNwfeiCt4/2XUTmo25ybc6vxYJdHKEIRilCEIhShCEUoQhGKUIQiFKEIRShCFQxqrd0cZ61SKbZWS+CIXYQtdJY885JKkVCEIhShCEUoQhGKUIQiFKEIRShCEYpQhLq8y9u5SXNj1zo5scVZYn1rROf4nhvCVrNJKEIRilCEIhShCEUoQhGKUIQiFKEIRShCfViouW4rVjjuJHjnad/S9ZROztydOifjwYklFKEIRShCEYpQhCIUoQhFKEIRilCEIhShCDV/cnbWKC2wrij+dhZDc5MTe/3YsVpKP6EIRShCEYpQhCIUoQhFKEIRilCEIhShCHWZUK0NPtjH7WR0rnCM/duYm7FbZGdr9l5nSihCEYpQhCIUoQhFKEIRilCEIhShCEUoQt0mVGz7WzVZrCfaeW3EMtd8xWqyln0773JCEYpQhCIUoQhFKEIRilCEIhShCEUoQhHqS0LNneeDo3PwiMYWJ3Y2YgvbKpVaOxjrLmOLQyhCEYpQhCIUoQhFKEIRilCEIhShCEUoQhGqfQjnxj32h2LTP/eCc/QftK/1VDcO/5KfIhShCEUoQhGKUIQiFKEIRShCEYpQhCIUoS4Xasm4t8qOg2XWkt5zSfE39+VWt9V6/dgdQyhCEYpQhCIUoQhFKEIRilCEIhShCEUoQhFqvjdpHeBYi7RkFw7u4NzrL2n65h7yRlYIRShCEYpQhCIUoQhFKEIRilCEIhShCEUoQt28oy1H5h5yydloXWZL6ubYDs4tTks3QhGKUIQiFKEIRShCEYpQhCIUoQhFKEIR6i2hlpznVk12RT+1s8mNTV1srmK3dQwsQhGKUIQiFKEIRShCEYpQhCIUoQhFKEIRilADuzLnV6vrWTKUMc5aQB9cjZbmrffd+b8EQhGKUIQiFKEIRShCEYpQhCIUoQhFKEIR6nKhYuVObApb2LWWfUnHtISVlqqtEm1JCEUoQhGKUIQiFKEIRShCEYpQhCIUoQhFqNuEWlINxIqS2KcHK7Yr0Lmxj5t7yCX1XEtGQhGKUIQiFKEIRShCEYpQhCIUoQhFKEIR6q0ur9Ux7Twqc6/QesjY8Y7dMUsulVa1t6Q0JBShCEUoQhGKUIQiFKEIRShCEYpQhCIUob4kVKz5ak1DrHGL3ROxMit2IcXMXXJt7CxJCUUoQhGKUIQiFKEIRShCEYpQhCIUoQhFqC8JFetNYsrEDkPr2ogxGqtQ57yO1aAxR2oTSyhCEYpQhCIUoQhFKEIRilCEIhShCEUoQt0t1NxRmeNsZ6kUe6q56mcOyp0Xg+qWUIQiFKEIRShCEYpQhCIUoQhFKEIRilCEIlT1xMYWumVQbOnmOqa5bqs1G7EBjl1IS0IoQhGKUIQiFKEIRShCEYpQhCIUoQhFKELdJlTreC+pFOfqyCtwbxVwc6VhbENjX17ybwlFKEIRilCEIhShCEUoQhGKUIQiFKEIRainhZqrb2K9WK6hSJ2cWKk0N7JLGsa5eW6VhrG+lVCEIhShCEUoQhGKUIQiFKEIRShCEYpQhPqSUDtpmJvvg8PReubYG8UOw9wzt6ZuSZfXOs6EIhShCEUoQhGKUIQiFKEIRShCEYpQhCLUbUIdHMqDHVNszmKTtOSXY7Xgzg1t3bixPfrdEUIRilCEIhShCEUoQhGKUIQiFKEIRShCEeotoQ6eq4ObFHvmVi/W6onmmqCdldPcxC45R3N/l1CEIhShCEUoQhGKUIQiFKEIRShCEYpQhHpLqNhRaVU/rZqstRpzTxX78twz7yzCYnuUeyNCEYpQhCIUoQhFKEIRilCEIhShCEUoQhHqKaHmztWSMutnLK1rY26Pdi5Oawhjp2zuTiUUoQhFKEIRilCEIhShCEUoQhGKUIQiFKEINQ/HA8c7VqItKbN2FmEHF2dunq/YhdgOEopQhCIUoQhFKEIRilCEIhShCEUoQhGKULcJtdORGJS1LSzNWezULdnumH0xr5d0iIQiFKEIRShCEYpQhCIUoQhFKEIRilCEItSXhFpiwRWlYayPa833nF83Etxqn2M/RShCEYpQhCIUoQhFKEIRilCEIhShCEUoQn1JqJ1ncu48x2iI9YAH25wHKIz93bndX3KsCEUoQhGKUIQiFKEIRShCEYpQhCIUoQhFqC8JNXeeY41Mqwdc0hO1is6Y5lesc6tTW3LHEIpQhCIUoQhFKEIRilCEIhShCEUoQhGKUJcL1WqgWr1Jrd0oORKr9pacyblaMGbfA9UtoQhFKEIRilCEIhShCEUoQhGKUIQiFKEIdZtQBzd47pd3Fo6tsZtbjSW17/PD0PpDV3Z5hCIUoQhFKEIRyjAQilCEIhShCGUoCWUYCFUQqrUcsaJkbtxbIxv7ckvGVvPV0m2urCQUoQhFKEIRilCEIhShCEUoQhGKUIQiFKEItayBuvHwz1VOsdXYWfzNveCSExsTaglYhCIUoQhFKEIRilCEIhShCEUoQhGKUIQi1G1CtTa4Vd61+G7pNrehsW7rihu3dVJir08oQhGKUIQiFKEIRShCEYpQhCIUoQhFKEI9LdTcUWkZtHPsWnXV3IbOERwb0blhiNWvO+8JQhGKUIQiFKEIRShCEYpQhCIUoQhFKEIR6mmhWtXPkmlYUoRdMaNzlfHO2VjiZuw4E4pQhCIUoQhFKEIRilCEIhShCEUoQhGKUG8JtXMblvRiO0laUt61KuODv3yjyDvfl1CEIhShCEUoQhGKUIQiFKEIRShCEYpQhPqSULE92znfc8Vf6xC2GtXYqZtbnLnGLfZfige7PEIRilCEIhShCEUoQhGKUIQiFKEIRShCEeruhiJWGi45KgdH5wpHWl+eO6Kx9nluzO7o8ghFKEIRilCEIhShCEUoQhGKUIQiFKEIRai7hYrVZK3ScO4V5rq8uZFdAuXcU8UuldbtRShCEYpQhCIUoQhFKEIRilCEIhShCEUoQhHqhFBz0zDXqsTaula1FzvtsbZuSWcao6FVZBOKUIQiFKEIRShCEYpQhCIUoQhFKEIRilCEmm+RWm62aqO5kzPXt86t8xILlhz+G+9jQhGKUIQiFKEIRShCEYpQhCIUoQhFKEIR6mmhYke0hc5cixT7u7FObe4hd14MrSGc+19CjCRCEYpQhCIUoQhFKEIRilCEIhShCEUoQhHqcqFa6MwdpNw2jK1Gq+q6oydKvdGSy3sJsoQiFKEIRShCEYpQhCIUoQhFKEIRilCEIhSh4vlNZWddtXNk53bw4O4vKTpjUuys9ghFKEIRilCEIhShCEUoQhGKUIQiFKEIRagvCTX3d3dWbEssaEF5xcLuLLLnLv6WjIQiFKEIRShCEYpQhCIUoQhFKEIRilCEItSHhZorlVpncsuO7niFVqO6pLx7YAdb5R2hCEUoQhGKUIQiFKEIRShCEYpQhCIUoQj1tFCtLZyrfloFTeynYvTvXOdW8zUHx8G1yl0bhCIUoQhFKEIRilCEIhShCEUoQhGKUIQi1MtCPdC4xc5GrFX52ZG5DY1tyo11ZGydCUUoQhGKUIQiFKEIRShCEYpQhCIUoQhFqKeF2rkrrcdYchjmOrW5+rVlUOwya3259T8MQhGKUIQiFKEIRShCEYpQhCIUoQhFKEIR6ktCtbqe2J61DBrc/lSF2lL1a4szx2jt4icUoQhFKEIRilCEIhShCEUoQhGKUIQiFKHuFuqKX57riWJTeHDsDr5CrK2LHe8ld9sVfSuhCEUoQhGKUIQiFKEIRShCEYpQhCIUoQhFqIGm4IpD2Op6lpznWHe5RJnYM8cupCXlHaEIRShCEYpQhCIUoQhFKEIRilCEIhShCEWoAaFarMy9QuzLsXviipMTm6tWzb2EJEIRilCEIhShCEUoQhGKUIQiFKEIRShCEYpQ80LFmq+5+b6xntu5Vq16rjVmO9s6QhGKUIQiFKEIRShCEYpQhCIUoQhFKEIR6ktCXVGjtA5wqxac26OdXe2Siu3G1ahVqIQiFKEIRShCEYpQhCIUoQhFKEIRilCEItTdQsVOe2wo5wyKfblF/84irFX7Ljl0SzQnFKEIRShCEYpQhCIUoQhFKEIRilCEIhSh3hJKRIRQIkIoERFCiYgQSkQIJSJCKBEhlIgIoURECCUihBIRIZSIEEpEhFAiIoQSEUKJiBBKRAglIkIoERFCiQihREQIJSKEEhEhlIgIoURkf/4D9Mj/NV+ZvD8AAAAASUVORK5CYII=', '00020101021226820014br.gov.bcb.pix2560qrpix-h.bradesco.com.br/9d36b84f-c70b-478f-b95c-12729b90ca255204000053039865406100.005802BR5905ASAAS6009JOINVILLE62070503***6304474A', '2024-12-06 23:59:59', NULL, NULL, '2024-12-06 17:30:44', '2024-12-06 17:34:17');
INSERT INTO `tb_subscriptions` (`id`, `user_id`, `plan_id`, `customer_id`, `order_id`, `subscription_id`, `payment_id`, `cpf`, `cycle`, `price`, `payment_method`, `payment_status`, `link_pagamento`, `status`, `creation_date`, `due_date`, `payment_date`, `pix_encoded_image`, `pix_code`, `pix_expiration_date`, `card_last_digits`, `card_brand`, `created_at`, `updated_at`) VALUES
(23, 6, 4, 'cus_000006382413', 26, '', 'sub_her3jfmqzrq9725k', '004.494.940-55', 'monthly', '200.00', 'PIX', 'PAID', NULL, 'INACTIVE', '2024-12-06', '2025-01-06', NULL, 'iVBORw0KGgoAAAANSUhEUgAAAYsAAAGLCAIAAAC5gincAAAOXklEQVR42u3aUY4rNxADQN//0skNAgSrZlOa4u9s7LHUKj2A+f0jItKanyUQEUKJiBBKRAglIkIoESGUiAihREQIJSKEEhEhlIgQSkSEUCIihBIRQomIEEpECCUiQigREUKJCKFERAglIoQSESGUiAihRIRQIiLlQv1S+e/v/ctb/a9P/stqbH3U1ktubejcD/zLqJTMc+yEEopQhCIUoQhFKEIRilCEIhShCEUoQhGKUB8WKvbJc8rEhiPXjFS+89ZbzUlRcnBKTiihCEUoQhGKUIQiFKEIRShCEYpQhCIUoQhFqIHjffCT57ahpBkp+aiDv3eOs5KStKSO3Fo6QhGKUIQiFKEIRShCEYpQhCIUoQhFKEIRilADv/8K+0qKv63eM7b7c997xSVKKEIRilCEIhShCEUoQhGKUIQiFKEIRShCEYpQf36rmBSxnii2Vlv7e/AHxras5CmhCEUoQhGKUIQiFKEIRShCEYpQhCIUoQhFqO0maG6wYm3O1hdt/YS5au+gQXNvdfCdY7twx9knFKEIRShCEYpQhCIUoQhFKEIRilCEIhSh7hYqtt+eeuppuI2N1dyE8tRTQhGKUJ56SihCeeqpp4QilKeeEuo2obYyx9nBFmmrcCyZwtiVE+s9Dw7DVrV3x+kmFKEIRShCEYpQhCIUoQhFKEIRilCEIhShnhJqq60rmf45sB7IQSkOnue5P56bydhqPNjlEYpQhCIUoQhFKEIRilCEIhShCEUoQhGKUAsGba1drETb+uTYHs31UyU/YQudkncuqRQJRShCEYpQhCIUoQhFKEIRilCEIhShCEWoy7u8zk2aG7tYlTlnwdbSzc33wbfaaidjF9Lc8BOKUIQiFKEIRShCEYpQhCIUoQhFKEIRilBfEmqu24oVjp0Ez43d3Ermup6lkxO7RUq6aUIRilCEIhShCEUoQhGKUIQiFKEIRShCEYpQ8b7mxhplDqytLi+GbAmjW3dMybEqpZ9QhCIUoQhFKEIRilCEIhShCEUoQhGKUIS6TKiSMitWwWwdhli1N7ewMQpL7phYa/ZeZ0ooQhGKUIQiFKEIRShCEYpQhCIUoQhFKEJ9qcu7sSabK2g6r41YYgsb+96S0jB2lxOKUIQiFKEIRShCEYpQhCIUoQhFKEIRilAfFupguTNXwMU4i23/FdM/t1adVddWdxlbHEIRilCEIhShCEUoQhGKUIQiFKEIRShCEYpQ24cw1lBsFUNbFdvchm41fVtv1dnHdV4bhCIUoQhFKEIRilCEIhShCEUoQhGKUIQi1FtCxcZ9q4M4OO4lbl5R/M398dZcbf382B1DKEIRilCEIhShCEUoQhGKUIQiFKEIRShCEaqsNykBq6SgOdiazX3U1i5c0fNewQqhCEUoQhGKUIQiFKEIRShCEYpQhCIUoQhFqPmRndvRLUe2ir+tPdq6zGJ1c8kOzm1ZTDdCEYpQhCIUoQhFKEIRilCEIhShCEUoQhHqLaHmDvAWWO/1U51NbsnUxVrvkjpyznpCEYpQhCIUoQhFKEIRilCEIhShCEUoQhHqaaG2jvcVXU/JUMZO7JwysU/e0vzGlRzUnFCEIhShCEUoQhGKUIQiFKEIRShCEYpQhLpbqFi5E2soSg5SbNnnGL2RldhqlJRoJSEUoQhFKEIRilCEIhShCEUoQhGKUIQiFKFuE6qkGoiVhrGnc5zF+J7rarfAmrtTY2X03JYRilCEIhShCEUoQhGKUIQiFKEIRShCEYpQHxbqioEuOSqxtdryOnY/zd0xJZfKVrVXUhoSilCEIhShCEUoQhGKUIQiFKEIRShCEYpQbwk1d2K3JjhWdMbOxm8sMaFiRVjsNWLTXlKSEopQhCIUoQhFKEIRilCEIhShCEUoQhGKUF8SaoukOWVihyG2KbEmaG5htyrUWA0ac2RtYglFKEIRilCEIhShCEUoQhGKUIQiFKEIRai7hYrVN3N1RkmpFHuruaMSq6tKLoaDX7TV5c0BTShCEYpQhCIUoQhFKEIRilCEIhShCEUoQn1JqK0TG1voLYNiSxej4SCUW7MRG+CSiu2FLo9QhCIUoQhFKEIRilCEIhShCEUoQhGKUIQaEWrreM8xGvtvr8A9tvtbms+VaFvvXPJFhCIUoQhFKEIRilCEIhShCEUoQhGKUIQi1JeEmqtvYhOcayhSJ+cKsEpugoOnfasFLjmwhCIUoQhFKEIRilCEIhShCEUoQhGKUIQi1IeF6qTh4HmeG7tYLxajYeswHNyFkqnrbFRjx5lQhCIUoQhFKEIRilCEIhShCEUoQhGKUIS6TaiDQznXMcWEio3dXBP0SyU37qnTvnWsOs8RoQhFKEIRilCEIhShCEUoQhGKUIQiFKEIRaj5nii2DQeVKemY5lSda4I6K6e5iS05R3PfSyhCEYpQhCIUoQhFKEIRilCEIhShCEUoQr0l1NzKllQ/sQLu4GpsjWxs+rdWsrMIK5kcQhGKUIQiFKEIRShCEYpQhCIUoQhFKEIRilADs1Ii49xAzw1HyU0QW5zOsjI27bFPzrXPhCIUoQhFKEIRilCEIhShCEUoQhGKUIQi1GVCzcFRcrznxu69MqtT5K1bc87crV2IgUUoQhGKUIQiFKEIRShCEYpQhCIUoQhFKELdJlSnIzEo17awcs62VI21z52d6dY/OAhFKEIRilCEIhShCEUoQhGKUIQiFKEIRShCzTdQBy14oIE6aEFuzpbayTl0YuN90JGtjyIUoQhFKEIRilCEIhShCEUoQhGKUIQiFKG+JFTnmdw6zwensBOOre4yRuHWSh7c/ZJjRShCEYpQhCIUoQhFKEIRilCEIhShCEUoQn1JqLn5jjUyWz1gLHO3yNwezQ1h50xudWoldwyhCEUoQhGKUIQiFKEIRShCEYpQhCIUoQh1uVA3NlBzf3zw528dpJgFnWdyrhaM2Rcb7yv/bwNCEYpQhCIUoQhFKEIRilCEIhShCEUoQhEq0eUddCTWbV1hQUmLtHWQthx5bxiuqPYIRShCEYpQhCIUoQhFKEIRilCEIhShCEWoy4UqWY7Y8T447rEGaqv3LBmVkha4ZPhj3TShCEUoQhGKUIQiFKEIRShCEYpQhCIUoQj1tFBzP2muvLuiRIv1U1sFXKd9sfGOveSNYBGKUIQiFKEIRShCEYpQhCIUoQhFKEIRilC3CbW1wVc0UHOnPabb3IY+QEPsupq76WM/n1CEIhShCEUoQhGKUIQiFKEIRShCEYpQhHpaqIMHKVbelbR1V1hw0L6tPYppfnAYYvVrrCInFKEIRShCEYpQhCIUoQhFKEIRilCEIhShPixUbLAOnquSei62GrGboKS67ZyNEjdjx5lQhCIUoQhFKEIRilCEIhShCEUoQhGKUIR6S6jObejsxWL0vz/BqdmItVcxkTt/L6EIRShCEYpQhCIUoQhFKEIRilCEIhShCPUloWJ7VjLfJU8PYlfSmsVO3VzfOndPxP5J8WCXRyhCEYpQhCIUoQhFKEIRilCEIhShCEUoQt3dUJSUWbGjcnB0Yp8cO8AH/3juiG6VwgeH4Y4uj1CEIhShCEUoQhGKUIQiFKEIRShCEYpQhLpbqINrF3NkqzWLvdXWWpUUrHMfFbtUDn4RoQhFKEIRilCEIhShCEUoQhGKUIQiFKEIRagBoeamYe5sxNq6zgLuivr1imYz1gLHimxCEYpQhCIUoQhFKEIRilCEIhShCEUoQhGKUAPrnusROo73Vg8YOwyxsrJku2OcxRaHUIQiFKEIRShCEYpQhCIUoQhFKEIRilCEItT2EZ17jYNvNVftxbCb27KSYnfrYiip9uaQJRShCEUoQhGKUIQiFKEIRShCEYpQhCIUob4k1BY6sRN7RWkYq/ZK6I9VbFtN7tbwb9WvhCIUoQhFKEIRilCEIhShCEUoQhGKUIQiFKHmK6eSdjJWV3WObMnFcNDNG7vpK6o9QhGKUIQiFKEIRShCEYpQhCIUoQhFKEIR6nKhYlMYI2mun+q0L2bQVqUYG8JYWRlb9he6PEIRilCEIhShCEUoQhGKUIQiFKEIRShCEWq/y5srlbYqiYP7vbULse6yMw9UxjGCY/tLKEIRilCEIhShCEUoQhGKUIQiFKEIRShCvSXU1hbGxu69j9qiv2TLtpqvWLN5sBUlFKEIRShCEYpQhCIUoQhFKEIRilCEIhShCLW9siV1VWxWtvqaWLbaqxsP8Nb1/H6XRyhCEYpQhCIUoQhFKEIRilCEIhShCEUoQl2Wg+VOCdAxdLYqxU6Dti6z2B9v/QuDUIQiFKEIRShCEYpQhCIUoQhFKEIRilCE+pJQW13PXMswd7wPjvucqlvv3Ln7VyzOVjc9ePETilCEIhShCEUoQhGKUIQiFKEIRShCEYpQdwtVUpPFfkKsrjrY9Ryc763u8uMVamffSihCEYpQhCIUoQhFKEIRilCEIhShCEUoQhFqoCko2aS5Gd1qgg6e55LDv/VFseGfu5BKyjtCEYpQhCIUoQhFKEIRilCEIhShCEUoQhGKUGUH+MZ6rgTKGBy5ozJWZZasRglJhCIUoQhFKEIRilCEIhShCEUoQhGKUIQiFKHmu7xY81XydKvrOfjOW0MYE3lrzDpJIhShCEUoQhGKUIQiFKEIRShCEYpQhCIUoZ4WqqRG6TzAW7Xg3B5t3UBXVGw3rsZahUooQhGKUIQiFKEIRShCEYpQhCIUoQhFKELdLVTstMeGcq7rib3GHP1zN0HsBpqr2Eouhq3tJhShCEUoQhGKUIQiFKEIRShCEYpQhCIUob4klIgIoUSEUCIihBIRIZSIEEpEhFAiQigREUKJiBBKRAglIkIoESGUiAihREQIJSKEEhEhlIgQSkSEUCIihBIRQomIEEpECCUiQigREUKJSH/+BcxhPuj8389RAAAAAElFTkSuQmCC', '00020101021226820014br.gov.bcb.pix2560qrpix-h.bradesco.com.br/9d36b84f-c70b-478f-b95c-12729b90ca255204000053039865406200.005802BR5905ASAAS6009JOINVILLE62070503***630490C7', '2024-12-06 23:59:59', NULL, NULL, '2024-12-06 17:34:16', '2024-12-06 17:37:04'),
(24, 6, 2, 'cus_000006382413', 27, '', 'sub_pqzlrehuaql6vzyp', '004.494.940-55', 'monthly', '50.00', 'PIX', 'ACTIVE', NULL, 'INACTIVE', '2024-12-06', '2025-01-06', NULL, 'iVBORw0KGgoAAAANSUhEUgAAAYsAAAGLCAIAAAC5gincAAAOW0lEQVR42u3aQZIjORIDQP3/0z1vGCsGAmQ6rlktKcmgc2yxv38iIq35WQIRIZSICKFEhFAiIoQSEUKJiBBKRIRQIkIoERFCiQihREQIJSJCKBEhlIgIoUSEUCIihBIRIZSIEEpEhFAiQigREUKJiBBKRAglIlIu1C+Vv3zvwd98cHHm/m3sk+dW8sZB+l9v9JensWmfOxqEIhShCEUoQhGKUIQiFKEIRShCEYpQhCLU00LFPjm2KwdPe2yDO3/knFBzqsZwj+3+HZ9MKEIRilCEIhShCEUoQhGKUIQiFKEIRShCPSXUXFEyV7LE6pu5/S75qK1WtGTZO0WOnVBCEYpQhCIUoQhFKEIRilCEIhShCEUoQhGKUPH3nyNpbmTnhrKEs62qK/Zv54Z/7gwSilCEIhShCEUoQhGKUIQiFKEIRShCEYpQhHpXqM4KJjZJJRMcIzjmSGyuSp4SilCEIhShCEUoQhGKUIQiFKEIRShCEYpQhNpugkpO7BVzNleDzjky59fc+8Z+c4nmLZ9MKEIRilCEIhShCEUoQhGKUIQiFKEIRShC3S1UbL899dTTe9tYQnnqqaeEIpSnnhKKUObMU08JRShPPSXUW0Jt5S+cxYqSrU8umcJY/xj73s4t+/dcCEUoQhGKUIQiFKEIRShCEYpQhCIUoQhFqLeE2mrrtpSZ+6j3Mqf5X87z3B9v3W0HV+PBLo9QhCIUoQhFKEIRilCEIhShCEUoQhGKUIRaMGjuDWM/o+SIdmIXu0XmfmRn/Rr7zSWVIqEIRShCEYpQhCIUoQhFKEIRilCEIhShCHV5lze3SbFPnvuo2OvHlm6rroqNaCfQnc0moQhFKEIRilCEIhShCEUoQhGKUIQiFKEI9WGhDq5d7HvnDuFBC0pmJXYY5o7KYOW0dLfdWIITilCEIhShCEUoQhGKUIQiFKEIRShCEYpQHxZqroPoRGfue7d6wE443ms2Y9fV1n9SEIpQhCIUoQhFKEIRilCEIhShCEUoQhGKUE8LFRudzrrqCt224Cgp4GIF61ZXGysrc4eOUIQiFKEIRShCEYpQhCIUoQhFKEIRilCEukyouQ2OdVtzo1NygLfWqoSGTnRKyujYRxGKUIQiFKEIRShCEYpQhCIUoQhFKEIRilBPC/WXN9zqIGKH8Ir2KrYLW2s1dxNs4R7zeq1DJBShCEUoQhGKUIQiFKEIRShCEYpQhCIUoQh1oAqZm6TYFs6NbAmFc5uy1T9egU7nnUooQhGKUIQiFKEIRShCEYpQhCIUoQhFKEJdLtTcryz53tjZiOF+cKA7z3Os+Jv7kSVl9FoXTyhCEYpQhCIUoQhFKEIRilCEIhShCEUoQj0l1G8pB6e/s2LrPPyxXYiZ2+nmwQH+VxlCEYpQhCIUoQhFKEIRilCEIhShCEUoQhHqcqFitcLcNswdpJJPjhWOW5fZjW1dyQ5uXSqEIhShCEUoQhGKUIQiFKEIRShCEYpQhCLU00JtbWGsGNr64zncH1iNLfu2sIs9jdWChCIUoQhFKEIRilCEIhShCEUoQhGKUIQi1G1CdbZXLQs9Ng1zTdBWpxazYOvm6/Q6NsCEIhShCEUoQhGKUIQiFKEIRShCEYpQhCLUl4T6y3DMfdRcExQbrCvKrCvMjV2EV1jQGUIRilCEIhShCEUoQhGKUIQiFKEIRShCEeo2oUpWNnaQ5p4+MKPPF46d90TsZxCKUIQiFKEIRShCEYpQhCIUoQhFKEIRilCEGpAi1m1dUfzFZrTzyom94I1dbWyPSi5CQhGKUIQiFKEIRShCEYpQhCIUoQhFKEIR6sNC3djWbTVBW53a3CtsNVBzd2rsjtm6cQcPO6EIRShCEYpQhCIUoQhFKEIRilCEIhShCPWUUCWbdKMysQYqVr+WtKJXoDPH9xXVHqEIRShCEYpQhCIUoQhFKEIRilCEIhShCHW5UHNnY6vqKhnorSMa6+NiN18nwVvX1cEQilCEIhShCEUoQhGKUIQiFKEIRShCEYpQhNo+sbGFvsKguTan5FLZapDnVmPuvwNuDKEIRShCEYpQhCIUoQhFKEIRilCEIhShCHWbUFc0MrFSaasY2hrZK17/gXL2gYUlFKEIRShCEYpQhCIUoQhFKEIRilCEIhShnhbq4K5s1Te5hmLp5HSeq63LLNYwHlycrR5w7aQQilCEIhShCEUoQhGKUIQiFKEIRShCEYpQlwkV+5/3Yzsaayc765tY5VTyUZ1T1zk5OTcJRShCEYpQhCIUoQhFKEIRilCEIhShCEWoy4Sa0+3g4Y8JVTJ2Bxnd6hBjT2N/XHJSOv+TglCEIhShCEUoQhGKUIQiFKEIRShCEYpQhHpaqLkuILYNB5WJ/aqD53muFY2Vd1f0y3N93Fy190KXRyhCEYpQhCIUoQhFKEIRilCEIhShCEUoQrXvytbYzRVwJVVXyffGln1urQ4OYWzqttAhFKEIRShCEYpQhCIUoQhFKEIRilCEIhShnhbqdy4H7Ysdld9YSsZ9q2/trBTnRnTrizr9IhShCEUoQhGKUIQiFKEIRShCEYpQhCIUod4S6ooJniuGSnrPOdxLtix2YjtpiO1CbgcJRShCEYpQhCIUoQhFKEIRilCEIhShCEWoDwm1dZ4PbnBJEdYJVuyNDj4tuXJKSsO1GpRQhCIUoQhFKEIRilCEIhShCEUoQhGKUIR6WagtC64oDecOUmxTYnsUq9hiv2rrpo+hQyhCEYpQhCIUoQhFKEIRilCEIhShCEUoQj0t1Fwx1NnmPDBnBw9wyXzH7Nvql2M334NdHqEIRShCEYpQhCIUoQhFKEIRilCEIhShCJUQ6reUWCPz3guWNFBbrWhscmJrFeMsd+UQilCEIhShCEUoQhGKUIQiFKEIRShCEYpQTwm19UVzR2Wt3Rgzd6uc7ezyDt5eWxVbbLxf6PIIRShCEYpQhCIUoQhFKEIRilCEIhShCEWo/WyVaLGfUbJ0sepnbnHmCO4chq0xK6n2CEUoQhGKUIQiFKEIRShCEYpQhCIUoQhFqNuEunFHD/ZTV0ixpdvWPRE7/CWDNHcWCEUoQhGKUIQiFKEIRShCEYpQhCIUoQhFKELN+7WFzlaNEusuS/bo4OvHTk7JiY0R3AkWoQhFKEIRilCEIhShCEUoQhGKUIQiFKEI9bRQc47ENnjrN291PVfotnUhba3V1lnIbQqhCEUoQhGKUIQiFKEIRShCEYpQhCIUoQh1t1Cxumpuz0o4mzNoy69YsVtyT5SsVazpIxShCEUoQhGKUIQiFKEIRShCEYpQhCIUoQhVNqOxnmhuCrcOw9ZKxkqlrZJ0i8KS64pQhCIUoQhFKEIRilCEIhShCEUoQhGKUIT6klBz4z73x3Mkzf3brd5zq4GaG7OtQZpbja0dJBShCEUoQhGKUIQiFKEIRShCEYpQhCIUoQg1cCbnFjrW5sTqqt9YYgcptt1bLWGscZtb2Pf/3waEIhShCEUoQhGKUIQiFKEIRShCEYpQhCJUHVgxOLZY6ezyYn4d/FVzp33uiMZuvrkxe6HLIxShCEUoQhGKUIQiFKEIRShCEYpQhCIUoRKvNGdB7Hu3tn9uOOb8Khmk2EfFmr6tQSIUoQhFKEIRilCEIhShCEUoQhGKUIQiFKEItV3PXXFytqahRLeS/nHrN28t3VzdXNIwEopQhCIUoQhFKEIRilCEIhShCEUoQhGKULcJVbIcWyTFyspYyRI7DHOzkaucUtdVyR/H1plQhCIUoQhFKEIRilCEIhShCEUoQhGKUIS6TaiDB3ir3Im5GXPkN5atK+fgXM2t1dyd2knw4PcSilCEIhShCEUoQhGKUIQiFKEIRShCEYpQTwk1Z8HcQdqqBUvQ6TQo1k/N1WQll/cWsoQiFKEIRShCEYpQhCIUoQhFKEIRilCEIhSh4tl6wZIjWtKZzlWoB8EquVTm7ItNDqEIRShCEYpQhCIUoQhFKEIRilCEIhShCPVhoUqmMLZJc6VSrPrZKjq3mty50x4TKlagH3x9QhGKUIQiFKEIRShCEYpQhCIUoQhFKEIR6ktCzR2krQNcUoTFViNWG20VcJ1X7NYObu0RoQhFKEIRilCEIhShCEUoQhGKUIQiFKEI9WGhtr7ot5TYb+5szWLfG+OspJyNvcLW6SYUoQhFKEIRilCEIhShCEUoQhGKUIQiFKG+JNRWaxZrZGKn7uAr/G5IyWqUHODYDn6uyyMUoQhFKEIRilCEIhShCEUoQhGKUIQiFKEuy1a3VTIrW13ewT2aqwVju3/wFWKd6cFXmAOLUIQiFKEIRShCEYpQhCIUoQhFKEIRilCEuk2ozjZnbs/m/ji3/WNH5WD1U9LllSzOXAHXWVYSilCEIhShCEUoQhGKUIQiFKEIRShCEYpQlwtV8slrK7vUqhy8NkreqOR4b5WGnV0eoQhFKEIRilCEIhShCEUoQhGKUIQiFKEIRaiyKYz1gFvbP3dED65GbOlKlJm7J7YupFiDTChCEYpQhCIUoQhFKEIRilCEIhShCEUoQhEqLtSNhVTJH5dAuVUZx5AtKdAJRShCEYpQhCIUoQhFKEIRilCEIhShCEUoQn21y4s93WJlq+specHOei72glt3OaEIRShCEYpQhCIUoQhFKEIRilCEIhShCEWo+ZJlrpLYKlm2Dv9WETbn9RUVW8n+dg4SoQhFKEIRilCEIhShCEUoQhGKUIQiFKEI9ZZQsdpo62d09nEHD8PWTRArwrZ+xhUXQ8vNRyhCEYpQhCIUoQhFKEIRilCEIhShCEUoQl0mlIgIoUSEUCIihBIRIZSIEEpEhFAiQigREUKJiBBKRAglIkIoESGUiAihREQIJSKEEhEhlIgQSkSEUCIihBIRQomIEEpECCUiQigREUKJSH/+A/ilKiensLTwAAAAAElFTkSuQmCC', '00020101021226820014br.gov.bcb.pix2560qrpix-h.bradesco.com.br/9d36b84f-c70b-478f-b95c-12729b90ca25520400005303986540550.005802BR5905ASAAS6009JOINVILLE62070503***63044E4B', '2024-12-06 23:59:59', NULL, NULL, '2024-12-06 17:37:04', '2024-12-06 17:40:45'),
(25, 6, 4, 'cus_000006382413', 28, '', 'sub_shvh97p0yxofljds', '004.494.940-55', 'monthly', '200.00', 'PIX', 'ACTIVE', NULL, 'ACTIVE', '2024-12-06', '2025-01-06', '2024-12-07 16:06:13', 'iVBORw0KGgoAAAANSUhEUgAAAYsAAAGLCAIAAAC5gincAAAOXklEQVR42u3aUY4rNxADQN//0skNAgSrZlOa4u9s7LHUKj2A+f0jItKanyUQEUKJiBBKRAglIkIoESGUiAihREQIJSKEEhEhlIgQSkSEUCIihBIRQomIEEpECCUiQigREUKJCKFERAglIoQSESGUiAihRIRQIiLlQv1S+e/v/ctb/a9P/stqbH3U1ktubejcD/zLqJTMc+yEEopQhCIUoQhFKEIRilCEIhShCEUoQhGKUB8WKvbJc8rEhiPXjFS+89ZbzUlRcnBKTiihCEUoQhGKUIQiFKEIRShCEYpQhCIUoQhFqIHjffCT57ahpBkp+aiDv3eOs5KStKSO3Fo6QhGKUIQiFKEIRShCEYpQhCIUoQhFKEIRilADv/8K+0qKv63eM7b7c997xSVKKEIRilCEIhShCEUoQhGKUIQiFKEIRShCEYpQf36rmBSxnii2Vlv7e/AHxras5CmhCEUoQhGKUIQiFKEIRShCEYpQhCIUoQhFqO0maG6wYm3O1hdt/YS5au+gQXNvdfCdY7twx9knFKEIRShCEYpQhCIUoQhFKEIRilCEIhSh7hYqtt+eeuppuI2N1dyE8tRTQhGKUJ56SihCeeqpp4QilKeeEuo2obYyx9nBFmmrcCyZwtiVE+s9Dw7DVrV3x+kmFKEIRShCEYpQhCIUoQhFKEIRilCEIhShnhJqq60rmf45sB7IQSkOnue5P56bydhqPNjlEYpQhCIUoQhFKEIRilCEIhShCEUoQhGKUAsGba1drETb+uTYHs31UyU/YQudkncuqRQJRShCEYpQhCIUoQhFKEIRilCEIhShCEWoy7u8zk2aG7tYlTlnwdbSzc33wbfaaidjF9Lc8BOKUIQiFKEIRShCEYpQhCIUoQhFKEIRilBfEmqu24oVjp0Ez43d3Ermup6lkxO7RUq6aUIRilCEIhShCEUoQhGKUIQiFKEIRShCEYpQ8b7mxhplDqytLi+GbAmjW3dMybEqpZ9QhCIUoQhFKEIRilCEIhShCEUoQhGKUIS6TKiSMitWwWwdhli1N7ewMQpL7phYa/ZeZ0ooQhGKUIQiFKEIRShCEYpQhCIUoQhFKEJ9qcu7sSabK2g6r41YYgsb+96S0jB2lxOKUIQiFKEIRShCEYpQhCIUoQhFKEIRilAfFupguTNXwMU4i23/FdM/t1adVddWdxlbHEIRilCEIhShCEUoQhGKUIQiFKEIRShCEYpQ24cw1lBsFUNbFdvchm41fVtv1dnHdV4bhCIUoQhFKEIRilCEIhShCEUoQhGKUIQi1FtCxcZ9q4M4OO4lbl5R/M398dZcbf382B1DKEIRilCEIhShCEUoQhGKUIQiFKEIRShCEaqsNykBq6SgOdiazX3U1i5c0fNewQqhCEUoQhGKUIQiFKEIRShCEYpQhCIUoQhFqPmRndvRLUe2ir+tPdq6zGJ1c8kOzm1ZTDdCEYpQhCIUoQhFKEIRilCEIhShCEUoQhHqLaHmDvAWWO/1U51NbsnUxVrvkjpyznpCEYpQhCIUoQhFKEIRilCEIhShCEUoQhHqaaG2jvcVXU/JUMZO7JwysU/e0vzGlRzUnFCEIhShCEUoQhGKUIQiFKEIRShCEYpQhLpbqFi5E2soSg5SbNnnGL2RldhqlJRoJSEUoQhFKEIRilCEIhShCEUoQhGKUIQiFKFuE6qkGoiVhrGnc5zF+J7rarfAmrtTY2X03JYRilCEIhShCEUoQhGKUIQiFKEIRShCEYpQHxbqioEuOSqxtdryOnY/zd0xJZfKVrVXUhoSilCEIhShCEUoQhGKUIQiFKEIRShCEYpQbwk1d2K3JjhWdMbOxm8sMaFiRVjsNWLTXlKSEopQhCIUoQhFKEIRilCEIhShCEUoQhGKUF8SaoukOWVihyG2KbEmaG5htyrUWA0ac2RtYglFKEIRilCEIhShCEUoQhGKUIQiFKEIRai7hYrVN3N1RkmpFHuruaMSq6tKLoaDX7TV5c0BTShCEYpQhCIUoQhFKEIRilCEIhShCEUoQn1JqK0TG1voLYNiSxej4SCUW7MRG+CSiu2FLo9QhCIUoQhFKEIRilCEIhShCEUoQhGKUIQaEWrreM8xGvtvr8A9tvtbms+VaFvvXPJFhCIUoQhFKEIRilCEIhShCEUoQhGKUIQi1JeEmqtvYhOcayhSJ+cKsEpugoOnfasFLjmwhCIUoQhFKEIRilCEIhShCEUoQhGKUIQi1IeF6qTh4HmeG7tYLxajYeswHNyFkqnrbFRjx5lQhCIUoQhFKEIRilCEIhShCEUoQhGKUIS6TaiDQznXMcWEio3dXBP0SyU37qnTvnWsOs8RoQhFKEIRilCEIhShCEUoQhGKUIQiFKEIRaj5nii2DQeVKemY5lSda4I6K6e5iS05R3PfSyhCEYpQhCIUoQhFKEIRilCEIhShCEUoQr0l1NzKllQ/sQLu4GpsjWxs+rdWsrMIK5kcQhGKUIQiFKEIRShCEYpQhCIUoQhFKEIRilADs1Ii49xAzw1HyU0QW5zOsjI27bFPzrXPhCIUoQhFKEIRilCEIhShCEUoQhGKUIQi1GVCzcFRcrznxu69MqtT5K1bc87crV2IgUUoQhGKUIQiFKEIRShCEYpQhCIUoQhFKELdJlSnIzEo17awcs62VI21z52d6dY/OAhFKEIRilCEIhShCEUoQhGKUIQiFKEIRShCzTdQBy14oIE6aEFuzpbayTl0YuN90JGtjyIUoQhFKEIRilCEIhShCEUoQhGKUIQiFKG+JFTnmdw6zwensBOOre4yRuHWSh7c/ZJjRShCEYpQhCIUoQhFKEIRilCEIhShCEUoQn1JqLn5jjUyWz1gLHO3yNwezQ1h50xudWoldwyhCEUoQhGKUIQiFKEIRShCEYpQhCIUoQh1uVA3NlBzf3zw528dpJgFnWdyrhaM2Rcb7yv/bwNCEYpQhCIUoQhFKEIRilCEIhShCEUoQhEq0eUddCTWbV1hQUmLtHWQthx5bxiuqPYIRShCEYpQhCIUoQhFKEIRilCEIhShCEWoy4UqWY7Y8T447rEGaqv3LBmVkha4ZPhj3TShCEUoQhGKUIQiFKEIRShCEYpQhCIUoQj1tFBzP2muvLuiRIv1U1sFXKd9sfGOveSNYBGKUIQiFKEIRShCEYpQhCIUoQhFKEIRilC3CbW1wVc0UHOnPabb3IY+QEPsupq76WM/n1CEIhShCEUoQhGKUIQiFKEIRShCEYpQhHpaqIMHKVbelbR1V1hw0L6tPYppfnAYYvVrrCInFKEIRShCEYpQhCIUoQhFKEIRilCEIhShPixUbLAOnquSei62GrGboKS67ZyNEjdjx5lQhCIUoQhFKEIRilCEIhShCEUoQhGKUIR6S6jObejsxWL0vz/BqdmItVcxkTt/L6EIRShCEYpQhCIUoQhFKEIRilCEIhShCPUloWJ7VjLfJU8PYlfSmsVO3VzfOndPxP5J8WCXRyhCEYpQhCIUoQhFKEIRilCEIhShCEUoQt3dUJSUWbGjcnB0Yp8cO8AH/3juiG6VwgeH4Y4uj1CEIhShCEUoQhGKUIQiFKEIRShCEYpQhLpbqINrF3NkqzWLvdXWWpUUrHMfFbtUDn4RoQhFKEIRilCEIhShCEUoQhGKUIQiFKEIRagBoeamYe5sxNq6zgLuivr1imYz1gLHimxCEYpQhCIUoQhFKEIRilCEIhShCEUoQhGKUAPrnusROo73Vg8YOwyxsrJku2OcxRaHUIQiFKEIRShCEYpQhCIUoQhFKEIRilCEItT2EZ17jYNvNVftxbCb27KSYnfrYiip9uaQJRShCEUoQhGKUIQiFKEIRShCEYpQhCIUob4k1BY6sRN7RWkYq/ZK6I9VbFtN7tbwb9WvhCIUoQhFKEIRilCEIhShCEUoQhGKUIQiFKHmK6eSdjJWV3WObMnFcNDNG7vpK6o9QhGKUIQiFKEIRShCEYpQhCIUoQhFKEIR6nKhYlMYI2mun+q0L2bQVqUYG8JYWRlb9he6PEIRilCEIhShCEUoQhGKUIQiFKEIRShCEWq/y5srlbYqiYP7vbULse6yMw9UxjGCY/tLKEIRilCEIhShCEUoQhGKUIQiFKEIRShCvSXU1hbGxu69j9qiv2TLtpqvWLN5sBUlFKEIRShCEYpQhCIUoQhFKEIRilCEIhShCLW9siV1VWxWtvqaWLbaqxsP8Nb1/H6XRyhCEYpQhCIUoQhFKEIRilCEIhShCEUoQl2Wg+VOCdAxdLYqxU6Dti6z2B9v/QuDUIQiFKEIRShCEYpQhCIUoQhFKEIRilCE+pJQW13PXMswd7wPjvucqlvv3Ln7VyzOVjc9ePETilCEIhShCEUoQhGKUIQiFKEIRShCEYpQdwtVUpPFfkKsrjrY9Ryc763u8uMVamffSihCEYpQhCIUoQhFKEIRilCEIhShCEUoQhFqoCko2aS5Gd1qgg6e55LDv/VFseGfu5BKyjtCEYpQhCIUoQhFKEIRilCEIhShCEUoQhGKUGUH+MZ6rgTKGBy5ozJWZZasRglJhCIUoQhFKEIRilCEIhShCEUoQhGKUIQiFKHmu7xY81XydKvrOfjOW0MYE3lrzDpJIhShCEUoQhGKUIQiFKEIRShCEYpQhCIUoZ4WqqRG6TzAW7Xg3B5t3UBXVGw3rsZahUooQhGKUIQiFKEIRShCEYpQhCIUoQhFKELdLVTstMeGcq7rib3GHP1zN0HsBpqr2Eouhq3tJhShCEUoQhGKUIQiFKEIRShCEYpQhCIUob4klIgIoUSEUCIihBIRIZSIEEpEhFAiQigREUKJiBBKRAglIkIoESGUiAihREQIJSKEEhEhlIgQSkSEUCIihBIRQomIEEpECCUiQigREUKJSH/+BcxhPuj8389RAAAAAElFTkSuQmCC', '00020101021226820014br.gov.bcb.pix2560qrpix-h.bradesco.com.br/9d36b84f-c70b-478f-b95c-12729b90ca255204000053039865406200.005802BR5905ASAAS6009JOINVILLE62070503***630490C7', '2024-12-06 23:59:59', NULL, NULL, '2024-12-06 17:40:44', '2024-12-29 01:58:08'),
(26, 6, 1, 'cus_000006382413', 29, '', 'subs_test_1733518029', '834.852.800-89', 'monthly', '100.00', 'CREDIT_CARD', NULL, NULL, 'INACTIVE', '2024-12-06', '2025-01-06', NULL, NULL, NULL, NULL, '4242', 'VISA', '2024-12-06 17:47:09', '2024-12-06 17:49:30'),
(27, 6, 2, 'cus_000006382413', 30, '', 'sub_uvmw3kgzmociwpiu', '004.494.940-55', 'monthly', '50.00', 'PIX', 'ACTIVE', NULL, 'INACTIVE', '2024-12-06', '2025-01-06', NULL, 'iVBORw0KGgoAAAANSUhEUgAAAYsAAAGLCAIAAAC5gincAAAOW0lEQVR42u3aQZIjORIDQP3/0z1vGCsGAmQ6rlktKcmgc2yxv38iIq35WQIRIZSICKFEhFAiIoQSEUKJiBBKRIRQIkIoERFCiQihREQIJSJCKBEhlIgIoUSEUCIihBIRIZSIEEpEhFAiQigREUKJiBBKRAglIlIu1C+Vv3zvwd98cHHm/m3sk+dW8sZB+l9v9JensWmfOxqEIhShCEUoQhGKUIQiFKEIRShCEYpQhCLU00LFPjm2KwdPe2yDO3/knFBzqsZwj+3+HZ9MKEIRilCEIhShCEUoQhGKUIQiFKEIRShCPSXUXFEyV7LE6pu5/S75qK1WtGTZO0WOnVBCEYpQhCIUoQhFKEIRilCEIhShCEUoQhGKUPH3nyNpbmTnhrKEs62qK/Zv54Z/7gwSilCEIhShCEUoQhGKUIQiFKEIRShCEYpQhHpXqM4KJjZJJRMcIzjmSGyuSp4SilCEIhShCEUoQhGKUIQiFKEIRShCEYpQhNpugkpO7BVzNleDzjky59fc+8Z+c4nmLZ9MKEIRilCEIhShCEUoQhGKUIQiFKEIRShC3S1UbL899dTTe9tYQnnqqaeEIpSnnhKKUObMU08JRShPPSXUW0Jt5S+cxYqSrU8umcJY/xj73s4t+/dcCEUoQhGKUIQiFKEIRShCEYpQhCIUoQhFqLeE2mrrtpSZ+6j3Mqf5X87z3B9v3W0HV+PBLo9QhCIUoQhFKEIRilCEIhShCEUoQhGKUIRaMGjuDWM/o+SIdmIXu0XmfmRn/Rr7zSWVIqEIRShCEYpQhCIUoQhFKEIRilCEIhShCHV5lze3SbFPnvuo2OvHlm6rroqNaCfQnc0moQhFKEIRilCEIhShCEUoQhGKUIQiFKEI9WGhDq5d7HvnDuFBC0pmJXYY5o7KYOW0dLfdWIITilCEIhShCEUoQhGKUIQiFKEIRShCEYpQHxZqroPoRGfue7d6wE443ms2Y9fV1n9SEIpQhCIUoQhFKEIRilCEIhShCEUoQhGKUE8LFRudzrrqCt224Cgp4GIF61ZXGysrc4eOUIQiFKEIRShCEYpQhCIUoQhFKEIRilCEukyouQ2OdVtzo1NygLfWqoSGTnRKyujYRxGKUIQiFKEIRShCEYpQhCIUoQhFKEIRilBPC/WXN9zqIGKH8Ir2KrYLW2s1dxNs4R7zeq1DJBShCEUoQhGKUIQiFKEIRShCEYpQhCIUoQh1oAqZm6TYFs6NbAmFc5uy1T9egU7nnUooQhGKUIQiFKEIRShCEYpQhCIUoQhFKEJdLtTcryz53tjZiOF+cKA7z3Os+Jv7kSVl9FoXTyhCEYpQhCIUoQhFKEIRilCEIhShCEUoQj0l1G8pB6e/s2LrPPyxXYiZ2+nmwQH+VxlCEYpQhCIUoQhFKEIRilCEIhShCEUoQhHqcqFitcLcNswdpJJPjhWOW5fZjW1dyQ5uXSqEIhShCEUoQhGKUIQiFKEIRShCEYpQhCLU00JtbWGsGNr64zncH1iNLfu2sIs9jdWChCIUoQhFKEIRilCEIhShCEUoQhGKUIQi1G1CdbZXLQs9Ng1zTdBWpxazYOvm6/Q6NsCEIhShCEUoQhGKUIQiFKEIRShCEYpQhCLUl4T6y3DMfdRcExQbrCvKrCvMjV2EV1jQGUIRilCEIhShCEUoQhGKUIQiFKEIRShCEeo2oUpWNnaQ5p4+MKPPF46d90TsZxCKUIQiFKEIRShCEYpQhCIUoQhFKEIRilCEGpAi1m1dUfzFZrTzyom94I1dbWyPSi5CQhGKUIQiFKEIRShCEYpQhCIUoQhFKEIR6sNC3djWbTVBW53a3CtsNVBzd2rsjtm6cQcPO6EIRShCEYpQhCIUoQhFKEIRilCEIhShCPWUUCWbdKMysQYqVr+WtKJXoDPH9xXVHqEIRShCEYpQhCIUoQhFKEIRilCEIhShCHW5UHNnY6vqKhnorSMa6+NiN18nwVvX1cEQilCEIhShCEUoQhGKUIQiFKEIRShCEYpQhNo+sbGFvsKguTan5FLZapDnVmPuvwNuDKEIRShCEYpQhCIUoQhFKEIRilCEIhShCHWbUFc0MrFSaasY2hrZK17/gXL2gYUlFKEIRShCEYpQhCIUoQhFKEIRilCEIhShnhbq4K5s1Te5hmLp5HSeq63LLNYwHlycrR5w7aQQilCEIhShCEUoQhGKUIQiFKEIRShCEYpQlwkV+5/3Yzsaayc765tY5VTyUZ1T1zk5OTcJRShCEYpQhCIUoQhFKEIRilCEIhShCEWoy4Sa0+3g4Y8JVTJ2Bxnd6hBjT2N/XHJSOv+TglCEIhShCEUoQhGKUIQiFKEIRShCEYpQhHpaqLkuILYNB5WJ/aqD53muFY2Vd1f0y3N93Fy190KXRyhCEYpQhCIUoQhFKEIRilCEIhShCEUoQrXvytbYzRVwJVVXyffGln1urQ4OYWzqttAhFKEIRShCEYpQhCIUoQhFKEIRilCEIhShnhbqdy4H7Ysdld9YSsZ9q2/trBTnRnTrizr9IhShCEUoQhGKUIQiFKEIRShCEYpQhCIUod4S6ooJniuGSnrPOdxLtix2YjtpiO1CbgcJRShCEYpQhCIUoQhFKEIRilCEIhShCEWoDwm1dZ4PbnBJEdYJVuyNDj4tuXJKSsO1GpRQhCIUoQhFKEIRilCEIhShCEUoQhGKUIR6WagtC64oDecOUmxTYnsUq9hiv2rrpo+hQyhCEYpQhCIUoQhFKEIRilCEIhShCEUoQj0t1Fwx1NnmPDBnBw9wyXzH7Nvql2M334NdHqEIRShCEYpQhCIUoQhFKEIRilCEIhShCJUQ6reUWCPz3guWNFBbrWhscmJrFeMsd+UQilCEIhShCEUoQhGKUIQiFKEIRShCEYpQTwm19UVzR2Wt3Rgzd6uc7ezyDt5eWxVbbLxf6PIIRShCEYpQhCIUoQhFKEIRilCEIhShCEWo/WyVaLGfUbJ0sepnbnHmCO4chq0xK6n2CEUoQhGKUIQiFKEIRShCEYpQhCIUoQhFqNuEunFHD/ZTV0ixpdvWPRE7/CWDNHcWCEUoQhGKUIQiFKEIRShCEYpQhCIUoQhFKELN+7WFzlaNEusuS/bo4OvHTk7JiY0R3AkWoQhFKEIRilCEIhShCEUoQhGKUIQiFKEI9bRQc47ENnjrN291PVfotnUhba3V1lnIbQqhCEUoQhGKUIQiFKEIRShCEYpQhCIUoQh1t1Cxumpuz0o4mzNoy69YsVtyT5SsVazpIxShCEUoQhGKUIQiFKEIRShCEYpQhCIUoQhVNqOxnmhuCrcOw9ZKxkqlrZJ0i8KS64pQhCIUoQhFKEIRilCEIhShCEUoQhGKUIT6klBz4z73x3Mkzf3brd5zq4GaG7OtQZpbja0dJBShCEUoQhGKUIQiFKEIRShCEYpQhCIUoQg1cCbnFjrW5sTqqt9YYgcptt1bLWGscZtb2Pf/3waEIhShCEUoQhGKUIQiFKEIRShCEYpQhCJUHVgxOLZY6ezyYn4d/FVzp33uiMZuvrkxe6HLIxShCEUoQhGKUIQiFKEIRShCEYpQhCIUoRKvNGdB7Hu3tn9uOOb8Khmk2EfFmr6tQSIUoQhFKEIRilCEIhShCEUoQhGKUIQiFKEItV3PXXFytqahRLeS/nHrN28t3VzdXNIwEopQhCIUoQhFKEIRilCEIhShCEUoQhGKULcJVbIcWyTFyspYyRI7DHOzkaucUtdVyR/H1plQhCIUoQhFKEIRilCEIhShCEUoQhGKUIS6TaiDB3ir3Im5GXPkN5atK+fgXM2t1dyd2knw4PcSilCEIhShCEUoQhGKUIQiFKEIRShCEYpQTwk1Z8HcQdqqBUvQ6TQo1k/N1WQll/cWsoQiFKEIRShCEYpQhCIUoQhFKEIRilCEIhSh4tl6wZIjWtKZzlWoB8EquVTm7ItNDqEIRShCEYpQhCIUoQhFKEIRilCEIhShCPVhoUqmMLZJc6VSrPrZKjq3mty50x4TKlagH3x9QhGKUIQiFKEIRShCEYpQhCIUoQhFKEIR6ktCzR2krQNcUoTFViNWG20VcJ1X7NYObu0RoQhFKEIRilCEIhShCEUoQhGKUIQiFKEI9WGhtr7ot5TYb+5szWLfG+OspJyNvcLW6SYUoQhFKEIRilCEIhShCEUoQhGKUIQiFKG+JNRWaxZrZGKn7uAr/G5IyWqUHODYDn6uyyMUoQhFKEIRilCEIhShCEUoQhGKUIQiFKEuy1a3VTIrW13ewT2aqwVju3/wFWKd6cFXmAOLUIQiFKEIRShCEYpQhCIUoQhFKEIRilCEuk2ozjZnbs/m/ji3/WNH5WD1U9LllSzOXAHXWVYSilCEIhShCEUoQhGKUIQiFKEIRShCEYpQlwtV8slrK7vUqhy8NkreqOR4b5WGnV0eoQhFKEIRilCEIhShCEUoQhGKUIQiFKEIRaiyKYz1gFvbP3dED65GbOlKlJm7J7YupFiDTChCEYpQhCIUoQhFKEIRilCEIhShCEUoQhEqLtSNhVTJH5dAuVUZx5AtKdAJRShCEYpQhCIUoQhFKEIRilCEIhShCEUoQn21y4s93WJlq+specHOei72glt3OaEIRShCEYpQhCIUoQhFKEIRilCEIhShCEWo+ZJlrpLYKlm2Dv9WETbn9RUVW8n+dg4SoQhFKEIRilCEIhShCEUoQhGKUIQiFKEI9ZZQsdpo62d09nEHD8PWTRArwrZ+xhUXQ8vNRyhCEYpQhCIUoQhFKEIRilCEIhShCEUoQl0mlIgIoUSEUCIihBIRIZSIEEpEhFAiQigREUKJiBBKRAglIkIoESGUiAihREQIJSKEEhEhlIgQSkSEUCIihBIRQomIEEpECCUiQigREUKJSH/+A/ilKiensLTwAAAAAElFTkSuQmCC', '00020101021226820014br.gov.bcb.pix2560qrpix-h.bradesco.com.br/9d36b84f-c70b-478f-b95c-12729b90ca25520400005303986540550.005802BR5905ASAAS6009JOINVILLE62070503***63044E4B', '2024-12-06 23:59:59', NULL, NULL, '2024-12-06 17:49:28', '2024-12-06 17:53:19'),
(28, 6, 4, 'cus_000006382413', 31, '', 'sub_z7c3w1ahm8881vp0', '097.064.820-08', 'monthly', '200.00', 'PIX', 'ACTIVE', NULL, 'INACTIVE', '2024-12-06', '2025-01-06', NULL, 'iVBORw0KGgoAAAANSUhEUgAAAYsAAAGLCAIAAAC5gincAAAOXklEQVR42u3aUY4rNxADQN//0skNAgSrZlOa4u9s7LHUKj2A+f0jItKanyUQEUKJiBBKRAglIkIoESGUiAihREQIJSKEEhEhlIgQSkSEUCIihBIRQomIEEpECCUiQigREUKJCKFERAglIoQSESGUiAihRIRQIiLlQv1S+e/v/ctb/a9P/stqbH3U1ktubejcD/zLqJTMc+yEEopQhCIUoQhFKEIRilCEIhShCEUoQhGKUB8WKvbJc8rEhiPXjFS+89ZbzUlRcnBKTiihCEUoQhGKUIQiFKEIRShCEYpQhCIUoQhFqIHjffCT57ahpBkp+aiDv3eOs5KStKSO3Fo6QhGKUIQiFKEIRShCEYpQhCIUoQhFKEIRilADv/8K+0qKv63eM7b7c997xSVKKEIRilCEIhShCEUoQhGKUIQiFKEIRShCEYpQf36rmBSxnii2Vlv7e/AHxras5CmhCEUoQhGKUIQiFKEIRShCEYpQhCIUoQhFqO0maG6wYm3O1hdt/YS5au+gQXNvdfCdY7twx9knFKEIRShCEYpQhCIUoQhFKEIRilCEIhSh7hYqtt+eeuppuI2N1dyE8tRTQhGKUJ56SihCeeqpp4QilKeeEuo2obYyx9nBFmmrcCyZwtiVE+s9Dw7DVrV3x+kmFKEIRShCEYpQhCIUoQhFKEIRilCEIhShnhJqq60rmf45sB7IQSkOnue5P56bydhqPNjlEYpQhCIUoQhFKEIRilCEIhShCEUoQhGKUAsGba1drETb+uTYHs31UyU/YQudkncuqRQJRShCEYpQhCIUoQhFKEIRilCEIhShCEWoy7u8zk2aG7tYlTlnwdbSzc33wbfaaidjF9Lc8BOKUIQiFKEIRShCEYpQhCIUoQhFKEIRilBfEmqu24oVjp0Ez43d3Ermup6lkxO7RUq6aUIRilCEIhShCEUoQhGKUIQiFKEIRShCEYpQ8b7mxhplDqytLi+GbAmjW3dMybEqpZ9QhCIUoQhFKEIRilCEIhShCEUoQhGKUIS6TKiSMitWwWwdhli1N7ewMQpL7phYa/ZeZ0ooQhGKUIQiFKEIRShCEYpQhCIUoQhFKEJ9qcu7sSabK2g6r41YYgsb+96S0jB2lxOKUIQiFKEIRShCEYpQhCIUoQhFKEIRilAfFupguTNXwMU4i23/FdM/t1adVddWdxlbHEIRilCEIhShCEUoQhGKUIQiFKEIRShCEYpQ24cw1lBsFUNbFdvchm41fVtv1dnHdV4bhCIUoQhFKEIRilCEIhShCEUoQhGKUIQi1FtCxcZ9q4M4OO4lbl5R/M398dZcbf382B1DKEIRilCEIhShCEUoQhGKUIQiFKEIRShCEaqsNykBq6SgOdiazX3U1i5c0fNewQqhCEUoQhGKUIQiFKEIRShCEYpQhCIUoQhFqPmRndvRLUe2ir+tPdq6zGJ1c8kOzm1ZTDdCEYpQhCIUoQhFKEIRilCEIhShCEUoQhHqLaHmDvAWWO/1U51NbsnUxVrvkjpyznpCEYpQhCIUoQhFKEIRilCEIhShCEUoQhHqaaG2jvcVXU/JUMZO7JwysU/e0vzGlRzUnFCEIhShCEUoQhGKUIQiFKEIRShCEYpQhLpbqFi5E2soSg5SbNnnGL2RldhqlJRoJSEUoQhFKEIRilCEIhShCEUoQhGKUIQiFKFuE6qkGoiVhrGnc5zF+J7rarfAmrtTY2X03JYRilCEIhShCEUoQhGKUIQiFKEIRShCEYpQHxbqioEuOSqxtdryOnY/zd0xJZfKVrVXUhoSilCEIhShCEUoQhGKUIQiFKEIRShCEYpQbwk1d2K3JjhWdMbOxm8sMaFiRVjsNWLTXlKSEopQhCIUoQhFKEIRilCEIhShCEUoQhGKUF8SaoukOWVihyG2KbEmaG5htyrUWA0ac2RtYglFKEIRilCEIhShCEUoQhGKUIQiFKEIRai7hYrVN3N1RkmpFHuruaMSq6tKLoaDX7TV5c0BTShCEYpQhCIUoQhFKEIRilCEIhShCEUoQn1JqK0TG1voLYNiSxej4SCUW7MRG+CSiu2FLo9QhCIUoQhFKEIRilCEIhShCEUoQhGKUIQaEWrreM8xGvtvr8A9tvtbms+VaFvvXPJFhCIUoQhFKEIRilCEIhShCEUoQhGKUIQi1JeEmqtvYhOcayhSJ+cKsEpugoOnfasFLjmwhCIUoQhFKEIRilCEIhShCEUoQhGKUIQi1IeF6qTh4HmeG7tYLxajYeswHNyFkqnrbFRjx5lQhCIUoQhFKEIRilCEIhShCEUoQhGKUIS6TaiDQznXMcWEio3dXBP0SyU37qnTvnWsOs8RoQhFKEIRilCEIhShCEUoQhGKUIQiFKEIRaj5nii2DQeVKemY5lSda4I6K6e5iS05R3PfSyhCEYpQhCIUoQhFKEIRilCEIhShCEUoQr0l1NzKllQ/sQLu4GpsjWxs+rdWsrMIK5kcQhGKUIQiFKEIRShCEYpQhCIUoQhFKEIRilADs1Ii49xAzw1HyU0QW5zOsjI27bFPzrXPhCIUoQhFKEIRilCEIhShCEUoQhGKUIQi1GVCzcFRcrznxu69MqtT5K1bc87crV2IgUUoQhGKUIQiFKEIRShCEYpQhCIUoQhFKELdJlSnIzEo17awcs62VI21z52d6dY/OAhFKEIRilCEIhShCEUoQhGKUIQiFKEIRShCzTdQBy14oIE6aEFuzpbayTl0YuN90JGtjyIUoQhFKEIRilCEIhShCEUoQhGKUIQiFKG+JFTnmdw6zwensBOOre4yRuHWSh7c/ZJjRShCEYpQhCIUoQhFKEIRilCEIhShCEUoQn1JqLn5jjUyWz1gLHO3yNwezQ1h50xudWoldwyhCEUoQhGKUIQiFKEIRShCEYpQhCIUoQh1uVA3NlBzf3zw528dpJgFnWdyrhaM2Rcb7yv/bwNCEYpQhCIUoQhFKEIRilCEIhShCEUoQhEq0eUddCTWbV1hQUmLtHWQthx5bxiuqPYIRShCEYpQhCIUoQhFKEIRilCEIhShCEWoy4UqWY7Y8T447rEGaqv3LBmVkha4ZPhj3TShCEUoQhGKUIQiFKEIRShCEYpQhCIUoQj1tFBzP2muvLuiRIv1U1sFXKd9sfGOveSNYBGKUIQiFKEIRShCEYpQhCIUoQhFKEIRilC3CbW1wVc0UHOnPabb3IY+QEPsupq76WM/n1CEIhShCEUoQhGKUIQiFKEIRShCEYpQhHpaqIMHKVbelbR1V1hw0L6tPYppfnAYYvVrrCInFKEIRShCEYpQhCIUoQhFKEIRilCEIhShPixUbLAOnquSei62GrGboKS67ZyNEjdjx5lQhCIUoQhFKEIRilCEIhShCEUoQhGKUIR6S6jObejsxWL0vz/BqdmItVcxkTt/L6EIRShCEYpQhCIUoQhFKEIRilCEIhShCPUloWJ7VjLfJU8PYlfSmsVO3VzfOndPxP5J8WCXRyhCEYpQhCIUoQhFKEIRilCEIhShCEUoQt3dUJSUWbGjcnB0Yp8cO8AH/3juiG6VwgeH4Y4uj1CEIhShCEUoQhGKUIQiFKEIRShCEYpQhLpbqINrF3NkqzWLvdXWWpUUrHMfFbtUDn4RoQhFKEIRilCEIhShCEUoQhGKUIQiFKEIRagBoeamYe5sxNq6zgLuivr1imYz1gLHimxCEYpQhCIUoQhFKEIRilCEIhShCEUoQhGKUAPrnusROo73Vg8YOwyxsrJku2OcxRaHUIQiFKEIRShCEYpQhCIUoQhFKEIRilCEItT2EZ17jYNvNVftxbCb27KSYnfrYiip9uaQJRShCEUoQhGKUIQiFKEIRShCEYpQhCIUob4k1BY6sRN7RWkYq/ZK6I9VbFtN7tbwb9WvhCIUoQhFKEIRilCEIhShCEUoQhGKUIQiFKHmK6eSdjJWV3WObMnFcNDNG7vpK6o9QhGKUIQiFKEIRShCEYpQhCIUoQhFKEIR6nKhYlMYI2mun+q0L2bQVqUYG8JYWRlb9he6PEIRilCEIhShCEUoQhGKUIQiFKEIRShCEWq/y5srlbYqiYP7vbULse6yMw9UxjGCY/tLKEIRilCEIhShCEUoQhGKUIQiFKEIRShCvSXU1hbGxu69j9qiv2TLtpqvWLN5sBUlFKEIRShCEYpQhCIUoQhFKEIRilCEIhShCLW9siV1VWxWtvqaWLbaqxsP8Nb1/H6XRyhCEYpQhCIUoQhFKEIRilCEIhShCEUoQl2Wg+VOCdAxdLYqxU6Dti6z2B9v/QuDUIQiFKEIRShCEYpQhCIUoQhFKEIRilCE+pJQW13PXMswd7wPjvucqlvv3Ln7VyzOVjc9ePETilCEIhShCEUoQhGKUIQiFKEIRShCEYpQdwtVUpPFfkKsrjrY9Ryc763u8uMVamffSihCEYpQhCIUoQhFKEIRilCEIhShCEUoQhFqoCko2aS5Gd1qgg6e55LDv/VFseGfu5BKyjtCEYpQhCIUoQhFKEIRilCEIhShCEUoQhGKUGUH+MZ6rgTKGBy5ozJWZZasRglJhCIUoQhFKEIRilCEIhShCEUoQhGKUIQiFKHmu7xY81XydKvrOfjOW0MYE3lrzDpJIhShCEUoQhGKUIQiFKEIRShCEYpQhCIUoZ4WqqRG6TzAW7Xg3B5t3UBXVGw3rsZahUooQhGKUIQiFKEIRShCEYpQhCIUoQhFKELdLVTstMeGcq7rib3GHP1zN0HsBpqr2Eouhq3tJhShCEUoQhGKUIQiFKEIRShCEYpQhCIUob4klIgIoUSEUCIihBIRIZSIEEpEhFAiQigREUKJiBBKRAglIkIoESGUiAihREQIJSKEEhEhlIgQSkSEUCIihBIRQomIEEpECCUiQigREUKJSH/+BcxhPuj8389RAAAAAElFTkSuQmCC', '00020101021226820014br.gov.bcb.pix2560qrpix-h.bradesco.com.br/9d36b84f-c70b-478f-b95c-12729b90ca255204000053039865406200.005802BR5905ASAAS6009JOINVILLE62070503***630490C7', '2024-12-06 23:59:59', NULL, NULL, '2024-12-06 17:53:17', '2024-12-06 17:54:44'),
(29, 6, 1, 'cus_000006382413', 32, '', 'sub_cefj9lhybjkk223n', '004.494.940-55', 'monthly', '100.00', 'PIX', 'ACTIVE', NULL, 'INACTIVE', '2024-12-06', '2025-01-06', NULL, 'iVBORw0KGgoAAAANSUhEUgAAAYsAAAGLCAIAAAC5gincAAAOTklEQVR42u3ZQW4kORADQP//094fDLCwkkypgtfuaVdJqdAA/PkVEdmaH0sgIoQSESGUiBBKRIRQIkIoERFCiYgQSkQIJSJCKBEhlIgIoURECCUihBIRIZSIEEpEhFAiIoQSEUKJiBBKRAglIkIoERFCiQihRESWC/WTyr//buzTv6xG66daD/m/1vkvX557jIOjcnAmW0s3N5OEIhShCEUoQhGKUIQiFKEIRShCEYpQhCLUW0LFfjlmUOsQxm6RmIxzu9Caq7nHeOCEEopQhCIUoQhFKEIRilCEIhShCEUoQhGKUIQaON6xX45xFmvrWj918H2vuBjmXjAm8pY7lVCEIhShCEUoQhGKUIQiFKEIRShCEYpQhCLU+bMRe+YripLWEW3tfuv2WnIhEYpQhCIUoQhFKEIRilCEIhShCEUoQhGKUIQi1J+f6opebMkEL9nfgy8Yq/aWfEooQhGKUIQiFKEIRShCEYpQhCIUoQhFKEIRalnldHCwYm3O3GFovUKsU5sjeO6p5jZ0bhfuOPuEIhShCEUoQhGKUIQiFKEIRShCEYpQhCLU3ULF9tunPvVpuI2d6z0J5VOf+pRQhPKpTwlFKHPmU58SilA+9SmhLheqlblu64HCcckUxq6cJbPR2rLf50IoQhGKUIQiFKEIRShCEYpQhCIUoQhFKEK9JVSrrVviyNwfeiCt4/2XUTmo25ybc6vxYJdHKEIRilCEIhShCEUoQhGKUIQiFKEIRShCFQxqrd0cZ61SKbZWS+CIXYQtdJY885JKkVCEIhShCEUoQhGKUIQiFKEIRShCEYpQhLq8y9u5SXNj1zo5scVZYn1rROf4nhvCVrNJKEIRilCEIhShCEUoQhGKUIQiFKEIRShCfViouW4rVjjuJHjnad/S9ZROztydOifjwYklFKEIRShCEYpQhCIUoQhFKEIRilCEIhShCDV/cnbWKC2wrij+dhZDc5MTe/3YsVpKP6EIRShCEYpQhCIUoQhFKEIRilCEIhShCHWZUK0NPtjH7WR0rnCM/duYm7FbZGdr9l5nSihCEYpQhCIUoQhFKEIRilCEIhShCEUoQt0mVGz7WzVZrCfaeW3EMtd8xWqyln0773JCEYpQhCIUoQhFKEIRilCEIhShCEUoQhHqS0LNneeDo3PwiMYWJ3Y2YgvbKpVaOxjrLmOLQyhCEYpQhCIUoQhFKEIRilCEIhShCEUoQhGqfQjnxj32h2LTP/eCc/QftK/1VDcO/5KfIhShCEUoQhGKUIQiFKEIRShCEYpQhCIUoS4Xasm4t8qOg2XWkt5zSfE39+VWt9V6/dgdQyhCEYpQhCIUoQhFKEIRilCEIhShCEUoQhFqvjdpHeBYi7RkFw7u4NzrL2n65h7yRlYIRShCEYpQhCIUoQhFKEIRilCEIhShCEUoQt28oy1H5h5yydloXWZL6ubYDs4tTks3QhGKUIQiFKEIRShCEYpQhCIUoQhFKEIR6i2hlpznVk12RT+1s8mNTV1srmK3dQwsQhGKUIQiFKEIRShCEYpQhCIUoQhFKEIRilADuzLnV6vrWTKUMc5aQB9cjZbmrffd+b8EQhGKUIQiFKEIRShCEYpQhCIUoQhFKEIR6nKhYuVObApb2LWWfUnHtISVlqqtEm1JCEUoQhGKUIQiFKEIRShCEYpQhCIUoQhFqNuEWlINxIqS2KcHK7Yr0Lmxj5t7yCX1XEtGQhGKUIQiFKEIRShCEYpQhCIUoQhFKEIR6q0ur9Ux7Twqc6/QesjY8Y7dMUsulVa1t6Q0JBShCEUoQhGKUIQiFKEIRShCEYpQhCIUob4kVKz5ak1DrHGL3ROxMit2IcXMXXJt7CxJCUUoQhGKUIQiFKEIRShCEYpQhCIUoQhFqC8JFetNYsrEDkPr2ogxGqtQ57yO1aAxR2oTSyhCEYpQhCIUoQhFKEIRilCEIhShCEUoQt0t1NxRmeNsZ6kUe6q56mcOyp0Xg+qWUIQiFKEIRShCEYpQhCIUoQhFKEIRilCEIlT1xMYWumVQbOnmOqa5bqs1G7EBjl1IS0IoQhGKUIQiFKEIRShCEYpQhCIUoQhFKELdJlTreC+pFOfqyCtwbxVwc6VhbENjX17ybwlFKEIRilCEIhShCEUoQhGKUIQiFKEIRainhZqrb2K9WK6hSJ2cWKk0N7JLGsa5eW6VhrG+lVCEIhShCEUoQhGKUIQiFKEIRShCEYpQhPqSUDtpmJvvg8PReubYG8UOw9wzt6ZuSZfXOs6EIhShCEUoQhGKUIQiFKEIRShCEYpQhCLUbUIdHMqDHVNszmKTtOSXY7Xgzg1t3bixPfrdEUIRilCEIhShCEUoQhGKUIQiFKEIRShCEeotoQ6eq4ObFHvmVi/W6onmmqCdldPcxC45R3N/l1CEIhShCEUoQhGKUIQiFKEIRShCEYpQhHpLqNhRaVU/rZqstRpzTxX78twz7yzCYnuUeyNCEYpQhCIUoQhFKEIRilCEIhShCEUoQhHqKaHmztWSMutnLK1rY26Pdi5Oawhjp2zuTiUUoQhFKEIRilCEIhShCEUoQhGKUIQiFKEINQ/HA8c7VqItKbN2FmEHF2dunq/YhdgOEopQhCIUoQhFKEIRilCEIhShCEUoQhGKULcJtdORGJS1LSzNWezULdnumH0xr5d0iIQiFKEIRShCEYpQhCIUoQhFKEIRilCEItSXhFpiwRWlYayPa833nF83Etxqn2M/RShCEYpQhCIUoQhFKEIRilCEIhShCEUoQn1JqJ1ncu48x2iI9YAH25wHKIz93bndX3KsCEUoQhGKUIQiFKEIRShCEYpQhCIUoQhFqC8JNXeeY41Mqwdc0hO1is6Y5lesc6tTW3LHEIpQhCIUoQhFKEIRilCEIhShCEUoQhGKUJcL1WqgWr1Jrd0oORKr9pacyblaMGbfA9UtoQhFKEIRilCEIhShCEUoQhGKUIQiFKEIdZtQBzd47pd3Fo6tsZtbjSW17/PD0PpDV3Z5hCIUoQhFKEIRyjAQilCEIhShCGUoCWUYCFUQqrUcsaJkbtxbIxv7ckvGVvPV0m2urCQUoQhFKEIRilCEIhShCEUoQhGKUIQiFKEItayBuvHwz1VOsdXYWfzNveCSExsTaglYhCIUoQhFKEIRilCEIhShCEUoQhGKUIQi1G1CtTa4Vd61+G7pNrehsW7rihu3dVJir08oQhGKUIQiFKEIRShCEYpQhCIUoQhFKEI9LdTcUWkZtHPsWnXV3IbOERwb0blhiNWvO+8JQhGKUIQiFKEIRShCEYpQhCIUoQhFKEIR6mmhWtXPkmlYUoRdMaNzlfHO2VjiZuw4E4pQhCIUoQhFKEIRilCEIhShCEUoQhGKUG8JtXMblvRiO0laUt61KuODv3yjyDvfl1CEIhShCEUoQhGKUIQiFKEIRShCEYpQhPqSULE92znfc8Vf6xC2GtXYqZtbnLnGLfZfige7PEIRilCEIhShCEUoQhGKUIQiFKEIRShCEeruhiJWGi45KgdH5wpHWl+eO6Kx9nluzO7o8ghFKEIRilCEIhShCEUoQhGKUIQiFKEIRai7hYrVZK3ScO4V5rq8uZFdAuXcU8UuldbtRShCEYpQhCIUoQhFKEIRilCEIhShCEUoQhHqhFBz0zDXqsTaula1FzvtsbZuSWcao6FVZBOKUIQiFKEIRShCEYpQhCIUoQhFKEIRilCEmm+RWm62aqO5kzPXt86t8xILlhz+G+9jQhGKUIQiFKEIRShCEYpQhCIUoQhFKEIR6mmhYke0hc5cixT7u7FObe4hd14MrSGc+19CjCRCEYpQhCIUoQhFKEIRilCEIhShCEUoQhHqcqFa6MwdpNw2jK1Gq+q6oydKvdGSy3sJsoQiFKEIRShCEYpQhCIUoQhFKEIRilCEIhSh4vlNZWddtXNk53bw4O4vKTpjUuys9ghFKEIRilCEIhShCEUoQhGKUIQiFKEIRagvCTX3d3dWbEssaEF5xcLuLLLnLv6WjIQiFKEIRShCEYpQhCIUoQhFKEIRilCEItSHhZorlVpncsuO7niFVqO6pLx7YAdb5R2hCEUoQhGKUIQiFKEIRShCEYpQhCIUoQj1tFCtLZyrfloFTeynYvTvXOdW8zUHx8G1yl0bhCIUoQhFKEIRilCEIhShCEUoQhGKUIQi1MtCPdC4xc5GrFX52ZG5DY1tyo11ZGydCUUoQhGKUIQiFKEIRShCEYpQhCIUoQhFqKeF2rkrrcdYchjmOrW5+rVlUOwya3259T8MQhGKUIQiFKEIRShCEYpQhCIUoQhFKEIR6ktCtbqe2J61DBrc/lSF2lL1a4szx2jt4icUoQhFKEIRilCEIhShCEUoQhGKUIQiFKHuFuqKX57riWJTeHDsDr5CrK2LHe8ld9sVfSuhCEUoQhGKUIQiFKEIRShCEYpQhCIUoQhFqIGm4IpD2Op6lpznWHe5RJnYM8cupCXlHaEIRShCEYpQhCIUoQhFKEIRilCEIhShCEWoAaFarMy9QuzLsXviipMTm6tWzb2EJEIRilCEIhShCEUoQhGKUIQiFKEIRShCEYpQ80LFmq+5+b6xntu5Vq16rjVmO9s6QhGKUIQiFKEIRShCEYpQhCIUoQhFKEIR6ktCXVGjtA5wqxac26OdXe2Siu3G1ahVqIQiFKEIRShCEYpQhCIUoQhFKEIRilCEItTdQsVOe2wo5wyKfblF/84irFX7Ljl0SzQnFKEIRShCEYpQhCIUoQhFKEIRilCEIhSh3hJKRIRQIkIoERFCiYgQSkQIJSJCKBEhlIgIoURECCUihBIRIZSIEEpEhFAiIoQSEUKJiBBKRAglIkIoERFCiQihREQIJSKEEhEhlIgIoURkf/4D9Mj/NV+ZvD8AAAAASUVORK5CYII=', '00020101021226820014br.gov.bcb.pix2560qrpix-h.bradesco.com.br/9d36b84f-c70b-478f-b95c-12729b90ca255204000053039865406100.005802BR5905ASAAS6009JOINVILLE62070503***6304474A', '2024-12-06 23:59:59', NULL, NULL, '2024-12-06 17:54:41', '2024-12-13 11:16:53'),
(30, 3, 3, 'cus_000006384148', 33, '', 'free_subs_1733558973', '204.757.840-06', 'only', '0.00', 'FREE_PLAN', 'PAID', NULL, 'INACTIVE', '2024-12-07', '2025-01-07', NULL, NULL, NULL, NULL, NULL, NULL, '2024-12-07 05:09:33', '2024-12-07 05:10:58'),
(31, 3, 3, 'cus_000006384148', 34, '', 'free_subs_1733559058', '204.757.840-06', 'only', '0.00', 'FREE_PLAN', 'PAID', NULL, 'ACTIVE', '2024-12-07', '2025-01-07', NULL, NULL, NULL, NULL, NULL, NULL, '2024-12-07 05:10:58', '2024-12-07 05:10:58'),
(32, 10, 3, 'cus_000006384425', 35, '', 'free_subs_1733595084', '854.501.930-09', 'only', '0.00', 'FREE_PLAN', 'PAID', NULL, 'INACTIVE', '2024-12-07', '2025-01-07', NULL, NULL, NULL, NULL, NULL, NULL, '2024-12-07 15:11:24', '2024-12-07 15:28:26'),
(33, 10, 1, 'cus_000006384425', 36, '', 'sub_n5ouh9v04e6v7t5h', '854.501.930-09', 'monthly', '100.00', 'PIX', 'ACTIVE', NULL, 'ACTIVE', '2024-12-07', '2025-01-07', NULL, 'iVBORw0KGgoAAAANSUhEUgAAAYsAAAGLCAIAAAC5gincAAAOTklEQVR42u3ZQW4kORADQP//094fDLCwkkypgtfuaVdJqdAA/PkVEdmaH0sgIoQSESGUiBBKRIRQIkIoERFCiYgQSkQIJSJCKBEhlIgIoURECCUihBIRIZSIEEpEhFAiIoQSEUKJiBBKRAglIkIoERFCiQihRESWC/WTyr//buzTv6xG66daD/m/1vkvX557jIOjcnAmW0s3N5OEIhShCEUoQhGKUIQiFKEIRShCEYpQhCLUW0LFfjlmUOsQxm6RmIxzu9Caq7nHeOCEEopQhCIUoQhFKEIRilCEIhShCEUoQhGKUIQaON6xX45xFmvrWj918H2vuBjmXjAm8pY7lVCEIhShCEUoQhGKUIQiFKEIRShCEYpQhCLU+bMRe+YripLWEW3tfuv2WnIhEYpQhCIUoQhFKEIRilCEIhShCEUoQhGKUIQi1J+f6opebMkEL9nfgy8Yq/aWfEooQhGKUIQiFKEIRShCEYpQhCIUoQhFKEIRalnldHCwYm3O3GFovUKsU5sjeO6p5jZ0bhfuOPuEIhShCEUoQhGKUIQiFKEIRShCEYpQhCLU3ULF9tunPvVpuI2d6z0J5VOf+pRQhPKpTwlFKHPmU58SilA+9SmhLheqlblu64HCcckUxq6cJbPR2rLf50IoQhGKUIQiFKEIRShCEYpQhCIUoQhFKEK9JVSrrVviyNwfeiCt4/2XUTmo25ybc6vxYJdHKEIRilCEIhShCEUoQhGKUIQiFKEIRShCFQxqrd0cZ61SKbZWS+CIXYQtdJY885JKkVCEIhShCEUoQhGKUIQiFKEIRShCEYpQhLq8y9u5SXNj1zo5scVZYn1rROf4nhvCVrNJKEIRilCEIhShCEUoQhGKUIQiFKEIRShCfViouW4rVjjuJHjnad/S9ZROztydOifjwYklFKEIRShCEYpQhCIUoQhFKEIRilCEIhShCDV/cnbWKC2wrij+dhZDc5MTe/3YsVpKP6EIRShCEYpQhCIUoQhFKEIRilCEIhShCHWZUK0NPtjH7WR0rnCM/duYm7FbZGdr9l5nSihCEYpQhCIUoQhFKEIRilCEIhShCEUoQt0mVGz7WzVZrCfaeW3EMtd8xWqyln0773JCEYpQhCIUoQhFKEIRilCEIhShCEUoQhHqS0LNneeDo3PwiMYWJ3Y2YgvbKpVaOxjrLmOLQyhCEYpQhCIUoQhFKEIRilCEIhShCEUoQhGqfQjnxj32h2LTP/eCc/QftK/1VDcO/5KfIhShCEUoQhGKUIQiFKEIRShCEYpQhCIUoS4Xasm4t8qOg2XWkt5zSfE39+VWt9V6/dgdQyhCEYpQhCIUoQhFKEIRilCEIhShCEUoQhFqvjdpHeBYi7RkFw7u4NzrL2n65h7yRlYIRShCEYpQhCIUoQhFKEIRilCEIhShCEUoQt28oy1H5h5yydloXWZL6ubYDs4tTks3QhGKUIQiFKEIRShCEYpQhCIUoQhFKEIR6i2hlpznVk12RT+1s8mNTV1srmK3dQwsQhGKUIQiFKEIRShCEYpQhCIUoQhFKEIRilADuzLnV6vrWTKUMc5aQB9cjZbmrffd+b8EQhGKUIQiFKEIRShCEYpQhCIUoQhFKEIR6nKhYuVObApb2LWWfUnHtISVlqqtEm1JCEUoQhGKUIQiFKEIRShCEYpQhCIUoQhFqNuEWlINxIqS2KcHK7Yr0Lmxj5t7yCX1XEtGQhGKUIQiFKEIRShCEYpQhCIUoQhFKEIR6q0ur9Ux7Twqc6/QesjY8Y7dMUsulVa1t6Q0JBShCEUoQhGKUIQiFKEIRShCEYpQhCIUob4kVKz5ak1DrHGL3ROxMit2IcXMXXJt7CxJCUUoQhGKUIQiFKEIRShCEYpQhCIUoQhFqC8JFetNYsrEDkPr2ogxGqtQ57yO1aAxR2oTSyhCEYpQhCIUoQhFKEIRilCEIhShCEUoQt0t1NxRmeNsZ6kUe6q56mcOyp0Xg+qWUIQiFKEIRShCEYpQhCIUoQhFKEIRilCEIlT1xMYWumVQbOnmOqa5bqs1G7EBjl1IS0IoQhGKUIQiFKEIRShCEYpQhCIUoQhFKELdJlTreC+pFOfqyCtwbxVwc6VhbENjX17ybwlFKEIRilCEIhShCEUoQhGKUIQiFKEIRainhZqrb2K9WK6hSJ2cWKk0N7JLGsa5eW6VhrG+lVCEIhShCEUoQhGKUIQiFKEIRShCEYpQhPqSUDtpmJvvg8PReubYG8UOw9wzt6ZuSZfXOs6EIhShCEUoQhGKUIQiFKEIRShCEYpQhCLUbUIdHMqDHVNszmKTtOSXY7Xgzg1t3bixPfrdEUIRilCEIhShCEUoQhGKUIQiFKEIRShCEeotoQ6eq4ObFHvmVi/W6onmmqCdldPcxC45R3N/l1CEIhShCEUoQhGKUIQiFKEIRShCEYpQhHpLqNhRaVU/rZqstRpzTxX78twz7yzCYnuUeyNCEYpQhCIUoQhFKEIRilCEIhShCEUoQhHqKaHmztWSMutnLK1rY26Pdi5Oawhjp2zuTiUUoQhFKEIRilCEIhShCEUoQhGKUIQiFKEINQ/HA8c7VqItKbN2FmEHF2dunq/YhdgOEopQhCIUoQhFKEIRilCEIhShCEUoQhGKULcJtdORGJS1LSzNWezULdnumH0xr5d0iIQiFKEIRShCEYpQhCIUoQhFKEIRilCEItSXhFpiwRWlYayPa833nF83Etxqn2M/RShCEYpQhCIUoQhFKEIRilCEIhShCEUoQn1JqJ1ncu48x2iI9YAH25wHKIz93bndX3KsCEUoQhGKUIQiFKEIRShCEYpQhCIUoQhFqC8JNXeeY41Mqwdc0hO1is6Y5lesc6tTW3LHEIpQhCIUoQhFKEIRilCEIhShCEUoQhGKUJcL1WqgWr1Jrd0oORKr9pacyblaMGbfA9UtoQhFKEIRilCEIhShCEUoQhGKUIQiFKEIdZtQBzd47pd3Fo6tsZtbjSW17/PD0PpDV3Z5hCIUoQhFKEIRyjAQilCEIhShCGUoCWUYCFUQqrUcsaJkbtxbIxv7ckvGVvPV0m2urCQUoQhFKEIRilCEIhShCEUoQhGKUIQiFKEItayBuvHwz1VOsdXYWfzNveCSExsTaglYhCIUoQhFKEIRilCEIhShCEUoQhGKUIQi1G1CtTa4Vd61+G7pNrehsW7rihu3dVJir08oQhGKUIQiFKEIRShCEYpQhCIUoQhFKEI9LdTcUWkZtHPsWnXV3IbOERwb0blhiNWvO+8JQhGKUIQiFKEIRShCEYpQhCIUoQhFKEIR6mmhWtXPkmlYUoRdMaNzlfHO2VjiZuw4E4pQhCIUoQhFKEIRilCEIhShCEUoQhGKUG8JtXMblvRiO0laUt61KuODv3yjyDvfl1CEIhShCEUoQhGKUIQiFKEIRShCEYpQhPqSULE92znfc8Vf6xC2GtXYqZtbnLnGLfZfige7PEIRilCEIhShCEUoQhGKUIQiFKEIRShCEeruhiJWGi45KgdH5wpHWl+eO6Kx9nluzO7o8ghFKEIRilCEIhShCEUoQhGKUIQiFKEIRai7hYrVZK3ScO4V5rq8uZFdAuXcU8UuldbtRShCEYpQhCIUoQhFKEIRilCEIhShCEUoQhHqhFBz0zDXqsTaula1FzvtsbZuSWcao6FVZBOKUIQiFKEIRShCEYpQhCIUoQhFKEIRilCEmm+RWm62aqO5kzPXt86t8xILlhz+G+9jQhGKUIQiFKEIRShCEYpQhCIUoQhFKEIR6mmhYke0hc5cixT7u7FObe4hd14MrSGc+19CjCRCEYpQhCIUoQhFKEIRilCEIhShCEUoQhHqcqFa6MwdpNw2jK1Gq+q6oydKvdGSy3sJsoQiFKEIRShCEYpQhCIUoQhFKEIRilCEIhSh4vlNZWddtXNk53bw4O4vKTpjUuys9ghFKEIRilCEIhShCEUoQhGKUIQiFKEIRagvCTX3d3dWbEssaEF5xcLuLLLnLv6WjIQiFKEIRShCEYpQhCIUoQhFKEIRilCEItSHhZorlVpncsuO7niFVqO6pLx7YAdb5R2hCEUoQhGKUIQiFKEIRShCEYpQhCIUoQj1tFCtLZyrfloFTeynYvTvXOdW8zUHx8G1yl0bhCIUoQhFKEIRilCEIhShCEUoQhGKUIQi1MtCPdC4xc5GrFX52ZG5DY1tyo11ZGydCUUoQhGKUIQiFKEIRShCEYpQhCIUoQhFqKeF2rkrrcdYchjmOrW5+rVlUOwya3259T8MQhGKUIQiFKEIRShCEYpQhCIUoQhFKEIR6ktCtbqe2J61DBrc/lSF2lL1a4szx2jt4icUoQhFKEIRilCEIhShCEUoQhGKUIQiFKHuFuqKX57riWJTeHDsDr5CrK2LHe8ld9sVfSuhCEUoQhGKUIQiFKEIRShCEYpQhCIUoQhFqIGm4IpD2Op6lpznWHe5RJnYM8cupCXlHaEIRShCEYpQhCIUoQhFKEIRilCEIhShCEWoAaFarMy9QuzLsXviipMTm6tWzb2EJEIRilCEIhShCEUoQhGKUIQiFKEIRShCEYpQ80LFmq+5+b6xntu5Vq16rjVmO9s6QhGKUIQiFKEIRShCEYpQhCIUoQhFKEIR6ktCXVGjtA5wqxac26OdXe2Siu3G1ahVqIQiFKEIRShCEYpQhCIUoQhFKEIRilCEItTdQsVOe2wo5wyKfblF/84irFX7Ljl0SzQnFKEIRShCEYpQhCIUoQhFKEIRilCEIhSh3hJKRIRQIkIoERFCiYgQSkQIJSJCKBEhlIgIoURECCUihBIRIZSIEEpEhFAiIoQSEUKJiBBKRAglIkIoERFCiQihREQIJSKEEhEhlIgIoURkf/4D9Mj/NV+ZvD8AAAAASUVORK5CYII=', '00020101021226820014br.gov.bcb.pix2560qrpix-h.bradesco.com.br/9d36b84f-c70b-478f-b95c-12729b90ca255204000053039865406100.005802BR5905ASAAS6009JOINVILLE62070503***6304474A', '2024-12-07 23:59:59', NULL, NULL, '2024-12-07 15:19:34', '2024-12-07 15:19:55'),
(34, 6, 2, 'cus_000006382413', 37, '', 'sub_ubbujcymq8w2vt72', '004.494.940-55', 'monthly', '50.00', 'PIX', 'ACTIVE', NULL, 'INACTIVE', '2024-12-13', '2025-01-13', NULL, 'iVBORw0KGgoAAAANSUhEUgAAAYsAAAGLCAIAAAC5gincAAAOW0lEQVR42u3aQZIjORIDQP3/0z1vGCsGAmQ6rlktKcmgc2yxv38iIq35WQIRIZSICKFEhFAiIoQSEUKJiBBKRIRQIkIoERFCiQihREQIJSJCKBEhlIgIoUSEUCIihBIRIZSIEEpEhFAiQigREUKJiBBKRAglIlIu1C+Vv3zvwd98cHHm/m3sk+dW8sZB+l9v9JensWmfOxqEIhShCEUoQhGKUIQiFKEIRShCEYpQhCLU00LFPjm2KwdPe2yDO3/knFBzqsZwj+3+HZ9MKEIRilCEIhShCEUoQhGKUIQiFKEIRShCPSXUXFEyV7LE6pu5/S75qK1WtGTZO0WOnVBCEYpQhCIUoQhFKEIRilCEIhShCEUoQhGKUPH3nyNpbmTnhrKEs62qK/Zv54Z/7gwSilCEIhShCEUoQhGKUIQiFKEIRShCEYpQhHpXqM4KJjZJJRMcIzjmSGyuSp4SilCEIhShCEUoQhGKUIQiFKEIRShCEYpQhNpugkpO7BVzNleDzjky59fc+8Z+c4nmLZ9MKEIRilCEIhShCEUoQhGKUIQiFKEIRShC3S1UbL899dTTe9tYQnnqqaeEIpSnnhKKUObMU08JRShPPSXUW0Jt5S+cxYqSrU8umcJY/xj73s4t+/dcCEUoQhGKUIQiFKEIRShCEYpQhCIUoQhFqLeE2mrrtpSZ+6j3Mqf5X87z3B9v3W0HV+PBLo9QhCIUoQhFKEIRilCEIhShCEUoQhGKUIRaMGjuDWM/o+SIdmIXu0XmfmRn/Rr7zSWVIqEIRShCEYpQhCIUoQhFKEIRilCEIhShCHV5lze3SbFPnvuo2OvHlm6rroqNaCfQnc0moQhFKEIRilCEIhShCEUoQhGKUIQiFKEI9WGhDq5d7HvnDuFBC0pmJXYY5o7KYOW0dLfdWIITilCEIhShCEUoQhGKUIQiFKEIRShCEYpQHxZqroPoRGfue7d6wE443ms2Y9fV1n9SEIpQhCIUoQhFKEIRilCEIhShCEUoQhGKUE8LFRudzrrqCt224Cgp4GIF61ZXGysrc4eOUIQiFKEIRShCEYpQhCIUoQhFKEIRilCEukyouQ2OdVtzo1NygLfWqoSGTnRKyujYRxGKUIQiFKEIRShCEYpQhCIUoQhFKEIRilBPC/WXN9zqIGKH8Ir2KrYLW2s1dxNs4R7zeq1DJBShCEUoQhGKUIQiFKEIRShCEYpQhCIUoQh1oAqZm6TYFs6NbAmFc5uy1T9egU7nnUooQhGKUIQiFKEIRShCEYpQhCIUoQhFKEJdLtTcryz53tjZiOF+cKA7z3Os+Jv7kSVl9FoXTyhCEYpQhCIUoQhFKEIRilCEIhShCEUoQj0l1G8pB6e/s2LrPPyxXYiZ2+nmwQH+VxlCEYpQhCIUoQhFKEIRilCEIhShCEUoQhHqcqFitcLcNswdpJJPjhWOW5fZjW1dyQ5uXSqEIhShCEUoQhGKUIQiFKEIRShCEYpQhCLU00JtbWGsGNr64zncH1iNLfu2sIs9jdWChCIUoQhFKEIRilCEIhShCEUoQhGKUIQi1G1CdbZXLQs9Ng1zTdBWpxazYOvm6/Q6NsCEIhShCEUoQhGKUIQiFKEIRShCEYpQhCLUl4T6y3DMfdRcExQbrCvKrCvMjV2EV1jQGUIRilCEIhShCEUoQhGKUIQiFKEIRShCEeo2oUpWNnaQ5p4+MKPPF46d90TsZxCKUIQiFKEIRShCEYpQhCIUoQhFKEIRilCEGpAi1m1dUfzFZrTzyom94I1dbWyPSi5CQhGKUIQiFKEIRShCEYpQhCIUoQhFKEIR6sNC3djWbTVBW53a3CtsNVBzd2rsjtm6cQcPO6EIRShCEYpQhCIUoQhFKEIRilCEIhShCPWUUCWbdKMysQYqVr+WtKJXoDPH9xXVHqEIRShCEYpQhCIUoQhFKEIRilCEIhShCHW5UHNnY6vqKhnorSMa6+NiN18nwVvX1cEQilCEIhShCEUoQhGKUIQiFKEIRShCEYpQhNo+sbGFvsKguTan5FLZapDnVmPuvwNuDKEIRShCEYpQhCIUoQhFKEIRilCEIhShCHWbUFc0MrFSaasY2hrZK17/gXL2gYUlFKEIRShCEYpQhCIUoQhFKEIRilCEIhShnhbq4K5s1Te5hmLp5HSeq63LLNYwHlycrR5w7aQQilCEIhShCEUoQhGKUIQiFKEIRShCEYpQlwkV+5/3Yzsaayc765tY5VTyUZ1T1zk5OTcJRShCEYpQhCIUoQhFKEIRilCEIhShCEWoy4Sa0+3g4Y8JVTJ2Bxnd6hBjT2N/XHJSOv+TglCEIhShCEUoQhGKUIQiFKEIRShCEYpQhHpaqLkuILYNB5WJ/aqD53muFY2Vd1f0y3N93Fy190KXRyhCEYpQhCIUoQhFKEIRilCEIhShCEUoQrXvytbYzRVwJVVXyffGln1urQ4OYWzqttAhFKEIRShCEYpQhCIUoQhFKEIRilCEIhShnhbqdy4H7Ysdld9YSsZ9q2/trBTnRnTrizr9IhShCEUoQhGKUIQiFKEIRShCEYpQhCIUod4S6ooJniuGSnrPOdxLtix2YjtpiO1CbgcJRShCEYpQhCIUoQhFKEIRilCEIhShCEWoDwm1dZ4PbnBJEdYJVuyNDj4tuXJKSsO1GpRQhCIUoQhFKEIRilCEIhShCEUoQhGKUIR6WagtC64oDecOUmxTYnsUq9hiv2rrpo+hQyhCEYpQhCIUoQhFKEIRilCEIhShCEUoQj0t1Fwx1NnmPDBnBw9wyXzH7Nvql2M334NdHqEIRShCEYpQhCIUoQhFKEIRilCEIhShCJUQ6reUWCPz3guWNFBbrWhscmJrFeMsd+UQilCEIhShCEUoQhGKUIQiFKEIRShCEYpQTwm19UVzR2Wt3Rgzd6uc7ezyDt5eWxVbbLxf6PIIRShCEYpQhCIUoQhFKEIRilCEIhShCEWo/WyVaLGfUbJ0sepnbnHmCO4chq0xK6n2CEUoQhGKUIQiFKEIRShCEYpQhCIUoQhFqNuEunFHD/ZTV0ixpdvWPRE7/CWDNHcWCEUoQhGKUIQiFKEIRShCEYpQhCIUoQhFKELN+7WFzlaNEusuS/bo4OvHTk7JiY0R3AkWoQhFKEIRilCEIhShCEUoQhGKUIQiFKEI9bRQc47ENnjrN291PVfotnUhba3V1lnIbQqhCEUoQhGKUIQiFKEIRShCEYpQhCIUoQh1t1Cxumpuz0o4mzNoy69YsVtyT5SsVazpIxShCEUoQhGKUIQiFKEIRShCEYpQhCIUoQhVNqOxnmhuCrcOw9ZKxkqlrZJ0i8KS64pQhCIUoQhFKEIRilCEIhShCEUoQhGKUIT6klBz4z73x3Mkzf3brd5zq4GaG7OtQZpbja0dJBShCEUoQhGKUIQiFKEIRShCEYpQhCIUoQg1cCbnFjrW5sTqqt9YYgcptt1bLWGscZtb2Pf/3waEIhShCEUoQhGKUIQiFKEIRShCEYpQhCJUHVgxOLZY6ezyYn4d/FVzp33uiMZuvrkxe6HLIxShCEUoQhGKUIQiFKEIRShCEYpQhCIUoRKvNGdB7Hu3tn9uOOb8Khmk2EfFmr6tQSIUoQhFKEIRilCEIhShCEUoQhGKUIQiFKEItV3PXXFytqahRLeS/nHrN28t3VzdXNIwEopQhCIUoQhFKEIRilCEIhShCEUoQhGKULcJVbIcWyTFyspYyRI7DHOzkaucUtdVyR/H1plQhCIUoQhFKEIRilCEIhShCEUoQhGKUIS6TaiDB3ir3Im5GXPkN5atK+fgXM2t1dyd2knw4PcSilCEIhShCEUoQhGKUIQiFKEIRShCEYpQTwk1Z8HcQdqqBUvQ6TQo1k/N1WQll/cWsoQiFKEIRShCEYpQhCIUoQhFKEIRilCEIhSh4tl6wZIjWtKZzlWoB8EquVTm7ItNDqEIRShCEYpQhCIUoQhFKEIRilCEIhShCPVhoUqmMLZJc6VSrPrZKjq3mty50x4TKlagH3x9QhGKUIQiFKEIRShCEYpQhCIUoQhFKEIR6ktCzR2krQNcUoTFViNWG20VcJ1X7NYObu0RoQhFKEIRilCEIhShCEUoQhGKUIQiFKEI9WGhtr7ot5TYb+5szWLfG+OspJyNvcLW6SYUoQhFKEIRilCEIhShCEUoQhGKUIQiFKG+JNRWaxZrZGKn7uAr/G5IyWqUHODYDn6uyyMUoQhFKEIRilCEIhShCEUoQhGKUIQiFKEuy1a3VTIrW13ewT2aqwVju3/wFWKd6cFXmAOLUIQiFKEIRShCEYpQhCIUoQhFKEIRilCEuk2ozjZnbs/m/ji3/WNH5WD1U9LllSzOXAHXWVYSilCEIhShCEUoQhGKUIQiFKEIRShCEYpQlwtV8slrK7vUqhy8NkreqOR4b5WGnV0eoQhFKEIRilCEIhShCEUoQhGKUIQiFKEIRaiyKYz1gFvbP3dED65GbOlKlJm7J7YupFiDTChCEYpQhCIUoQhFKEIRilCEIhShCEUoQhEqLtSNhVTJH5dAuVUZx5AtKdAJRShCEYpQhCIUoQhFKEIRilCEIhShCEUoQn21y4s93WJlq+specHOei72glt3OaEIRShCEYpQhCIUoQhFKEIRilCEIhShCEWo+ZJlrpLYKlm2Dv9WETbn9RUVW8n+dg4SoQhFKEIRilCEIhShCEUoQhGKUIQiFKEI9ZZQsdpo62d09nEHD8PWTRArwrZ+xhUXQ8vNRyhCEYpQhCIUoQhFKEIRilCEIhShCEUoQl0mlIgIoUSEUCIihBIRIZSIEEpEhFAiQigREUKJiBBKRAglIkIoESGUiAihREQIJSKEEhEhlIgQSkSEUCIihBIRQomIEEpECCUiQigREUKJSH/+A/ilKiensLTwAAAAAElFTkSuQmCC', '00020101021226820014br.gov.bcb.pix2560qrpix-h.bradesco.com.br/9d36b84f-c70b-478f-b95c-12729b90ca25520400005303986540550.005802BR5905ASAAS6009JOINVILLE62070503***63044E4B', '2024-12-13 23:59:59', NULL, NULL, '2024-12-13 11:16:52', '2024-12-13 11:25:22'),
(35, 6, 1, 'cus_000006382413', 38, '', 'sub_qruhm8rz41w6t9ts', '004.494.940-55', 'monthly', '100.00', 'PIX', 'ACTIVE', NULL, 'INACTIVE', '2024-12-13', '2025-01-13', NULL, 'iVBORw0KGgoAAAANSUhEUgAAAYsAAAGLCAIAAAC5gincAAAOTklEQVR42u3ZQW4kORADQP//094fDLCwkkypgtfuaVdJqdAA/PkVEdmaH0sgIoQSESGUiBBKRIRQIkIoERFCiYgQSkQIJSJCKBEhlIgIoURECCUihBIRIZSIEEpEhFAiIoQSEUKJiBBKRAglIkIoERFCiQihRESWC/WTyr//buzTv6xG66daD/m/1vkvX557jIOjcnAmW0s3N5OEIhShCEUoQhGKUIQiFKEIRShCEYpQhCLUW0LFfjlmUOsQxm6RmIxzu9Caq7nHeOCEEopQhCIUoQhFKEIRilCEIhShCEUoQhGKUIQaON6xX45xFmvrWj918H2vuBjmXjAm8pY7lVCEIhShCEUoQhGKUIQiFKEIRShCEYpQhCLU+bMRe+YripLWEW3tfuv2WnIhEYpQhCIUoQhFKEIRilCEIhShCEUoQhGKUIQi1J+f6opebMkEL9nfgy8Yq/aWfEooQhGKUIQiFKEIRShCEYpQhCIUoQhFKEIRalnldHCwYm3O3GFovUKsU5sjeO6p5jZ0bhfuOPuEIhShCEUoQhGKUIQiFKEIRShCEYpQhCLU3ULF9tunPvVpuI2d6z0J5VOf+pRQhPKpTwlFKHPmU58SilA+9SmhLheqlblu64HCcckUxq6cJbPR2rLf50IoQhGKUIQiFKEIRShCEYpQhCIUoQhFKEK9JVSrrVviyNwfeiCt4/2XUTmo25ybc6vxYJdHKEIRilCEIhShCEUoQhGKUIQiFKEIRShCFQxqrd0cZ61SKbZWS+CIXYQtdJY885JKkVCEIhShCEUoQhGKUIQiFKEIRShCEYpQhLq8y9u5SXNj1zo5scVZYn1rROf4nhvCVrNJKEIRilCEIhShCEUoQhGKUIQiFKEIRShCfViouW4rVjjuJHjnad/S9ZROztydOifjwYklFKEIRShCEYpQhCIUoQhFKEIRilCEIhShCDV/cnbWKC2wrij+dhZDc5MTe/3YsVpKP6EIRShCEYpQhCIUoQhFKEIRilCEIhShCHWZUK0NPtjH7WR0rnCM/duYm7FbZGdr9l5nSihCEYpQhCIUoQhFKEIRilCEIhShCEUoQt0mVGz7WzVZrCfaeW3EMtd8xWqyln0773JCEYpQhCIUoQhFKEIRilCEIhShCEUoQhHqS0LNneeDo3PwiMYWJ3Y2YgvbKpVaOxjrLmOLQyhCEYpQhCIUoQhFKEIRilCEIhShCEUoQhGqfQjnxj32h2LTP/eCc/QftK/1VDcO/5KfIhShCEUoQhGKUIQiFKEIRShCEYpQhCIUoS4Xasm4t8qOg2XWkt5zSfE39+VWt9V6/dgdQyhCEYpQhCIUoQhFKEIRilCEIhShCEUoQhFqvjdpHeBYi7RkFw7u4NzrL2n65h7yRlYIRShCEYpQhCIUoQhFKEIRilCEIhShCEUoQt28oy1H5h5yydloXWZL6ubYDs4tTks3QhGKUIQiFKEIRShCEYpQhCIUoQhFKEIR6i2hlpznVk12RT+1s8mNTV1srmK3dQwsQhGKUIQiFKEIRShCEYpQhCIUoQhFKEIRilADuzLnV6vrWTKUMc5aQB9cjZbmrffd+b8EQhGKUIQiFKEIRShCEYpQhCIUoQhFKEIR6nKhYuVObApb2LWWfUnHtISVlqqtEm1JCEUoQhGKUIQiFKEIRShCEYpQhCIUoQhFqNuEWlINxIqS2KcHK7Yr0Lmxj5t7yCX1XEtGQhGKUIQiFKEIRShCEYpQhCIUoQhFKEIR6q0ur9Ux7Twqc6/QesjY8Y7dMUsulVa1t6Q0JBShCEUoQhGKUIQiFKEIRShCEYpQhCIUob4kVKz5ak1DrHGL3ROxMit2IcXMXXJt7CxJCUUoQhGKUIQiFKEIRShCEYpQhCIUoQhFqC8JFetNYsrEDkPr2ogxGqtQ57yO1aAxR2oTSyhCEYpQhCIUoQhFKEIRilCEIhShCEUoQt0t1NxRmeNsZ6kUe6q56mcOyp0Xg+qWUIQiFKEIRShCEYpQhCIUoQhFKEIRilCEIlT1xMYWumVQbOnmOqa5bqs1G7EBjl1IS0IoQhGKUIQiFKEIRShCEYpQhCIUoQhFKELdJlTreC+pFOfqyCtwbxVwc6VhbENjX17ybwlFKEIRilCEIhShCEUoQhGKUIQiFKEIRainhZqrb2K9WK6hSJ2cWKk0N7JLGsa5eW6VhrG+lVCEIhShCEUoQhGKUIQiFKEIRShCEYpQhPqSUDtpmJvvg8PReubYG8UOw9wzt6ZuSZfXOs6EIhShCEUoQhGKUIQiFKEIRShCEYpQhCLUbUIdHMqDHVNszmKTtOSXY7Xgzg1t3bixPfrdEUIRilCEIhShCEUoQhGKUIQiFKEIRShCEeotoQ6eq4ObFHvmVi/W6onmmqCdldPcxC45R3N/l1CEIhShCEUoQhGKUIQiFKEIRShCEYpQhHpLqNhRaVU/rZqstRpzTxX78twz7yzCYnuUeyNCEYpQhCIUoQhFKEIRilCEIhShCEUoQhHqKaHmztWSMutnLK1rY26Pdi5Oawhjp2zuTiUUoQhFKEIRilCEIhShCEUoQhGKUIQiFKEINQ/HA8c7VqItKbN2FmEHF2dunq/YhdgOEopQhCIUoQhFKEIRilCEIhShCEUoQhGKULcJtdORGJS1LSzNWezULdnumH0xr5d0iIQiFKEIRShCEYpQhCIUoQhFKEIRilCEItSXhFpiwRWlYayPa833nF83Etxqn2M/RShCEYpQhCIUoQhFKEIRilCEIhShCEUoQn1JqJ1ncu48x2iI9YAH25wHKIz93bndX3KsCEUoQhGKUIQiFKEIRShCEYpQhCIUoQhFqC8JNXeeY41Mqwdc0hO1is6Y5lesc6tTW3LHEIpQhCIUoQhFKEIRilCEIhShCEUoQhGKUJcL1WqgWr1Jrd0oORKr9pacyblaMGbfA9UtoQhFKEIRilCEIhShCEUoQhGKUIQiFKEIdZtQBzd47pd3Fo6tsZtbjSW17/PD0PpDV3Z5hCIUoQhFKEIRyjAQilCEIhShCGUoCWUYCFUQqrUcsaJkbtxbIxv7ckvGVvPV0m2urCQUoQhFKEIRilCEIhShCEUoQhGKUIQiFKEItayBuvHwz1VOsdXYWfzNveCSExsTaglYhCIUoQhFKEIRilCEIhShCEUoQhGKUIQi1G1CtTa4Vd61+G7pNrehsW7rihu3dVJir08oQhGKUIQiFKEIRShCEYpQhCIUoQhFKEI9LdTcUWkZtHPsWnXV3IbOERwb0blhiNWvO+8JQhGKUIQiFKEIRShCEYpQhCIUoQhFKEIR6mmhWtXPkmlYUoRdMaNzlfHO2VjiZuw4E4pQhCIUoQhFKEIRilCEIhShCEUoQhGKUG8JtXMblvRiO0laUt61KuODv3yjyDvfl1CEIhShCEUoQhGKUIQiFKEIRShCEYpQhPqSULE92znfc8Vf6xC2GtXYqZtbnLnGLfZfige7PEIRilCEIhShCEUoQhGKUIQiFKEIRShCEeruhiJWGi45KgdH5wpHWl+eO6Kx9nluzO7o8ghFKEIRilCEIhShCEUoQhGKUIQiFKEIRai7hYrVZK3ScO4V5rq8uZFdAuXcU8UuldbtRShCEYpQhCIUoQhFKEIRilCEIhShCEUoQhHqhFBz0zDXqsTaula1FzvtsbZuSWcao6FVZBOKUIQiFKEIRShCEYpQhCIUoQhFKEIRilCEmm+RWm62aqO5kzPXt86t8xILlhz+G+9jQhGKUIQiFKEIRShCEYpQhCIUoQhFKEIR6mmhYke0hc5cixT7u7FObe4hd14MrSGc+19CjCRCEYpQhCIUoQhFKEIRilCEIhShCEUoQhHqcqFa6MwdpNw2jK1Gq+q6oydKvdGSy3sJsoQiFKEIRShCEYpQhCIUoQhFKEIRilCEIhSh4vlNZWddtXNk53bw4O4vKTpjUuys9ghFKEIRilCEIhShCEUoQhGKUIQiFKEIRagvCTX3d3dWbEssaEF5xcLuLLLnLv6WjIQiFKEIRShCEYpQhCIUoQhFKEIRilCEItSHhZorlVpncsuO7niFVqO6pLx7YAdb5R2hCEUoQhGKUIQiFKEIRShCEYpQhCIUoQj1tFCtLZyrfloFTeynYvTvXOdW8zUHx8G1yl0bhCIUoQhFKEIRilCEIhShCEUoQhGKUIQi1MtCPdC4xc5GrFX52ZG5DY1tyo11ZGydCUUoQhGKUIQiFKEIRShCEYpQhCIUoQhFqKeF2rkrrcdYchjmOrW5+rVlUOwya3259T8MQhGKUIQiFKEIRShCEYpQhCIUoQhFKEIR6ktCtbqe2J61DBrc/lSF2lL1a4szx2jt4icUoQhFKEIRilCEIhShCEUoQhGKUIQiFKHuFuqKX57riWJTeHDsDr5CrK2LHe8ld9sVfSuhCEUoQhGKUIQiFKEIRShCEYpQhCIUoQhFqIGm4IpD2Op6lpznWHe5RJnYM8cupCXlHaEIRShCEYpQhCIUoQhFKEIRilCEIhShCEWoAaFarMy9QuzLsXviipMTm6tWzb2EJEIRilCEIhShCEUoQhGKUIQiFKEIRShCEYpQ80LFmq+5+b6xntu5Vq16rjVmO9s6QhGKUIQiFKEIRShCEYpQhCIUoQhFKEIR6ktCXVGjtA5wqxac26OdXe2Siu3G1ahVqIQiFKEIRShCEYpQhCIUoQhFKEIRilCEItTdQsVOe2wo5wyKfblF/84irFX7Ljl0SzQnFKEIRShCEYpQhCIUoQhFKEIRilCEIhSh3hJKRIRQIkIoERFCiYgQSkQIJSJCKBEhlIgIoURECCUihBIRIZSIEEpEhFAiIoQSEUKJiBBKRAglIkIoERFCiQihREQIJSKEEhEhlIgIoURkf/4D9Mj/NV+ZvD8AAAAASUVORK5CYII=', '00020101021226820014br.gov.bcb.pix2560qrpix-h.bradesco.com.br/9d36b84f-c70b-478f-b95c-12729b90ca255204000053039865406100.005802BR5905ASAAS6009JOINVILLE62070503***6304474A', '2024-12-13 23:59:59', NULL, NULL, '2024-12-13 11:25:21', '2024-12-13 11:25:56');
INSERT INTO `tb_subscriptions` (`id`, `user_id`, `plan_id`, `customer_id`, `order_id`, `subscription_id`, `payment_id`, `cpf`, `cycle`, `price`, `payment_method`, `payment_status`, `link_pagamento`, `status`, `creation_date`, `due_date`, `payment_date`, `pix_encoded_image`, `pix_code`, `pix_expiration_date`, `card_last_digits`, `card_brand`, `created_at`, `updated_at`) VALUES
(36, 6, 2, 'cus_000006382413', 39, '', 'sub_2e9p3pb9mogy83hm', '004.494.940-55', 'monthly', '50.00', 'PIX', 'ACTIVE', NULL, 'ACTIVE', '2024-12-13', '2025-01-13', NULL, 'iVBORw0KGgoAAAANSUhEUgAAAYsAAAGLCAIAAAC5gincAAAOW0lEQVR42u3aQZIjORIDQP3/0z1vGCsGAmQ6rlktKcmgc2yxv38iIq35WQIRIZSICKFEhFAiIoQSEUKJiBBKRIRQIkIoERFCiQihREQIJSJCKBEhlIgIoUSEUCIihBIRIZSIEEpEhFAiQigREUKJiBBKRAglIlIu1C+Vv3zvwd98cHHm/m3sk+dW8sZB+l9v9JensWmfOxqEIhShCEUoQhGKUIQiFKEIRShCEYpQhCLU00LFPjm2KwdPe2yDO3/knFBzqsZwj+3+HZ9MKEIRilCEIhShCEUoQhGKUIQiFKEIRShCPSXUXFEyV7LE6pu5/S75qK1WtGTZO0WOnVBCEYpQhCIUoQhFKEIRilCEIhShCEUoQhGKUPH3nyNpbmTnhrKEs62qK/Zv54Z/7gwSilCEIhShCEUoQhGKUIQiFKEIRShCEYpQhHpXqM4KJjZJJRMcIzjmSGyuSp4SilCEIhShCEUoQhGKUIQiFKEIRShCEYpQhNpugkpO7BVzNleDzjky59fc+8Z+c4nmLZ9MKEIRilCEIhShCEUoQhGKUIQiFKEIRShC3S1UbL899dTTe9tYQnnqqaeEIpSnnhKKUObMU08JRShPPSXUW0Jt5S+cxYqSrU8umcJY/xj73s4t+/dcCEUoQhGKUIQiFKEIRShCEYpQhCIUoQhFqLeE2mrrtpSZ+6j3Mqf5X87z3B9v3W0HV+PBLo9QhCIUoQhFKEIRilCEIhShCEUoQhGKUIRaMGjuDWM/o+SIdmIXu0XmfmRn/Rr7zSWVIqEIRShCEYpQhCIUoQhFKEIRilCEIhShCHV5lze3SbFPnvuo2OvHlm6rroqNaCfQnc0moQhFKEIRilCEIhShCEUoQhGKUIQiFKEI9WGhDq5d7HvnDuFBC0pmJXYY5o7KYOW0dLfdWIITilCEIhShCEUoQhGKUIQiFKEIRShCEYpQHxZqroPoRGfue7d6wE443ms2Y9fV1n9SEIpQhCIUoQhFKEIRilCEIhShCEUoQhGKUE8LFRudzrrqCt224Cgp4GIF61ZXGysrc4eOUIQiFKEIRShCEYpQhCIUoQhFKEIRilCEukyouQ2OdVtzo1NygLfWqoSGTnRKyujYRxGKUIQiFKEIRShCEYpQhCIUoQhFKEIRilBPC/WXN9zqIGKH8Ir2KrYLW2s1dxNs4R7zeq1DJBShCEUoQhGKUIQiFKEIRShCEYpQhCIUoQh1oAqZm6TYFs6NbAmFc5uy1T9egU7nnUooQhGKUIQiFKEIRShCEYpQhCIUoQhFKEJdLtTcryz53tjZiOF+cKA7z3Os+Jv7kSVl9FoXTyhCEYpQhCIUoQhFKEIRilCEIhShCEUoQj0l1G8pB6e/s2LrPPyxXYiZ2+nmwQH+VxlCEYpQhCIUoQhFKEIRilCEIhShCEUoQhHqcqFitcLcNswdpJJPjhWOW5fZjW1dyQ5uXSqEIhShCEUoQhGKUIQiFKEIRShCEYpQhCLU00JtbWGsGNr64zncH1iNLfu2sIs9jdWChCIUoQhFKEIRilCEIhShCEUoQhGKUIQi1G1CdbZXLQs9Ng1zTdBWpxazYOvm6/Q6NsCEIhShCEUoQhGKUIQiFKEIRShCEYpQhCLUl4T6y3DMfdRcExQbrCvKrCvMjV2EV1jQGUIRilCEIhShCEUoQhGKUIQiFKEIRShCEeo2oUpWNnaQ5p4+MKPPF46d90TsZxCKUIQiFKEIRShCEYpQhCIUoQhFKEIRilCEGpAi1m1dUfzFZrTzyom94I1dbWyPSi5CQhGKUIQiFKEIRShCEYpQhCIUoQhFKEIR6sNC3djWbTVBW53a3CtsNVBzd2rsjtm6cQcPO6EIRShCEYpQhCIUoQhFKEIRilCEIhShCPWUUCWbdKMysQYqVr+WtKJXoDPH9xXVHqEIRShCEYpQhCIUoQhFKEIRilCEIhShCHW5UHNnY6vqKhnorSMa6+NiN18nwVvX1cEQilCEIhShCEUoQhGKUIQiFKEIRShCEYpQhNo+sbGFvsKguTan5FLZapDnVmPuvwNuDKEIRShCEYpQhCIUoQhFKEIRilCEIhShCHWbUFc0MrFSaasY2hrZK17/gXL2gYUlFKEIRShCEYpQhCIUoQhFKEIRilCEIhShnhbq4K5s1Te5hmLp5HSeq63LLNYwHlycrR5w7aQQilCEIhShCEUoQhGKUIQiFKEIRShCEYpQlwkV+5/3Yzsaayc765tY5VTyUZ1T1zk5OTcJRShCEYpQhCIUoQhFKEIRilCEIhShCEWoy4Sa0+3g4Y8JVTJ2Bxnd6hBjT2N/XHJSOv+TglCEIhShCEUoQhGKUIQiFKEIRShCEYpQhHpaqLkuILYNB5WJ/aqD53muFY2Vd1f0y3N93Fy190KXRyhCEYpQhCIUoQhFKEIRilCEIhShCEUoQrXvytbYzRVwJVVXyffGln1urQ4OYWzqttAhFKEIRShCEYpQhCIUoQhFKEIRilCEIhShnhbqdy4H7Ysdld9YSsZ9q2/trBTnRnTrizr9IhShCEUoQhGKUIQiFKEIRShCEYpQhCIUod4S6ooJniuGSnrPOdxLtix2YjtpiO1CbgcJRShCEYpQhCIUoQhFKEIRilCEIhShCEWoDwm1dZ4PbnBJEdYJVuyNDj4tuXJKSsO1GpRQhCIUoQhFKEIRilCEIhShCEUoQhGKUIR6WagtC64oDecOUmxTYnsUq9hiv2rrpo+hQyhCEYpQhCIUoQhFKEIRilCEIhShCEUoQj0t1Fwx1NnmPDBnBw9wyXzH7Nvql2M334NdHqEIRShCEYpQhCIUoQhFKEIRilCEIhShCJUQ6reUWCPz3guWNFBbrWhscmJrFeMsd+UQilCEIhShCEUoQhGKUIQiFKEIRShCEYpQTwm19UVzR2Wt3Rgzd6uc7ezyDt5eWxVbbLxf6PIIRShCEYpQhCIUoQhFKEIRilCEIhShCEWo/WyVaLGfUbJ0sepnbnHmCO4chq0xK6n2CEUoQhGKUIQiFKEIRShCEYpQhCIUoQhFqNuEunFHD/ZTV0ixpdvWPRE7/CWDNHcWCEUoQhGKUIQiFKEIRShCEYpQhCIUoQhFKELN+7WFzlaNEusuS/bo4OvHTk7JiY0R3AkWoQhFKEIRilCEIhShCEUoQhGKUIQiFKEI9bRQc47ENnjrN291PVfotnUhba3V1lnIbQqhCEUoQhGKUIQiFKEIRShCEYpQhCIUoQh1t1Cxumpuz0o4mzNoy69YsVtyT5SsVazpIxShCEUoQhGKUIQiFKEIRShCEYpQhCIUoQhVNqOxnmhuCrcOw9ZKxkqlrZJ0i8KS64pQhCIUoQhFKEIRilCEIhShCEUoQhGKUIT6klBz4z73x3Mkzf3brd5zq4GaG7OtQZpbja0dJBShCEUoQhGKUIQiFKEIRShCEYpQhCIUoQg1cCbnFjrW5sTqqt9YYgcptt1bLWGscZtb2Pf/3waEIhShCEUoQhGKUIQiFKEIRShCEYpQhCJUHVgxOLZY6ezyYn4d/FVzp33uiMZuvrkxe6HLIxShCEUoQhGKUIQiFKEIRShCEYpQhCIUoRKvNGdB7Hu3tn9uOOb8Khmk2EfFmr6tQSIUoQhFKEIRilCEIhShCEUoQhGKUIQiFKEItV3PXXFytqahRLeS/nHrN28t3VzdXNIwEopQhCIUoQhFKEIRilCEIhShCEUoQhGKULcJVbIcWyTFyspYyRI7DHOzkaucUtdVyR/H1plQhCIUoQhFKEIRilCEIhShCEUoQhGKUIS6TaiDB3ir3Im5GXPkN5atK+fgXM2t1dyd2knw4PcSilCEIhShCEUoQhGKUIQiFKEIRShCEYpQTwk1Z8HcQdqqBUvQ6TQo1k/N1WQll/cWsoQiFKEIRShCEYpQhCIUoQhFKEIRilCEIhSh4tl6wZIjWtKZzlWoB8EquVTm7ItNDqEIRShCEYpQhCIUoQhFKEIRilCEIhShCPVhoUqmMLZJc6VSrPrZKjq3mty50x4TKlagH3x9QhGKUIQiFKEIRShCEYpQhCIUoQhFKEIR6ktCzR2krQNcUoTFViNWG20VcJ1X7NYObu0RoQhFKEIRilCEIhShCEUoQhGKUIQiFKEI9WGhtr7ot5TYb+5szWLfG+OspJyNvcLW6SYUoQhFKEIRilCEIhShCEUoQhGKUIQiFKG+JNRWaxZrZGKn7uAr/G5IyWqUHODYDn6uyyMUoQhFKEIRilCEIhShCEUoQhGKUIQiFKEuy1a3VTIrW13ewT2aqwVju3/wFWKd6cFXmAOLUIQiFKEIRShCEYpQhCIUoQhFKEIRilCEuk2ozjZnbs/m/ji3/WNH5WD1U9LllSzOXAHXWVYSilCEIhShCEUoQhGKUIQiFKEIRShCEYpQlwtV8slrK7vUqhy8NkreqOR4b5WGnV0eoQhFKEIRilCEIhShCEUoQhGKUIQiFKEIRaiyKYz1gFvbP3dED65GbOlKlJm7J7YupFiDTChCEYpQhCIUoQhFKEIRilCEIhShCEUoQhEqLtSNhVTJH5dAuVUZx5AtKdAJRShCEYpQhCIUoQhFKEIRilCEIhShCEUoQn21y4s93WJlq+specHOei72glt3OaEIRShCEYpQhCIUoQhFKEIRilCEIhShCEWo+ZJlrpLYKlm2Dv9WETbn9RUVW8n+dg4SoQhFKEIRilCEIhShCEUoQhGKUIQiFKEI9ZZQsdpo62d09nEHD8PWTRArwrZ+xhUXQ8vNRyhCEYpQhCIUoQhFKEIRilCEIhShCEUoQl0mlIgIoUSEUCIihBIRIZSIEEpEhFAiQigREUKJiBBKRAglIkIoESGUiAihREQIJSKEEhEhlIgQSkSEUCIihBIRQomIEEpECCUiQigREUKJSH/+A/ilKiensLTwAAAAAElFTkSuQmCC', '00020101021226820014br.gov.bcb.pix2560qrpix-h.bradesco.com.br/9d36b84f-c70b-478f-b95c-12729b90ca25520400005303986540550.005802BR5905ASAAS6009JOINVILLE62070503***63044E4B', '2024-12-13 23:59:59', NULL, NULL, '2024-12-13 11:25:56', '2024-12-13 11:26:07'),
(37, 4, 4, 'cus_000006376303', 40, '', 'subs_test_1734388117', '205.532.407-14', 'monthly', '200.00', 'CREDIT_CARD', NULL, NULL, 'INACTIVE', '2024-12-16', '2025-01-16', NULL, NULL, NULL, NULL, '4242', 'VISA', '2024-12-16 19:28:37', '2024-12-16 19:29:30'),
(38, 4, 2, 'cus_000006376303', 41, '', 'subs_test_1734388170', '205.532.407-14', 'monthly', '50.00', 'CREDIT_CARD', NULL, NULL, 'ACTIVE', '2024-12-16', '2025-01-16', NULL, NULL, NULL, NULL, '4242', 'VISA', '2024-12-16 19:29:30', '2024-12-16 19:29:30'),
(39, 35, 4, 'cus_000006415044', 42, '', 'sub_uxzda0xcvrdipe8y', '331.720.590-30', 'monthly', '200.00', 'PIX', NULL, NULL, 'INACTIVE', '2024-12-23', '2025-01-23', NULL, 'iVBORw0KGgoAAAANSUhEUgAAAYsAAAGLCAIAAAC5gincAAAOXklEQVR42u3aUY4rNxADQN//0skNAgSrZlOa4u9s7LHUKj2A+f0jItKanyUQEUKJiBBKRAglIkIoESGUiAihREQIJSKEEhEhlIgQSkSEUCIihBIRQomIEEpECCUiQigREUKJCKFERAglIoQSESGUiAihRIRQIiLlQv1S+e/v/ctb/a9P/stqbH3U1ktubejcD/zLqJTMc+yEEopQhCIUoQhFKEIRilCEIhShCEUoQhGKUB8WKvbJc8rEhiPXjFS+89ZbzUlRcnBKTiihCEUoQhGKUIQiFKEIRShCEYpQhCIUoQhFqIHjffCT57ahpBkp+aiDv3eOs5KStKSO3Fo6QhGKUIQiFKEIRShCEYpQhCIUoQhFKEIRilADv/8K+0qKv63eM7b7c997xSVKKEIRilCEIhShCEUoQhGKUIQiFKEIRShCEYpQf36rmBSxnii2Vlv7e/AHxras5CmhCEUoQhGKUIQiFKEIRShCEYpQhCIUoQhFqO0maG6wYm3O1hdt/YS5au+gQXNvdfCdY7twx9knFKEIRShCEYpQhCIUoQhFKEIRilCEIhSh7hYqtt+eeuppuI2N1dyE8tRTQhGKUJ56SihCeeqpp4QilKeeEuo2obYyx9nBFmmrcCyZwtiVE+s9Dw7DVrV3x+kmFKEIRShCEYpQhCIUoQhFKEIRilCEIhShnhJqq60rmf45sB7IQSkOnue5P56bydhqPNjlEYpQhCIUoQhFKEIRilCEIhShCEUoQhGKUAsGba1drETb+uTYHs31UyU/YQudkncuqRQJRShCEYpQhCIUoQhFKEIRilCEIhShCEWoy7u8zk2aG7tYlTlnwdbSzc33wbfaaidjF9Lc8BOKUIQiFKEIRShCEYpQhCIUoQhFKEIRilBfEmqu24oVjp0Ez43d3Ermup6lkxO7RUq6aUIRilCEIhShCEUoQhGKUIQiFKEIRShCEYpQ8b7mxhplDqytLi+GbAmjW3dMybEqpZ9QhCIUoQhFKEIRilCEIhShCEUoQhGKUIS6TKiSMitWwWwdhli1N7ewMQpL7phYa/ZeZ0ooQhGKUIQiFKEIRShCEYpQhCIUoQhFKEJ9qcu7sSabK2g6r41YYgsb+96S0jB2lxOKUIQiFKEIRShCEYpQhCIUoQhFKEIRilAfFupguTNXwMU4i23/FdM/t1adVddWdxlbHEIRilCEIhShCEUoQhGKUIQiFKEIRShCEYpQ24cw1lBsFUNbFdvchm41fVtv1dnHdV4bhCIUoQhFKEIRilCEIhShCEUoQhGKUIQi1FtCxcZ9q4M4OO4lbl5R/M398dZcbf382B1DKEIRilCEIhShCEUoQhGKUIQiFKEIRShCEaqsNykBq6SgOdiazX3U1i5c0fNewQqhCEUoQhGKUIQiFKEIRShCEYpQhCIUoQhFqPmRndvRLUe2ir+tPdq6zGJ1c8kOzm1ZTDdCEYpQhCIUoQhFKEIRilCEIhShCEUoQhHqLaHmDvAWWO/1U51NbsnUxVrvkjpyznpCEYpQhCIUoQhFKEIRilCEIhShCEUoQhHqaaG2jvcVXU/JUMZO7JwysU/e0vzGlRzUnFCEIhShCEUoQhGKUIQiFKEIRShCEYpQhLpbqFi5E2soSg5SbNnnGL2RldhqlJRoJSEUoQhFKEIRilCEIhShCEUoQhGKUIQiFKFuE6qkGoiVhrGnc5zF+J7rarfAmrtTY2X03JYRilCEIhShCEUoQhGKUIQiFKEIRShCEYpQHxbqioEuOSqxtdryOnY/zd0xJZfKVrVXUhoSilCEIhShCEUoQhGKUIQiFKEIRShCEYpQbwk1d2K3JjhWdMbOxm8sMaFiRVjsNWLTXlKSEopQhCIUoQhFKEIRilCEIhShCEUoQhGKUF8SaoukOWVihyG2KbEmaG5htyrUWA0ac2RtYglFKEIRilCEIhShCEUoQhGKUIQiFKEIRai7hYrVN3N1RkmpFHuruaMSq6tKLoaDX7TV5c0BTShCEYpQhCIUoQhFKEIRilCEIhShCEUoQn1JqK0TG1voLYNiSxej4SCUW7MRG+CSiu2FLo9QhCIUoQhFKEIRilCEIhShCEUoQhGKUIQaEWrreM8xGvtvr8A9tvtbms+VaFvvXPJFhCIUoQhFKEIRilCEIhShCEUoQhGKUIQi1JeEmqtvYhOcayhSJ+cKsEpugoOnfasFLjmwhCIUoQhFKEIRilCEIhShCEUoQhGKUIQi1IeF6qTh4HmeG7tYLxajYeswHNyFkqnrbFRjx5lQhCIUoQhFKEIRilCEIhShCEUoQhGKUIS6TaiDQznXMcWEio3dXBP0SyU37qnTvnWsOs8RoQhFKEIRilCEIhShCEUoQhGKUIQiFKEIRaj5nii2DQeVKemY5lSda4I6K6e5iS05R3PfSyhCEYpQhCIUoQhFKEIRilCEIhShCEUoQr0l1NzKllQ/sQLu4GpsjWxs+rdWsrMIK5kcQhGKUIQiFKEIRShCEYpQhCIUoQhFKEIRilADs1Ii49xAzw1HyU0QW5zOsjI27bFPzrXPhCIUoQhFKEIRilCEIhShCEUoQhGKUIQi1GVCzcFRcrznxu69MqtT5K1bc87crV2IgUUoQhGKUIQiFKEIRShCEYpQhCIUoQhFKELdJlSnIzEo17awcs62VI21z52d6dY/OAhFKEIRilCEIhShCEUoQhGKUIQiFKEIRShCzTdQBy14oIE6aEFuzpbayTl0YuN90JGtjyIUoQhFKEIRilCEIhShCEUoQhGKUIQiFKG+JFTnmdw6zwensBOOre4yRuHWSh7c/ZJjRShCEYpQhCIUoQhFKEIRilCEIhShCEUoQn1JqLn5jjUyWz1gLHO3yNwezQ1h50xudWoldwyhCEUoQhGKUIQiFKEIRShCEYpQhCIUoQh1uVA3NlBzf3zw528dpJgFnWdyrhaM2Rcb7yv/bwNCEYpQhCIUoQhFKEIRilCEIhShCEUoQhEq0eUddCTWbV1hQUmLtHWQthx5bxiuqPYIRShCEYpQhCIUoQhFKEIRilCEIhShCEWoy4UqWY7Y8T447rEGaqv3LBmVkha4ZPhj3TShCEUoQhGKUIQiFKEIRShCEYpQhCIUoQj1tFBzP2muvLuiRIv1U1sFXKd9sfGOveSNYBGKUIQiFKEIRShCEYpQhCIUoQhFKEIRilC3CbW1wVc0UHOnPabb3IY+QEPsupq76WM/n1CEIhShCEUoQhGKUIQiFKEIRShCEYpQhHpaqIMHKVbelbR1V1hw0L6tPYppfnAYYvVrrCInFKEIRShCEYpQhCIUoQhFKEIRilCEIhShPixUbLAOnquSei62GrGboKS67ZyNEjdjx5lQhCIUoQhFKEIRilCEIhShCEUoQhGKUIR6S6jObejsxWL0vz/BqdmItVcxkTt/L6EIRShCEYpQhCIUoQhFKEIRilCEIhShCPUloWJ7VjLfJU8PYlfSmsVO3VzfOndPxP5J8WCXRyhCEYpQhCIUoQhFKEIRilCEIhShCEUoQt3dUJSUWbGjcnB0Yp8cO8AH/3juiG6VwgeH4Y4uj1CEIhShCEUoQhGKUIQiFKEIRShCEYpQhLpbqINrF3NkqzWLvdXWWpUUrHMfFbtUDn4RoQhFKEIRilCEIhShCEUoQhGKUIQiFKEIRagBoeamYe5sxNq6zgLuivr1imYz1gLHimxCEYpQhCIUoQhFKEIRilCEIhShCEUoQhGKUAPrnusROo73Vg8YOwyxsrJku2OcxRaHUIQiFKEIRShCEYpQhCIUoQhFKEIRilCEItT2EZ17jYNvNVftxbCb27KSYnfrYiip9uaQJRShCEUoQhGKUIQiFKEIRShCEYpQhCIUob4k1BY6sRN7RWkYq/ZK6I9VbFtN7tbwb9WvhCIUoQhFKEIRilCEIhShCEUoQhGKUIQiFKHmK6eSdjJWV3WObMnFcNDNG7vpK6o9QhGKUIQiFKEIRShCEYpQhCIUoQhFKEIR6nKhYlMYI2mun+q0L2bQVqUYG8JYWRlb9he6PEIRilCEIhShCEUoQhGKUIQiFKEIRShCEWq/y5srlbYqiYP7vbULse6yMw9UxjGCY/tLKEIRilCEIhShCEUoQhGKUIQiFKEIRShCvSXU1hbGxu69j9qiv2TLtpqvWLN5sBUlFKEIRShCEYpQhCIUoQhFKEIRilCEIhShCLW9siV1VWxWtvqaWLbaqxsP8Nb1/H6XRyhCEYpQhCIUoQhFKEIRilCEIhShCEUoQl2Wg+VOCdAxdLYqxU6Dti6z2B9v/QuDUIQiFKEIRShCEYpQhCIUoQhFKEIRilCE+pJQW13PXMswd7wPjvucqlvv3Ln7VyzOVjc9ePETilCEIhShCEUoQhGKUIQiFKEIRShCEYpQdwtVUpPFfkKsrjrY9Ryc763u8uMVamffSihCEYpQhCIUoQhFKEIRilCEIhShCEUoQhFqoCko2aS5Gd1qgg6e55LDv/VFseGfu5BKyjtCEYpQhCIUoQhFKEIRilCEIhShCEUoQhGKUGUH+MZ6rgTKGBy5ozJWZZasRglJhCIUoQhFKEIRilCEIhShCEUoQhGKUIQiFKHmu7xY81XydKvrOfjOW0MYE3lrzDpJIhShCEUoQhGKUIQiFKEIRShCEYpQhCIUoZ4WqqRG6TzAW7Xg3B5t3UBXVGw3rsZahUooQhGKUIQiFKEIRShCEYpQhCIUoQhFKELdLVTstMeGcq7rib3GHP1zN0HsBpqr2Eouhq3tJhShCEUoQhGKUIQiFKEIRShCEYpQhCIUob4klIgIoUSEUCIihBIRIZSIEEpEhFAiQigREUKJiBBKRAglIkIoESGUiAihREQIJSKEEhEhlIgQSkSEUCIihBIRQomIEEpECCUiQigREUKJSH/+BcxhPuj8389RAAAAAElFTkSuQmCC', '00020101021226820014br.gov.bcb.pix2560qrpix-h.bradesco.com.br/9d36b84f-c70b-478f-b95c-12729b90ca255204000053039865406200.005802BR5905ASAAS6009JOINVILLE62070503***630490C7', '2024-12-23 23:59:59', NULL, NULL, '2024-12-23 13:18:35', '2024-12-23 13:18:36'),
(40, 35, 4, 'cus_000006415044', 43, '', 'sub_g792x2yz8qznil8n', '331.720.590-30', 'monthly', '200.00', 'PIX', NULL, NULL, 'INACTIVE', '2024-12-23', '2025-01-23', NULL, 'iVBORw0KGgoAAAANSUhEUgAAAYsAAAGLCAIAAAC5gincAAAOXklEQVR42u3aUY4rNxADQN//0skNAgSrZlOa4u9s7LHUKj2A+f0jItKanyUQEUKJiBBKRAglIkIoESGUiAihREQIJSKEEhEhlIgQSkSEUCIihBIRQomIEEpECCUiQigREUKJCKFERAglIoQSESGUiAihRIRQIiLlQv1S+e/v/ctb/a9P/stqbH3U1ktubejcD/zLqJTMc+yEEopQhCIUoQhFKEIRilCEIhShCEUoQhGKUB8WKvbJc8rEhiPXjFS+89ZbzUlRcnBKTiihCEUoQhGKUIQiFKEIRShCEYpQhCIUoQhFqIHjffCT57ahpBkp+aiDv3eOs5KStKSO3Fo6QhGKUIQiFKEIRShCEYpQhCIUoQhFKEIRilADv/8K+0qKv63eM7b7c997xSVKKEIRilCEIhShCEUoQhGKUIQiFKEIRShCEYpQf36rmBSxnii2Vlv7e/AHxras5CmhCEUoQhGKUIQiFKEIRShCEYpQhCIUoQhFqO0maG6wYm3O1hdt/YS5au+gQXNvdfCdY7twx9knFKEIRShCEYpQhCIUoQhFKEIRilCEIhSh7hYqtt+eeuppuI2N1dyE8tRTQhGKUJ56SihCeeqpp4QilKeeEuo2obYyx9nBFmmrcCyZwtiVE+s9Dw7DVrV3x+kmFKEIRShCEYpQhCIUoQhFKEIRilCEIhShnhJqq60rmf45sB7IQSkOnue5P56bydhqPNjlEYpQhCIUoQhFKEIRilCEIhShCEUoQhGKUAsGba1drETb+uTYHs31UyU/YQudkncuqRQJRShCEYpQhCIUoQhFKEIRilCEIhShCEWoy7u8zk2aG7tYlTlnwdbSzc33wbfaaidjF9Lc8BOKUIQiFKEIRShCEYpQhCIUoQhFKEIRilBfEmqu24oVjp0Ez43d3Ermup6lkxO7RUq6aUIRilCEIhShCEUoQhGKUIQiFKEIRShCEYpQ8b7mxhplDqytLi+GbAmjW3dMybEqpZ9QhCIUoQhFKEIRilCEIhShCEUoQhGKUIS6TKiSMitWwWwdhli1N7ewMQpL7phYa/ZeZ0ooQhGKUIQiFKEIRShCEYpQhCIUoQhFKEJ9qcu7sSabK2g6r41YYgsb+96S0jB2lxOKUIQiFKEIRShCEYpQhCIUoQhFKEIRilAfFupguTNXwMU4i23/FdM/t1adVddWdxlbHEIRilCEIhShCEUoQhGKUIQiFKEIRShCEYpQ24cw1lBsFUNbFdvchm41fVtv1dnHdV4bhCIUoQhFKEIRilCEIhShCEUoQhGKUIQi1FtCxcZ9q4M4OO4lbl5R/M398dZcbf382B1DKEIRilCEIhShCEUoQhGKUIQiFKEIRShCEaqsNykBq6SgOdiazX3U1i5c0fNewQqhCEUoQhGKUIQiFKEIRShCEYpQhCIUoQhFqPmRndvRLUe2ir+tPdq6zGJ1c8kOzm1ZTDdCEYpQhCIUoQhFKEIRilCEIhShCEUoQhHqLaHmDvAWWO/1U51NbsnUxVrvkjpyznpCEYpQhCIUoQhFKEIRilCEIhShCEUoQhHqaaG2jvcVXU/JUMZO7JwysU/e0vzGlRzUnFCEIhShCEUoQhGKUIQiFKEIRShCEYpQhLpbqFi5E2soSg5SbNnnGL2RldhqlJRoJSEUoQhFKEIRilCEIhShCEUoQhGKUIQiFKFuE6qkGoiVhrGnc5zF+J7rarfAmrtTY2X03JYRilCEIhShCEUoQhGKUIQiFKEIRShCEYpQHxbqioEuOSqxtdryOnY/zd0xJZfKVrVXUhoSilCEIhShCEUoQhGKUIQiFKEIRShCEYpQbwk1d2K3JjhWdMbOxm8sMaFiRVjsNWLTXlKSEopQhCIUoQhFKEIRilCEIhShCEUoQhGKUF8SaoukOWVihyG2KbEmaG5htyrUWA0ac2RtYglFKEIRilCEIhShCEUoQhGKUIQiFKEIRai7hYrVN3N1RkmpFHuruaMSq6tKLoaDX7TV5c0BTShCEYpQhCIUoQhFKEIRilCEIhShCEUoQn1JqK0TG1voLYNiSxej4SCUW7MRG+CSiu2FLo9QhCIUoQhFKEIRilCEIhShCEUoQhGKUIQaEWrreM8xGvtvr8A9tvtbms+VaFvvXPJFhCIUoQhFKEIRilCEIhShCEUoQhGKUIQi1JeEmqtvYhOcayhSJ+cKsEpugoOnfasFLjmwhCIUoQhFKEIRilCEIhShCEUoQhGKUIQi1IeF6qTh4HmeG7tYLxajYeswHNyFkqnrbFRjx5lQhCIUoQhFKEIRilCEIhShCEUoQhGKUIS6TaiDQznXMcWEio3dXBP0SyU37qnTvnWsOs8RoQhFKEIRilCEIhShCEUoQhGKUIQiFKEIRaj5nii2DQeVKemY5lSda4I6K6e5iS05R3PfSyhCEYpQhCIUoQhFKEIRilCEIhShCEUoQr0l1NzKllQ/sQLu4GpsjWxs+rdWsrMIK5kcQhGKUIQiFKEIRShCEYpQhCIUoQhFKEIRilADs1Ii49xAzw1HyU0QW5zOsjI27bFPzrXPhCIUoQhFKEIRilCEIhShCEUoQhGKUIQi1GVCzcFRcrznxu69MqtT5K1bc87crV2IgUUoQhGKUIQiFKEIRShCEYpQhCIUoQhFKELdJlSnIzEo17awcs62VI21z52d6dY/OAhFKEIRilCEIhShCEUoQhGKUIQiFKEIRShCzTdQBy14oIE6aEFuzpbayTl0YuN90JGtjyIUoQhFKEIRilCEIhShCEUoQhGKUIQiFKG+JFTnmdw6zwensBOOre4yRuHWSh7c/ZJjRShCEYpQhCIUoQhFKEIRilCEIhShCEUoQn1JqLn5jjUyWz1gLHO3yNwezQ1h50xudWoldwyhCEUoQhGKUIQiFKEIRShCEYpQhCIUoQh1uVA3NlBzf3zw528dpJgFnWdyrhaM2Rcb7yv/bwNCEYpQhCIUoQhFKEIRilCEIhShCEUoQhEq0eUddCTWbV1hQUmLtHWQthx5bxiuqPYIRShCEYpQhCIUoQhFKEIRilCEIhShCEWoy4UqWY7Y8T447rEGaqv3LBmVkha4ZPhj3TShCEUoQhGKUIQiFKEIRShCEYpQhCIUoQj1tFBzP2muvLuiRIv1U1sFXKd9sfGOveSNYBGKUIQiFKEIRShCEYpQhCIUoQhFKEIRilC3CbW1wVc0UHOnPabb3IY+QEPsupq76WM/n1CEIhShCEUoQhGKUIQiFKEIRShCEYpQhHpaqIMHKVbelbR1V1hw0L6tPYppfnAYYvVrrCInFKEIRShCEYpQhCIUoQhFKEIRilCEIhShPixUbLAOnquSei62GrGboKS67ZyNEjdjx5lQhCIUoQhFKEIRilCEIhShCEUoQhGKUIR6S6jObejsxWL0vz/BqdmItVcxkTt/L6EIRShCEYpQhCIUoQhFKEIRilCEIhShCPUloWJ7VjLfJU8PYlfSmsVO3VzfOndPxP5J8WCXRyhCEYpQhCIUoQhFKEIRilCEIhShCEUoQt3dUJSUWbGjcnB0Yp8cO8AH/3juiG6VwgeH4Y4uj1CEIhShCEUoQhGKUIQiFKEIRShCEYpQhLpbqINrF3NkqzWLvdXWWpUUrHMfFbtUDn4RoQhFKEIRilCEIhShCEUoQhGKUIQiFKEIRagBoeamYe5sxNq6zgLuivr1imYz1gLHimxCEYpQhCIUoQhFKEIRilCEIhShCEUoQhGKUAPrnusROo73Vg8YOwyxsrJku2OcxRaHUIQiFKEIRShCEYpQhCIUoQhFKEIRilCEItT2EZ17jYNvNVftxbCb27KSYnfrYiip9uaQJRShCEUoQhGKUIQiFKEIRShCEYpQhCIUob4k1BY6sRN7RWkYq/ZK6I9VbFtN7tbwb9WvhCIUoQhFKEIRilCEIhShCEUoQhGKUIQiFKHmK6eSdjJWV3WObMnFcNDNG7vpK6o9QhGKUIQiFKEIRShCEYpQhCIUoQhFKEIR6nKhYlMYI2mun+q0L2bQVqUYG8JYWRlb9he6PEIRilCEIhShCEUoQhGKUIQiFKEIRShCEWq/y5srlbYqiYP7vbULse6yMw9UxjGCY/tLKEIRilCEIhShCEUoQhGKUIQiFKEIRShCvSXU1hbGxu69j9qiv2TLtpqvWLN5sBUlFKEIRShCEYpQhCIUoQhFKEIRilCEIhShCLW9siV1VWxWtvqaWLbaqxsP8Nb1/H6XRyhCEYpQhCIUoQhFKEIRilCEIhShCEUoQl2Wg+VOCdAxdLYqxU6Dti6z2B9v/QuDUIQiFKEIRShCEYpQhCIUoQhFKEIRilCE+pJQW13PXMswd7wPjvucqlvv3Ln7VyzOVjc9ePETilCEIhShCEUoQhGKUIQiFKEIRShCEYpQdwtVUpPFfkKsrjrY9Ryc763u8uMVamffSihCEYpQhCIUoQhFKEIRilCEIhShCEUoQhFqoCko2aS5Gd1qgg6e55LDv/VFseGfu5BKyjtCEYpQhCIUoQhFKEIRilCEIhShCEUoQhGKUGUH+MZ6rgTKGBy5ozJWZZasRglJhCIUoQhFKEIRilCEIhShCEUoQhGKUIQiFKHmu7xY81XydKvrOfjOW0MYE3lrzDpJIhShCEUoQhGKUIQiFKEIRShCEYpQhCIUoZ4WqqRG6TzAW7Xg3B5t3UBXVGw3rsZahUooQhGKUIQiFKEIRShCEYpQhCIUoQhFKELdLVTstMeGcq7rib3GHP1zN0HsBpqr2Eouhq3tJhShCEUoQhGKUIQiFKEIRShCEYpQhCIUob4klIgIoUSEUCIihBIRIZSIEEpEhFAiQigREUKJiBBKRAglIkIoESGUiAihREQIJSKEEhEhlIgQSkSEUCIihBIRQomIEEpECCUiQigREUKJSH/+BcxhPuj8389RAAAAAElFTkSuQmCC', '00020101021226820014br.gov.bcb.pix2560qrpix-h.bradesco.com.br/9d36b84f-c70b-478f-b95c-12729b90ca255204000053039865406200.005802BR5905ASAAS6009JOINVILLE62070503***630490C7', '2024-12-23 23:59:59', NULL, NULL, '2024-12-23 13:21:03', '2024-12-23 13:21:04'),
(41, 35, 4, 'cus_000006415044', 44, '', 'sub_b7rokih01gsl3igm', '331.720.590-30', 'monthly', '200.00', 'PIX', NULL, NULL, 'INACTIVE', '2024-12-23', '2025-01-23', NULL, 'iVBORw0KGgoAAAANSUhEUgAAAYsAAAGLCAIAAAC5gincAAAOXklEQVR42u3aUY4rNxADQN//0skNAgSrZlOa4u9s7LHUKj2A+f0jItKanyUQEUKJiBBKRAglIkIoESGUiAihREQIJSKEEhEhlIgQSkSEUCIihBIRQomIEEpECCUiQigREUKJCKFERAglIoQSESGUiAihRIRQIiLlQv1S+e/v/ctb/a9P/stqbH3U1ktubejcD/zLqJTMc+yEEopQhCIUoQhFKEIRilCEIhShCEUoQhGKUB8WKvbJc8rEhiPXjFS+89ZbzUlRcnBKTiihCEUoQhGKUIQiFKEIRShCEYpQhCIUoQhFqIHjffCT57ahpBkp+aiDv3eOs5KStKSO3Fo6QhGKUIQiFKEIRShCEYpQhCIUoQhFKEIRilADv/8K+0qKv63eM7b7c997xSVKKEIRilCEIhShCEUoQhGKUIQiFKEIRShCEYpQf36rmBSxnii2Vlv7e/AHxras5CmhCEUoQhGKUIQiFKEIRShCEYpQhCIUoQhFqO0maG6wYm3O1hdt/YS5au+gQXNvdfCdY7twx9knFKEIRShCEYpQhCIUoQhFKEIRilCEIhSh7hYqtt+eeuppuI2N1dyE8tRTQhGKUJ56SihCeeqpp4QilKeeEuo2obYyx9nBFmmrcCyZwtiVE+s9Dw7DVrV3x+kmFKEIRShCEYpQhCIUoQhFKEIRilCEIhShnhJqq60rmf45sB7IQSkOnue5P56bydhqPNjlEYpQhCIUoQhFKEIRilCEIhShCEUoQhGKUAsGba1drETb+uTYHs31UyU/YQudkncuqRQJRShCEYpQhCIUoQhFKEIRilCEIhShCEWoy7u8zk2aG7tYlTlnwdbSzc33wbfaaidjF9Lc8BOKUIQiFKEIRShCEYpQhCIUoQhFKEIRilBfEmqu24oVjp0Ez43d3Ermup6lkxO7RUq6aUIRilCEIhShCEUoQhGKUIQiFKEIRShCEYpQ8b7mxhplDqytLi+GbAmjW3dMybEqpZ9QhCIUoQhFKEIRilCEIhShCEUoQhGKUIS6TKiSMitWwWwdhli1N7ewMQpL7phYa/ZeZ0ooQhGKUIQiFKEIRShCEYpQhCIUoQhFKEJ9qcu7sSabK2g6r41YYgsb+96S0jB2lxOKUIQiFKEIRShCEYpQhCIUoQhFKEIRilAfFupguTNXwMU4i23/FdM/t1adVddWdxlbHEIRilCEIhShCEUoQhGKUIQiFKEIRShCEYpQ24cw1lBsFUNbFdvchm41fVtv1dnHdV4bhCIUoQhFKEIRilCEIhShCEUoQhGKUIQi1FtCxcZ9q4M4OO4lbl5R/M398dZcbf382B1DKEIRilCEIhShCEUoQhGKUIQiFKEIRShCEaqsNykBq6SgOdiazX3U1i5c0fNewQqhCEUoQhGKUIQiFKEIRShCEYpQhCIUoQhFqPmRndvRLUe2ir+tPdq6zGJ1c8kOzm1ZTDdCEYpQhCIUoQhFKEIRilCEIhShCEUoQhHqLaHmDvAWWO/1U51NbsnUxVrvkjpyznpCEYpQhCIUoQhFKEIRilCEIhShCEUoQhHqaaG2jvcVXU/JUMZO7JwysU/e0vzGlRzUnFCEIhShCEUoQhGKUIQiFKEIRShCEYpQhLpbqFi5E2soSg5SbNnnGL2RldhqlJRoJSEUoQhFKEIRilCEIhShCEUoQhGKUIQiFKFuE6qkGoiVhrGnc5zF+J7rarfAmrtTY2X03JYRilCEIhShCEUoQhGKUIQiFKEIRShCEYpQHxbqioEuOSqxtdryOnY/zd0xJZfKVrVXUhoSilCEIhShCEUoQhGKUIQiFKEIRShCEYpQbwk1d2K3JjhWdMbOxm8sMaFiRVjsNWLTXlKSEopQhCIUoQhFKEIRilCEIhShCEUoQhGKUF8SaoukOWVihyG2KbEmaG5htyrUWA0ac2RtYglFKEIRilCEIhShCEUoQhGKUIQiFKEIRai7hYrVN3N1RkmpFHuruaMSq6tKLoaDX7TV5c0BTShCEYpQhCIUoQhFKEIRilCEIhShCEUoQn1JqK0TG1voLYNiSxej4SCUW7MRG+CSiu2FLo9QhCIUoQhFKEIRilCEIhShCEUoQhGKUIQaEWrreM8xGvtvr8A9tvtbms+VaFvvXPJFhCIUoQhFKEIRilCEIhShCEUoQhGKUIQi1JeEmqtvYhOcayhSJ+cKsEpugoOnfasFLjmwhCIUoQhFKEIRilCEIhShCEUoQhGKUIQi1IeF6qTh4HmeG7tYLxajYeswHNyFkqnrbFRjx5lQhCIUoQhFKEIRilCEIhShCEUoQhGKUIS6TaiDQznXMcWEio3dXBP0SyU37qnTvnWsOs8RoQhFKEIRilCEIhShCEUoQhGKUIQiFKEIRaj5nii2DQeVKemY5lSda4I6K6e5iS05R3PfSyhCEYpQhCIUoQhFKEIRilCEIhShCEUoQr0l1NzKllQ/sQLu4GpsjWxs+rdWsrMIK5kcQhGKUIQiFKEIRShCEYpQhCIUoQhFKEIRilADs1Ii49xAzw1HyU0QW5zOsjI27bFPzrXPhCIUoQhFKEIRilCEIhShCEUoQhGKUIQi1GVCzcFRcrznxu69MqtT5K1bc87crV2IgUUoQhGKUIQiFKEIRShCEYpQhCIUoQhFKELdJlSnIzEo17awcs62VI21z52d6dY/OAhFKEIRilCEIhShCEUoQhGKUIQiFKEIRShCzTdQBy14oIE6aEFuzpbayTl0YuN90JGtjyIUoQhFKEIRilCEIhShCEUoQhGKUIQiFKG+JFTnmdw6zwensBOOre4yRuHWSh7c/ZJjRShCEYpQhCIUoQhFKEIRilCEIhShCEUoQn1JqLn5jjUyWz1gLHO3yNwezQ1h50xudWoldwyhCEUoQhGKUIQiFKEIRShCEYpQhCIUoQh1uVA3NlBzf3zw528dpJgFnWdyrhaM2Rcb7yv/bwNCEYpQhCIUoQhFKEIRilCEIhShCEUoQhEq0eUddCTWbV1hQUmLtHWQthx5bxiuqPYIRShCEYpQhCIUoQhFKEIRilCEIhShCEWoy4UqWY7Y8T447rEGaqv3LBmVkha4ZPhj3TShCEUoQhGKUIQiFKEIRShCEYpQhCIUoQj1tFBzP2muvLuiRIv1U1sFXKd9sfGOveSNYBGKUIQiFKEIRShCEYpQhCIUoQhFKEIRilC3CbW1wVc0UHOnPabb3IY+QEPsupq76WM/n1CEIhShCEUoQhGKUIQiFKEIRShCEYpQhHpaqIMHKVbelbR1V1hw0L6tPYppfnAYYvVrrCInFKEIRShCEYpQhCIUoQhFKEIRilCEIhShPixUbLAOnquSei62GrGboKS67ZyNEjdjx5lQhCIUoQhFKEIRilCEIhShCEUoQhGKUIR6S6jObejsxWL0vz/BqdmItVcxkTt/L6EIRShCEYpQhCIUoQhFKEIRilCEIhShCPUloWJ7VjLfJU8PYlfSmsVO3VzfOndPxP5J8WCXRyhCEYpQhCIUoQhFKEIRilCEIhShCEUoQt3dUJSUWbGjcnB0Yp8cO8AH/3juiG6VwgeH4Y4uj1CEIhShCEUoQhGKUIQiFKEIRShCEYpQhLpbqINrF3NkqzWLvdXWWpUUrHMfFbtUDn4RoQhFKEIRilCEIhShCEUoQhGKUIQiFKEIRagBoeamYe5sxNq6zgLuivr1imYz1gLHimxCEYpQhCIUoQhFKEIRilCEIhShCEUoQhGKUAPrnusROo73Vg8YOwyxsrJku2OcxRaHUIQiFKEIRShCEYpQhCIUoQhFKEIRilCEItT2EZ17jYNvNVftxbCb27KSYnfrYiip9uaQJRShCEUoQhGKUIQiFKEIRShCEYpQhCIUob4k1BY6sRN7RWkYq/ZK6I9VbFtN7tbwb9WvhCIUoQhFKEIRilCEIhShCEUoQhGKUIQiFKHmK6eSdjJWV3WObMnFcNDNG7vpK6o9QhGKUIQiFKEIRShCEYpQhCIUoQhFKEIR6nKhYlMYI2mun+q0L2bQVqUYG8JYWRlb9he6PEIRilCEIhShCEUoQhGKUIQiFKEIRShCEWq/y5srlbYqiYP7vbULse6yMw9UxjGCY/tLKEIRilCEIhShCEUoQhGKUIQiFKEIRShCvSXU1hbGxu69j9qiv2TLtpqvWLN5sBUlFKEIRShCEYpQhCIUoQhFKEIRilCEIhShCLW9siV1VWxWtvqaWLbaqxsP8Nb1/H6XRyhCEYpQhCIUoQhFKEIRilCEIhShCEUoQl2Wg+VOCdAxdLYqxU6Dti6z2B9v/QuDUIQiFKEIRShCEYpQhCIUoQhFKEIRilCE+pJQW13PXMswd7wPjvucqlvv3Ln7VyzOVjc9ePETilCEIhShCEUoQhGKUIQiFKEIRShCEYpQdwtVUpPFfkKsrjrY9Ryc763u8uMVamffSihCEYpQhCIUoQhFKEIRilCEIhShCEUoQhFqoCko2aS5Gd1qgg6e55LDv/VFseGfu5BKyjtCEYpQhCIUoQhFKEIRilCEIhShCEUoQhGKUGUH+MZ6rgTKGBy5ozJWZZasRglJhCIUoQhFKEIRilCEIhShCEUoQhGKUIQiFKHmu7xY81XydKvrOfjOW0MYE3lrzDpJIhShCEUoQhGKUIQiFKEIRShCEYpQhCIUoZ4WqqRG6TzAW7Xg3B5t3UBXVGw3rsZahUooQhGKUIQiFKEIRShCEYpQhCIUoQhFKELdLVTstMeGcq7rib3GHP1zN0HsBpqr2Eouhq3tJhShCEUoQhGKUIQiFKEIRShCEYpQhCIUob4klIgIoUSEUCIihBIRIZSIEEpEhFAiQigREUKJiBBKRAglIkIoESGUiAihREQIJSKEEhEhlIgQSkSEUCIihBIRQomIEEpECCUiQigREUKJSH/+BcxhPuj8389RAAAAAElFTkSuQmCC', '00020101021226820014br.gov.bcb.pix2560qrpix-h.bradesco.com.br/9d36b84f-c70b-478f-b95c-12729b90ca255204000053039865406200.005802BR5905ASAAS6009JOINVILLE62070503***630490C7', '2024-12-23 23:59:59', NULL, NULL, '2024-12-23 13:36:59', '2024-12-23 13:37:00'),
(42, 35, 4, 'cus_000006415044', 45, '', 'sub_ncr283tkrva29280', '331.720.590-30', 'monthly', '200.00', 'PIX', NULL, NULL, 'INACTIVE', '2024-12-23', '2025-01-23', NULL, 'iVBORw0KGgoAAAANSUhEUgAAAYsAAAGLCAIAAAC5gincAAAOXklEQVR42u3aUY4rNxADQN//0skNAgSrZlOa4u9s7LHUKj2A+f0jItKanyUQEUKJiBBKRAglIkIoESGUiAihREQIJSKEEhEhlIgQSkSEUCIihBIRQomIEEpECCUiQigREUKJCKFERAglIoQSESGUiAihRIRQIiLlQv1S+e/v/ctb/a9P/stqbH3U1ktubejcD/zLqJTMc+yEEopQhCIUoQhFKEIRilCEIhShCEUoQhGKUB8WKvbJc8rEhiPXjFS+89ZbzUlRcnBKTiihCEUoQhGKUIQiFKEIRShCEYpQhCIUoQhFqIHjffCT57ahpBkp+aiDv3eOs5KStKSO3Fo6QhGKUIQiFKEIRShCEYpQhCIUoQhFKEIRilADv/8K+0qKv63eM7b7c997xSVKKEIRilCEIhShCEUoQhGKUIQiFKEIRShCEYpQf36rmBSxnii2Vlv7e/AHxras5CmhCEUoQhGKUIQiFKEIRShCEYpQhCIUoQhFqO0maG6wYm3O1hdt/YS5au+gQXNvdfCdY7twx9knFKEIRShCEYpQhCIUoQhFKEIRilCEIhSh7hYqtt+eeuppuI2N1dyE8tRTQhGKUJ56SihCeeqpp4QilKeeEuo2obYyx9nBFmmrcCyZwtiVE+s9Dw7DVrV3x+kmFKEIRShCEYpQhCIUoQhFKEIRilCEIhShnhJqq60rmf45sB7IQSkOnue5P56bydhqPNjlEYpQhCIUoQhFKEIRilCEIhShCEUoQhGKUAsGba1drETb+uTYHs31UyU/YQudkncuqRQJRShCEYpQhCIUoQhFKEIRilCEIhShCEWoy7u8zk2aG7tYlTlnwdbSzc33wbfaaidjF9Lc8BOKUIQiFKEIRShCEYpQhCIUoQhFKEIRilBfEmqu24oVjp0Ez43d3Ermup6lkxO7RUq6aUIRilCEIhShCEUoQhGKUIQiFKEIRShCEYpQ8b7mxhplDqytLi+GbAmjW3dMybEqpZ9QhCIUoQhFKEIRilCEIhShCEUoQhGKUIS6TKiSMitWwWwdhli1N7ewMQpL7phYa/ZeZ0ooQhGKUIQiFKEIRShCEYpQhCIUoQhFKEJ9qcu7sSabK2g6r41YYgsb+96S0jB2lxOKUIQiFKEIRShCEYpQhCIUoQhFKEIRilAfFupguTNXwMU4i23/FdM/t1adVddWdxlbHEIRilCEIhShCEUoQhGKUIQiFKEIRShCEYpQ24cw1lBsFUNbFdvchm41fVtv1dnHdV4bhCIUoQhFKEIRilCEIhShCEUoQhGKUIQi1FtCxcZ9q4M4OO4lbl5R/M398dZcbf382B1DKEIRilCEIhShCEUoQhGKUIQiFKEIRShCEaqsNykBq6SgOdiazX3U1i5c0fNewQqhCEUoQhGKUIQiFKEIRShCEYpQhCIUoQhFqPmRndvRLUe2ir+tPdq6zGJ1c8kOzm1ZTDdCEYpQhCIUoQhFKEIRilCEIhShCEUoQhHqLaHmDvAWWO/1U51NbsnUxVrvkjpyznpCEYpQhCIUoQhFKEIRilCEIhShCEUoQhHqaaG2jvcVXU/JUMZO7JwysU/e0vzGlRzUnFCEIhShCEUoQhGKUIQiFKEIRShCEYpQhLpbqFi5E2soSg5SbNnnGL2RldhqlJRoJSEUoQhFKEIRilCEIhShCEUoQhGKUIQiFKFuE6qkGoiVhrGnc5zF+J7rarfAmrtTY2X03JYRilCEIhShCEUoQhGKUIQiFKEIRShCEYpQHxbqioEuOSqxtdryOnY/zd0xJZfKVrVXUhoSilCEIhShCEUoQhGKUIQiFKEIRShCEYpQbwk1d2K3JjhWdMbOxm8sMaFiRVjsNWLTXlKSEopQhCIUoQhFKEIRilCEIhShCEUoQhGKUF8SaoukOWVihyG2KbEmaG5htyrUWA0ac2RtYglFKEIRilCEIhShCEUoQhGKUIQiFKEIRai7hYrVN3N1RkmpFHuruaMSq6tKLoaDX7TV5c0BTShCEYpQhCIUoQhFKEIRilCEIhShCEUoQn1JqK0TG1voLYNiSxej4SCUW7MRG+CSiu2FLo9QhCIUoQhFKEIRilCEIhShCEUoQhGKUIQaEWrreM8xGvtvr8A9tvtbms+VaFvvXPJFhCIUoQhFKEIRilCEIhShCEUoQhGKUIQi1JeEmqtvYhOcayhSJ+cKsEpugoOnfasFLjmwhCIUoQhFKEIRilCEIhShCEUoQhGKUIQi1IeF6qTh4HmeG7tYLxajYeswHNyFkqnrbFRjx5lQhCIUoQhFKEIRilCEIhShCEUoQhGKUIS6TaiDQznXMcWEio3dXBP0SyU37qnTvnWsOs8RoQhFKEIRilCEIhShCEUoQhGKUIQiFKEIRaj5nii2DQeVKemY5lSda4I6K6e5iS05R3PfSyhCEYpQhCIUoQhFKEIRilCEIhShCEUoQr0l1NzKllQ/sQLu4GpsjWxs+rdWsrMIK5kcQhGKUIQiFKEIRShCEYpQhCIUoQhFKEIRilADs1Ii49xAzw1HyU0QW5zOsjI27bFPzrXPhCIUoQhFKEIRilCEIhShCEUoQhGKUIQi1GVCzcFRcrznxu69MqtT5K1bc87crV2IgUUoQhGKUIQiFKEIRShCEYpQhCIUoQhFKELdJlSnIzEo17awcs62VI21z52d6dY/OAhFKEIRilCEIhShCEUoQhGKUIQiFKEIRShCzTdQBy14oIE6aEFuzpbayTl0YuN90JGtjyIUoQhFKEIRilCEIhShCEUoQhGKUIQiFKG+JFTnmdw6zwensBOOre4yRuHWSh7c/ZJjRShCEYpQhCIUoQhFKEIRilCEIhShCEUoQn1JqLn5jjUyWz1gLHO3yNwezQ1h50xudWoldwyhCEUoQhGKUIQiFKEIRShCEYpQhCIUoQh1uVA3NlBzf3zw528dpJgFnWdyrhaM2Rcb7yv/bwNCEYpQhCIUoQhFKEIRilCEIhShCEUoQhEq0eUddCTWbV1hQUmLtHWQthx5bxiuqPYIRShCEYpQhCIUoQhFKEIRilCEIhShCEWoy4UqWY7Y8T447rEGaqv3LBmVkha4ZPhj3TShCEUoQhGKUIQiFKEIRShCEYpQhCIUoQj1tFBzP2muvLuiRIv1U1sFXKd9sfGOveSNYBGKUIQiFKEIRShCEYpQhCIUoQhFKEIRilC3CbW1wVc0UHOnPabb3IY+QEPsupq76WM/n1CEIhShCEUoQhGKUIQiFKEIRShCEYpQhHpaqIMHKVbelbR1V1hw0L6tPYppfnAYYvVrrCInFKEIRShCEYpQhCIUoQhFKEIRilCEIhShPixUbLAOnquSei62GrGboKS67ZyNEjdjx5lQhCIUoQhFKEIRilCEIhShCEUoQhGKUIR6S6jObejsxWL0vz/BqdmItVcxkTt/L6EIRShCEYpQhCIUoQhFKEIRilCEIhShCPUloWJ7VjLfJU8PYlfSmsVO3VzfOndPxP5J8WCXRyhCEYpQhCIUoQhFKEIRilCEIhShCEUoQt3dUJSUWbGjcnB0Yp8cO8AH/3juiG6VwgeH4Y4uj1CEIhShCEUoQhGKUIQiFKEIRShCEYpQhLpbqINrF3NkqzWLvdXWWpUUrHMfFbtUDn4RoQhFKEIRilCEIhShCEUoQhGKUIQiFKEIRagBoeamYe5sxNq6zgLuivr1imYz1gLHimxCEYpQhCIUoQhFKEIRilCEIhShCEUoQhGKUAPrnusROo73Vg8YOwyxsrJku2OcxRaHUIQiFKEIRShCEYpQhCIUoQhFKEIRilCEItT2EZ17jYNvNVftxbCb27KSYnfrYiip9uaQJRShCEUoQhGKUIQiFKEIRShCEYpQhCIUob4k1BY6sRN7RWkYq/ZK6I9VbFtN7tbwb9WvhCIUoQhFKEIRilCEIhShCEUoQhGKUIQiFKHmK6eSdjJWV3WObMnFcNDNG7vpK6o9QhGKUIQiFKEIRShCEYpQhCIUoQhFKEIR6nKhYlMYI2mun+q0L2bQVqUYG8JYWRlb9he6PEIRilCEIhShCEUoQhGKUIQiFKEIRShCEWq/y5srlbYqiYP7vbULse6yMw9UxjGCY/tLKEIRilCEIhShCEUoQhGKUIQiFKEIRShCvSXU1hbGxu69j9qiv2TLtpqvWLN5sBUlFKEIRShCEYpQhCIUoQhFKEIRilCEIhShCLW9siV1VWxWtvqaWLbaqxsP8Nb1/H6XRyhCEYpQhCIUoQhFKEIRilCEIhShCEUoQl2Wg+VOCdAxdLYqxU6Dti6z2B9v/QuDUIQiFKEIRShCEYpQhCIUoQhFKEIRilCE+pJQW13PXMswd7wPjvucqlvv3Ln7VyzOVjc9ePETilCEIhShCEUoQhGKUIQiFKEIRShCEYpQdwtVUpPFfkKsrjrY9Ryc763u8uMVamffSihCEYpQhCIUoQhFKEIRilCEIhShCEUoQhFqoCko2aS5Gd1qgg6e55LDv/VFseGfu5BKyjtCEYpQhCIUoQhFKEIRilCEIhShCEUoQhGKUGUH+MZ6rgTKGBy5ozJWZZasRglJhCIUoQhFKEIRilCEIhShCEUoQhGKUIQiFKHmu7xY81XydKvrOfjOW0MYE3lrzDpJIhShCEUoQhGKUIQiFKEIRShCEYpQhCIUoZ4WqqRG6TzAW7Xg3B5t3UBXVGw3rsZahUooQhGKUIQiFKEIRShCEYpQhCIUoQhFKELdLVTstMeGcq7rib3GHP1zN0HsBpqr2Eouhq3tJhShCEUoQhGKUIQiFKEIRShCEYpQhCIUob4klIgIoUSEUCIihBIRIZSIEEpEhFAiQigREUKJiBBKRAglIkIoESGUiAihREQIJSKEEhEhlIgQSkSEUCIihBIRQomIEEpECCUiQigREUKJSH/+BcxhPuj8389RAAAAAElFTkSuQmCC', '00020101021226820014br.gov.bcb.pix2560qrpix-h.bradesco.com.br/9d36b84f-c70b-478f-b95c-12729b90ca255204000053039865406200.005802BR5905ASAAS6009JOINVILLE62070503***630490C7', '2024-12-23 23:59:59', NULL, NULL, '2024-12-23 18:03:13', '2024-12-23 18:03:14'),
(43, 35, 4, 'cus_000006415044', 46, '', 'sub_6ad01nkaaizipaak', '331.720.590-30', 'monthly', '200.00', 'PIX', NULL, NULL, 'INACTIVE', '2024-12-23', '2025-01-23', NULL, 'iVBORw0KGgoAAAANSUhEUgAAAYsAAAGLCAIAAAC5gincAAAOXklEQVR42u3aUY4rNxADQN//0skNAgSrZlOa4u9s7LHUKj2A+f0jItKanyUQEUKJiBBKRAglIkIoESGUiAihREQIJSKEEhEhlIgQSkSEUCIihBIRQomIEEpECCUiQigREUKJCKFERAglIoQSESGUiAihRIRQIiLlQv1S+e/v/ctb/a9P/stqbH3U1ktubejcD/zLqJTMc+yEEopQhCIUoQhFKEIRilCEIhShCEUoQhGKUB8WKvbJc8rEhiPXjFS+89ZbzUlRcnBKTiihCEUoQhGKUIQiFKEIRShCEYpQhCIUoQhFqIHjffCT57ahpBkp+aiDv3eOs5KStKSO3Fo6QhGKUIQiFKEIRShCEYpQhCIUoQhFKEIRilADv/8K+0qKv63eM7b7c997xSVKKEIRilCEIhShCEUoQhGKUIQiFKEIRShCEYpQf36rmBSxnii2Vlv7e/AHxras5CmhCEUoQhGKUIQiFKEIRShCEYpQhCIUoQhFqO0maG6wYm3O1hdt/YS5au+gQXNvdfCdY7twx9knFKEIRShCEYpQhCIUoQhFKEIRilCEIhSh7hYqtt+eeuppuI2N1dyE8tRTQhGKUJ56SihCeeqpp4QilKeeEuo2obYyx9nBFmmrcCyZwtiVE+s9Dw7DVrV3x+kmFKEIRShCEYpQhCIUoQhFKEIRilCEIhShnhJqq60rmf45sB7IQSkOnue5P56bydhqPNjlEYpQhCIUoQhFKEIRilCEIhShCEUoQhGKUAsGba1drETb+uTYHs31UyU/YQudkncuqRQJRShCEYpQhCIUoQhFKEIRilCEIhShCEWoy7u8zk2aG7tYlTlnwdbSzc33wbfaaidjF9Lc8BOKUIQiFKEIRShCEYpQhCIUoQhFKEIRilBfEmqu24oVjp0Ez43d3Ermup6lkxO7RUq6aUIRilCEIhShCEUoQhGKUIQiFKEIRShCEYpQ8b7mxhplDqytLi+GbAmjW3dMybEqpZ9QhCIUoQhFKEIRilCEIhShCEUoQhGKUIS6TKiSMitWwWwdhli1N7ewMQpL7phYa/ZeZ0ooQhGKUIQiFKEIRShCEYpQhCIUoQhFKEJ9qcu7sSabK2g6r41YYgsb+96S0jB2lxOKUIQiFKEIRShCEYpQhCIUoQhFKEIRilAfFupguTNXwMU4i23/FdM/t1adVddWdxlbHEIRilCEIhShCEUoQhGKUIQiFKEIRShCEYpQ24cw1lBsFUNbFdvchm41fVtv1dnHdV4bhCIUoQhFKEIRilCEIhShCEUoQhGKUIQi1FtCxcZ9q4M4OO4lbl5R/M398dZcbf382B1DKEIRilCEIhShCEUoQhGKUIQiFKEIRShCEaqsNykBq6SgOdiazX3U1i5c0fNewQqhCEUoQhGKUIQiFKEIRShCEYpQhCIUoQhFqPmRndvRLUe2ir+tPdq6zGJ1c8kOzm1ZTDdCEYpQhCIUoQhFKEIRilCEIhShCEUoQhHqLaHmDvAWWO/1U51NbsnUxVrvkjpyznpCEYpQhCIUoQhFKEIRilCEIhShCEUoQhHqaaG2jvcVXU/JUMZO7JwysU/e0vzGlRzUnFCEIhShCEUoQhGKUIQiFKEIRShCEYpQhLpbqFi5E2soSg5SbNnnGL2RldhqlJRoJSEUoQhFKEIRilCEIhShCEUoQhGKUIQiFKFuE6qkGoiVhrGnc5zF+J7rarfAmrtTY2X03JYRilCEIhShCEUoQhGKUIQiFKEIRShCEYpQHxbqioEuOSqxtdryOnY/zd0xJZfKVrVXUhoSilCEIhShCEUoQhGKUIQiFKEIRShCEYpQbwk1d2K3JjhWdMbOxm8sMaFiRVjsNWLTXlKSEopQhCIUoQhFKEIRilCEIhShCEUoQhGKUF8SaoukOWVihyG2KbEmaG5htyrUWA0ac2RtYglFKEIRilCEIhShCEUoQhGKUIQiFKEIRai7hYrVN3N1RkmpFHuruaMSq6tKLoaDX7TV5c0BTShCEYpQhCIUoQhFKEIRilCEIhShCEUoQn1JqK0TG1voLYNiSxej4SCUW7MRG+CSiu2FLo9QhCIUoQhFKEIRilCEIhShCEUoQhGKUIQaEWrreM8xGvtvr8A9tvtbms+VaFvvXPJFhCIUoQhFKEIRilCEIhShCEUoQhGKUIQi1JeEmqtvYhOcayhSJ+cKsEpugoOnfasFLjmwhCIUoQhFKEIRilCEIhShCEUoQhGKUIQi1IeF6qTh4HmeG7tYLxajYeswHNyFkqnrbFRjx5lQhCIUoQhFKEIRilCEIhShCEUoQhGKUIS6TaiDQznXMcWEio3dXBP0SyU37qnTvnWsOs8RoQhFKEIRilCEIhShCEUoQhGKUIQiFKEIRaj5nii2DQeVKemY5lSda4I6K6e5iS05R3PfSyhCEYpQhCIUoQhFKEIRilCEIhShCEUoQr0l1NzKllQ/sQLu4GpsjWxs+rdWsrMIK5kcQhGKUIQiFKEIRShCEYpQhCIUoQhFKEIRilADs1Ii49xAzw1HyU0QW5zOsjI27bFPzrXPhCIUoQhFKEIRilCEIhShCEUoQhGKUIQi1GVCzcFRcrznxu69MqtT5K1bc87crV2IgUUoQhGKUIQiFKEIRShCEYpQhCIUoQhFKELdJlSnIzEo17awcs62VI21z52d6dY/OAhFKEIRilCEIhShCEUoQhGKUIQiFKEIRShCzTdQBy14oIE6aEFuzpbayTl0YuN90JGtjyIUoQhFKEIRilCEIhShCEUoQhGKUIQiFKG+JFTnmdw6zwensBOOre4yRuHWSh7c/ZJjRShCEYpQhCIUoQhFKEIRilCEIhShCEUoQn1JqLn5jjUyWz1gLHO3yNwezQ1h50xudWoldwyhCEUoQhGKUIQiFKEIRShCEYpQhCIUoQh1uVA3NlBzf3zw528dpJgFnWdyrhaM2Rcb7yv/bwNCEYpQhCIUoQhFKEIRilCEIhShCEUoQhEq0eUddCTWbV1hQUmLtHWQthx5bxiuqPYIRShCEYpQhCIUoQhFKEIRilCEIhShCEWoy4UqWY7Y8T447rEGaqv3LBmVkha4ZPhj3TShCEUoQhGKUIQiFKEIRShCEYpQhCIUoQj1tFBzP2muvLuiRIv1U1sFXKd9sfGOveSNYBGKUIQiFKEIRShCEYpQhCIUoQhFKEIRilC3CbW1wVc0UHOnPabb3IY+QEPsupq76WM/n1CEIhShCEUoQhGKUIQiFKEIRShCEYpQhHpaqIMHKVbelbR1V1hw0L6tPYppfnAYYvVrrCInFKEIRShCEYpQhCIUoQhFKEIRilCEIhShPixUbLAOnquSei62GrGboKS67ZyNEjdjx5lQhCIUoQhFKEIRilCEIhShCEUoQhGKUIR6S6jObejsxWL0vz/BqdmItVcxkTt/L6EIRShCEYpQhCIUoQhFKEIRilCEIhShCPUloWJ7VjLfJU8PYlfSmsVO3VzfOndPxP5J8WCXRyhCEYpQhCIUoQhFKEIRilCEIhShCEUoQt3dUJSUWbGjcnB0Yp8cO8AH/3juiG6VwgeH4Y4uj1CEIhShCEUoQhGKUIQiFKEIRShCEYpQhLpbqINrF3NkqzWLvdXWWpUUrHMfFbtUDn4RoQhFKEIRilCEIhShCEUoQhGKUIQiFKEIRagBoeamYe5sxNq6zgLuivr1imYz1gLHimxCEYpQhCIUoQhFKEIRilCEIhShCEUoQhGKUAPrnusROo73Vg8YOwyxsrJku2OcxRaHUIQiFKEIRShCEYpQhCIUoQhFKEIRilCEItT2EZ17jYNvNVftxbCb27KSYnfrYiip9uaQJRShCEUoQhGKUIQiFKEIRShCEYpQhCIUob4k1BY6sRN7RWkYq/ZK6I9VbFtN7tbwb9WvhCIUoQhFKEIRilCEIhShCEUoQhGKUIQiFKHmK6eSdjJWV3WObMnFcNDNG7vpK6o9QhGKUIQiFKEIRShCEYpQhCIUoQhFKEIR6nKhYlMYI2mun+q0L2bQVqUYG8JYWRlb9he6PEIRilCEIhShCEUoQhGKUIQiFKEIRShCEWq/y5srlbYqiYP7vbULse6yMw9UxjGCY/tLKEIRilCEIhShCEUoQhGKUIQiFKEIRShCvSXU1hbGxu69j9qiv2TLtpqvWLN5sBUlFKEIRShCEYpQhCIUoQhFKEIRilCEIhShCLW9siV1VWxWtvqaWLbaqxsP8Nb1/H6XRyhCEYpQhCIUoQhFKEIRilCEIhShCEUoQl2Wg+VOCdAxdLYqxU6Dti6z2B9v/QuDUIQiFKEIRShCEYpQhCIUoQhFKEIRilCE+pJQW13PXMswd7wPjvucqlvv3Ln7VyzOVjc9ePETilCEIhShCEUoQhGKUIQiFKEIRShCEYpQdwtVUpPFfkKsrjrY9Ryc763u8uMVamffSihCEYpQhCIUoQhFKEIRilCEIhShCEUoQhFqoCko2aS5Gd1qgg6e55LDv/VFseGfu5BKyjtCEYpQhCIUoQhFKEIRilCEIhShCEUoQhGKUGUH+MZ6rgTKGBy5ozJWZZasRglJhCIUoQhFKEIRilCEIhShCEUoQhGKUIQiFKHmu7xY81XydKvrOfjOW0MYE3lrzDpJIhShCEUoQhGKUIQiFKEIRShCEYpQhCIUoZ4WqqRG6TzAW7Xg3B5t3UBXVGw3rsZahUooQhGKUIQiFKEIRShCEYpQhCIUoQhFKELdLVTstMeGcq7rib3GHP1zN0HsBpqr2Eouhq3tJhShCEUoQhGKUIQiFKEIRShCEYpQhCIUob4klIgIoUSEUCIihBIRIZSIEEpEhFAiQigREUKJiBBKRAglIkIoESGUiAihREQIJSKEEhEhlIgQSkSEUCIihBIRQomIEEpECCUiQigREUKJSH/+BcxhPuj8389RAAAAAElFTkSuQmCC', '00020101021226820014br.gov.bcb.pix2560qrpix-h.bradesco.com.br/9d36b84f-c70b-478f-b95c-12729b90ca255204000053039865406200.005802BR5905ASAAS6009JOINVILLE62070503***630490C7', '2024-12-23 23:59:59', NULL, NULL, '2024-12-23 18:06:43', '2024-12-24 00:48:08'),
(44, 35, 1, 'cus_000006415044', 47, '', 'sub_vagzf41811yq8ra2', '331.720.590-30', 'monthly', '100.00', 'PIX', NULL, NULL, 'INACTIVE', '2024-12-24', '2025-01-24', NULL, 'iVBORw0KGgoAAAANSUhEUgAAAYsAAAGLCAIAAAC5gincAAAOTklEQVR42u3ZQW4kORADQP//094fDLCwkkypgtfuaVdJqdAA/PkVEdmaH0sgIoQSESGUiBBKRIRQIkIoERFCiYgQSkQIJSJCKBEhlIgIoURECCUihBIRIZSIEEpEhFAiIoQSEUKJiBBKRAglIkIoERFCiQihRESWC/WTyr//buzTv6xG66daD/m/1vkvX557jIOjcnAmW0s3N5OEIhShCEUoQhGKUIQiFKEIRShCEYpQhCLUW0LFfjlmUOsQxm6RmIxzu9Caq7nHeOCEEopQhCIUoQhFKEIRilCEIhShCEUoQhGKUIQaON6xX45xFmvrWj918H2vuBjmXjAm8pY7lVCEIhShCEUoQhGKUIQiFKEIRShCEYpQhCLU+bMRe+YripLWEW3tfuv2WnIhEYpQhCIUoQhFKEIRilCEIhShCEUoQhGKUIQi1J+f6opebMkEL9nfgy8Yq/aWfEooQhGKUIQiFKEIRShCEYpQhCIUoQhFKEIRalnldHCwYm3O3GFovUKsU5sjeO6p5jZ0bhfuOPuEIhShCEUoQhGKUIQiFKEIRShCEYpQhCLU3ULF9tunPvVpuI2d6z0J5VOf+pRQhPKpTwlFKHPmU58SilA+9SmhLheqlblu64HCcckUxq6cJbPR2rLf50IoQhGKUIQiFKEIRShCEYpQhCIUoQhFKEK9JVSrrVviyNwfeiCt4/2XUTmo25ybc6vxYJdHKEIRilCEIhShCEUoQhGKUIQiFKEIRShCFQxqrd0cZ61SKbZWS+CIXYQtdJY885JKkVCEIhShCEUoQhGKUIQiFKEIRShCEYpQhLq8y9u5SXNj1zo5scVZYn1rROf4nhvCVrNJKEIRilCEIhShCEUoQhGKUIQiFKEIRShCfViouW4rVjjuJHjnad/S9ZROztydOifjwYklFKEIRShCEYpQhCIUoQhFKEIRilCEIhShCDV/cnbWKC2wrij+dhZDc5MTe/3YsVpKP6EIRShCEYpQhCIUoQhFKEIRilCEIhShCHWZUK0NPtjH7WR0rnCM/duYm7FbZGdr9l5nSihCEYpQhCIUoQhFKEIRilCEIhShCEUoQt0mVGz7WzVZrCfaeW3EMtd8xWqyln0773JCEYpQhCIUoQhFKEIRilCEIhShCEUoQhHqS0LNneeDo3PwiMYWJ3Y2YgvbKpVaOxjrLmOLQyhCEYpQhCIUoQhFKEIRilCEIhShCEUoQhGqfQjnxj32h2LTP/eCc/QftK/1VDcO/5KfIhShCEUoQhGKUIQiFKEIRShCEYpQhCIUoS4Xasm4t8qOg2XWkt5zSfE39+VWt9V6/dgdQyhCEYpQhCIUoQhFKEIRilCEIhShCEUoQhFqvjdpHeBYi7RkFw7u4NzrL2n65h7yRlYIRShCEYpQhCIUoQhFKEIRilCEIhShCEUoQt28oy1H5h5yydloXWZL6ubYDs4tTks3QhGKUIQiFKEIRShCEYpQhCIUoQhFKEIR6i2hlpznVk12RT+1s8mNTV1srmK3dQwsQhGKUIQiFKEIRShCEYpQhCIUoQhFKEIRilADuzLnV6vrWTKUMc5aQB9cjZbmrffd+b8EQhGKUIQiFKEIRShCEYpQhCIUoQhFKEIR6nKhYuVObApb2LWWfUnHtISVlqqtEm1JCEUoQhGKUIQiFKEIRShCEYpQhCIUoQhFqNuEWlINxIqS2KcHK7Yr0Lmxj5t7yCX1XEtGQhGKUIQiFKEIRShCEYpQhCIUoQhFKEIR6q0ur9Ux7Twqc6/QesjY8Y7dMUsulVa1t6Q0JBShCEUoQhGKUIQiFKEIRShCEYpQhCIUob4kVKz5ak1DrHGL3ROxMit2IcXMXXJt7CxJCUUoQhGKUIQiFKEIRShCEYpQhCIUoQhFqC8JFetNYsrEDkPr2ogxGqtQ57yO1aAxR2oTSyhCEYpQhCIUoQhFKEIRilCEIhShCEUoQt0t1NxRmeNsZ6kUe6q56mcOyp0Xg+qWUIQiFKEIRShCEYpQhCIUoQhFKEIRilCEIlT1xMYWumVQbOnmOqa5bqs1G7EBjl1IS0IoQhGKUIQiFKEIRShCEYpQhCIUoQhFKELdJlTreC+pFOfqyCtwbxVwc6VhbENjX17ybwlFKEIRilCEIhShCEUoQhGKUIQiFKEIRainhZqrb2K9WK6hSJ2cWKk0N7JLGsa5eW6VhrG+lVCEIhShCEUoQhGKUIQiFKEIRShCEYpQhPqSUDtpmJvvg8PReubYG8UOw9wzt6ZuSZfXOs6EIhShCEUoQhGKUIQiFKEIRShCEYpQhCLUbUIdHMqDHVNszmKTtOSXY7Xgzg1t3bixPfrdEUIRilCEIhShCEUoQhGKUIQiFKEIRShCEeotoQ6eq4ObFHvmVi/W6onmmqCdldPcxC45R3N/l1CEIhShCEUoQhGKUIQiFKEIRShCEYpQhHpLqNhRaVU/rZqstRpzTxX78twz7yzCYnuUeyNCEYpQhCIUoQhFKEIRilCEIhShCEUoQhHqKaHmztWSMutnLK1rY26Pdi5Oawhjp2zuTiUUoQhFKEIRilCEIhShCEUoQhGKUIQiFKEINQ/HA8c7VqItKbN2FmEHF2dunq/YhdgOEopQhCIUoQhFKEIRilCEIhShCEUoQhGKULcJtdORGJS1LSzNWezULdnumH0xr5d0iIQiFKEIRShCEYpQhCIUoQhFKEIRilCEItSXhFpiwRWlYayPa833nF83Etxqn2M/RShCEYpQhCIUoQhFKEIRilCEIhShCEUoQn1JqJ1ncu48x2iI9YAH25wHKIz93bndX3KsCEUoQhGKUIQiFKEIRShCEYpQhCIUoQhFqC8JNXeeY41Mqwdc0hO1is6Y5lesc6tTW3LHEIpQhCIUoQhFKEIRilCEIhShCEUoQhGKUJcL1WqgWr1Jrd0oORKr9pacyblaMGbfA9UtoQhFKEIRilCEIhShCEUoQhGKUIQiFKEIdZtQBzd47pd3Fo6tsZtbjSW17/PD0PpDV3Z5hCIUoQhFKEIRyjAQilCEIhShCGUoCWUYCFUQqrUcsaJkbtxbIxv7ckvGVvPV0m2urCQUoQhFKEIRilCEIhShCEUoQhGKUIQiFKEItayBuvHwz1VOsdXYWfzNveCSExsTaglYhCIUoQhFKEIRilCEIhShCEUoQhGKUIQi1G1CtTa4Vd61+G7pNrehsW7rihu3dVJir08oQhGKUIQiFKEIRShCEYpQhCIUoQhFKEI9LdTcUWkZtHPsWnXV3IbOERwb0blhiNWvO+8JQhGKUIQiFKEIRShCEYpQhCIUoQhFKEIR6mmhWtXPkmlYUoRdMaNzlfHO2VjiZuw4E4pQhCIUoQhFKEIRilCEIhShCEUoQhGKUG8JtXMblvRiO0laUt61KuODv3yjyDvfl1CEIhShCEUoQhGKUIQiFKEIRShCEYpQhPqSULE92znfc8Vf6xC2GtXYqZtbnLnGLfZfige7PEIRilCEIhShCEUoQhGKUIQiFKEIRShCEeruhiJWGi45KgdH5wpHWl+eO6Kx9nluzO7o8ghFKEIRilCEIhShCEUoQhGKUIQiFKEIRai7hYrVZK3ScO4V5rq8uZFdAuXcU8UuldbtRShCEYpQhCIUoQhFKEIRilCEIhShCEUoQhHqhFBz0zDXqsTaula1FzvtsbZuSWcao6FVZBOKUIQiFKEIRShCEYpQhCIUoQhFKEIRilCEmm+RWm62aqO5kzPXt86t8xILlhz+G+9jQhGKUIQiFKEIRShCEYpQhCIUoQhFKEIR6mmhYke0hc5cixT7u7FObe4hd14MrSGc+19CjCRCEYpQhCIUoQhFKEIRilCEIhShCEUoQhHqcqFa6MwdpNw2jK1Gq+q6oydKvdGSy3sJsoQiFKEIRShCEYpQhCIUoQhFKEIRilCEIhSh4vlNZWddtXNk53bw4O4vKTpjUuys9ghFKEIRilCEIhShCEUoQhGKUIQiFKEIRagvCTX3d3dWbEssaEF5xcLuLLLnLv6WjIQiFKEIRShCEYpQhCIUoQhFKEIRilCEItSHhZorlVpncsuO7niFVqO6pLx7YAdb5R2hCEUoQhGKUIQiFKEIRShCEYpQhCIUoQj1tFCtLZyrfloFTeynYvTvXOdW8zUHx8G1yl0bhCIUoQhFKEIRilCEIhShCEUoQhGKUIQi1MtCPdC4xc5GrFX52ZG5DY1tyo11ZGydCUUoQhGKUIQiFKEIRShCEYpQhCIUoQhFqKeF2rkrrcdYchjmOrW5+rVlUOwya3259T8MQhGKUIQiFKEIRShCEYpQhCIUoQhFKEIR6ktCtbqe2J61DBrc/lSF2lL1a4szx2jt4icUoQhFKEIRilCEIhShCEUoQhGKUIQiFKHuFuqKX57riWJTeHDsDr5CrK2LHe8ld9sVfSuhCEUoQhGKUIQiFKEIRShCEYpQhCIUoQhFqIGm4IpD2Op6lpznWHe5RJnYM8cupCXlHaEIRShCEYpQhCIUoQhFKEIRilCEIhShCEWoAaFarMy9QuzLsXviipMTm6tWzb2EJEIRilCEIhShCEUoQhGKUIQiFKEIRShCEYpQ80LFmq+5+b6xntu5Vq16rjVmO9s6QhGKUIQiFKEIRShCEYpQhCIUoQhFKEIR6ktCXVGjtA5wqxac26OdXe2Siu3G1ahVqIQiFKEIRShCEYpQhCIUoQhFKEIRilCEItTdQsVOe2wo5wyKfblF/84irFX7Ljl0SzQnFKEIRShCEYpQhCIUoQhFKEIRilCEIhSh3hJKRIRQIkIoERFCiYgQSkQIJSJCKBEhlIgIoURECCUihBIRIZSIEEpEhFAiIoQSEUKJiBBKRAglIkIoERFCiQihREQIJSKEEhEhlIgIoURkf/4D9Mj/NV+ZvD8AAAAASUVORK5CYII=', '00020101021226820014br.gov.bcb.pix2560qrpix-h.bradesco.com.br/9d36b84f-c70b-478f-b95c-12729b90ca255204000053039865406100.005802BR5905ASAAS6009JOINVILLE62070503***6304474A', '2024-12-24 23:59:59', NULL, NULL, '2024-12-24 00:49:08', '2024-12-24 00:50:06'),
(45, 35, 1, 'cus_000006415044', 48, '', 'sub_4qm5t3624lgkafkz', '331.720.590-30', 'monthly', '100.00', 'PIX', NULL, NULL, 'INACTIVE', '2024-12-24', '2025-01-24', NULL, 'iVBORw0KGgoAAAANSUhEUgAAAYsAAAGLCAIAAAC5gincAAAOTklEQVR42u3ZQW4kORADQP//094fDLCwkkypgtfuaVdJqdAA/PkVEdmaH0sgIoQSESGUiBBKRIRQIkIoERFCiYgQSkQIJSJCKBEhlIgIoURECCUihBIRIZSIEEpEhFAiIoQSEUKJiBBKRAglIkIoERFCiQihRESWC/WTyr//buzTv6xG66daD/m/1vkvX557jIOjcnAmW0s3N5OEIhShCEUoQhGKUIQiFKEIRShCEYpQhCLUW0LFfjlmUOsQxm6RmIxzu9Caq7nHeOCEEopQhCIUoQhFKEIRilCEIhShCEUoQhGKUIQaON6xX45xFmvrWj918H2vuBjmXjAm8pY7lVCEIhShCEUoQhGKUIQiFKEIRShCEYpQhCLU+bMRe+YripLWEW3tfuv2WnIhEYpQhCIUoQhFKEIRilCEIhShCEUoQhGKUIQi1J+f6opebMkEL9nfgy8Yq/aWfEooQhGKUIQiFKEIRShCEYpQhCIUoQhFKEIRalnldHCwYm3O3GFovUKsU5sjeO6p5jZ0bhfuOPuEIhShCEUoQhGKUIQiFKEIRShCEYpQhCLU3ULF9tunPvVpuI2d6z0J5VOf+pRQhPKpTwlFKHPmU58SilA+9SmhLheqlblu64HCcckUxq6cJbPR2rLf50IoQhGKUIQiFKEIRShCEYpQhCIUoQhFKEK9JVSrrVviyNwfeiCt4/2XUTmo25ybc6vxYJdHKEIRilCEIhShCEUoQhGKUIQiFKEIRShCFQxqrd0cZ61SKbZWS+CIXYQtdJY885JKkVCEIhShCEUoQhGKUIQiFKEIRShCEYpQhLq8y9u5SXNj1zo5scVZYn1rROf4nhvCVrNJKEIRilCEIhShCEUoQhGKUIQiFKEIRShCfViouW4rVjjuJHjnad/S9ZROztydOifjwYklFKEIRShCEYpQhCIUoQhFKEIRilCEIhShCDV/cnbWKC2wrij+dhZDc5MTe/3YsVpKP6EIRShCEYpQhCIUoQhFKEIRilCEIhShCHWZUK0NPtjH7WR0rnCM/duYm7FbZGdr9l5nSihCEYpQhCIUoQhFKEIRilCEIhShCEUoQt0mVGz7WzVZrCfaeW3EMtd8xWqyln0773JCEYpQhCIUoQhFKEIRilCEIhShCEUoQhHqS0LNneeDo3PwiMYWJ3Y2YgvbKpVaOxjrLmOLQyhCEYpQhCIUoQhFKEIRilCEIhShCEUoQhGqfQjnxj32h2LTP/eCc/QftK/1VDcO/5KfIhShCEUoQhGKUIQiFKEIRShCEYpQhCIUoS4Xasm4t8qOg2XWkt5zSfE39+VWt9V6/dgdQyhCEYpQhCIUoQhFKEIRilCEIhShCEUoQhFqvjdpHeBYi7RkFw7u4NzrL2n65h7yRlYIRShCEYpQhCIUoQhFKEIRilCEIhShCEUoQt28oy1H5h5yydloXWZL6ubYDs4tTks3QhGKUIQiFKEIRShCEYpQhCIUoQhFKEIR6i2hlpznVk12RT+1s8mNTV1srmK3dQwsQhGKUIQiFKEIRShCEYpQhCIUoQhFKEIRilADuzLnV6vrWTKUMc5aQB9cjZbmrffd+b8EQhGKUIQiFKEIRShCEYpQhCIUoQhFKEIR6nKhYuVObApb2LWWfUnHtISVlqqtEm1JCEUoQhGKUIQiFKEIRShCEYpQhCIUoQhFqNuEWlINxIqS2KcHK7Yr0Lmxj5t7yCX1XEtGQhGKUIQiFKEIRShCEYpQhCIUoQhFKEIR6q0ur9Ux7Twqc6/QesjY8Y7dMUsulVa1t6Q0JBShCEUoQhGKUIQiFKEIRShCEYpQhCIUob4kVKz5ak1DrHGL3ROxMit2IcXMXXJt7CxJCUUoQhGKUIQiFKEIRShCEYpQhCIUoQhFqC8JFetNYsrEDkPr2ogxGqtQ57yO1aAxR2oTSyhCEYpQhCIUoQhFKEIRilCEIhShCEUoQt0t1NxRmeNsZ6kUe6q56mcOyp0Xg+qWUIQiFKEIRShCEYpQhCIUoQhFKEIRilCEIlT1xMYWumVQbOnmOqa5bqs1G7EBjl1IS0IoQhGKUIQiFKEIRShCEYpQhCIUoQhFKELdJlTreC+pFOfqyCtwbxVwc6VhbENjX17ybwlFKEIRilCEIhShCEUoQhGKUIQiFKEIRainhZqrb2K9WK6hSJ2cWKk0N7JLGsa5eW6VhrG+lVCEIhShCEUoQhGKUIQiFKEIRShCEYpQhPqSUDtpmJvvg8PReubYG8UOw9wzt6ZuSZfXOs6EIhShCEUoQhGKUIQiFKEIRShCEYpQhCLUbUIdHMqDHVNszmKTtOSXY7Xgzg1t3bixPfrdEUIRilCEIhShCEUoQhGKUIQiFKEIRShCEeotoQ6eq4ObFHvmVi/W6onmmqCdldPcxC45R3N/l1CEIhShCEUoQhGKUIQiFKEIRShCEYpQhHpLqNhRaVU/rZqstRpzTxX78twz7yzCYnuUeyNCEYpQhCIUoQhFKEIRilCEIhShCEUoQhHqKaHmztWSMutnLK1rY26Pdi5Oawhjp2zuTiUUoQhFKEIRilCEIhShCEUoQhGKUIQiFKEINQ/HA8c7VqItKbN2FmEHF2dunq/YhdgOEopQhCIUoQhFKEIRilCEIhShCEUoQhGKULcJtdORGJS1LSzNWezULdnumH0xr5d0iIQiFKEIRShCEYpQhCIUoQhFKEIRilCEItSXhFpiwRWlYayPa833nF83Etxqn2M/RShCEYpQhCIUoQhFKEIRilCEIhShCEUoQn1JqJ1ncu48x2iI9YAH25wHKIz93bndX3KsCEUoQhGKUIQiFKEIRShCEYpQhCIUoQhFqC8JNXeeY41Mqwdc0hO1is6Y5lesc6tTW3LHEIpQhCIUoQhFKEIRilCEIhShCEUoQhGKUJcL1WqgWr1Jrd0oORKr9pacyblaMGbfA9UtoQhFKEIRilCEIhShCEUoQhGKUIQiFKEIdZtQBzd47pd3Fo6tsZtbjSW17/PD0PpDV3Z5hCIUoQhFKEIRyjAQilCEIhShCGUoCWUYCFUQqrUcsaJkbtxbIxv7ckvGVvPV0m2urCQUoQhFKEIRilCEIhShCEUoQhGKUIQiFKEItayBuvHwz1VOsdXYWfzNveCSExsTaglYhCIUoQhFKEIRilCEIhShCEUoQhGKUIQi1G1CtTa4Vd61+G7pNrehsW7rihu3dVJir08oQhGKUIQiFKEIRShCEYpQhCIUoQhFKEI9LdTcUWkZtHPsWnXV3IbOERwb0blhiNWvO+8JQhGKUIQiFKEIRShCEYpQhCIUoQhFKEIR6mmhWtXPkmlYUoRdMaNzlfHO2VjiZuw4E4pQhCIUoQhFKEIRilCEIhShCEUoQhGKUG8JtXMblvRiO0laUt61KuODv3yjyDvfl1CEIhShCEUoQhGKUIQiFKEIRShCEYpQhPqSULE92znfc8Vf6xC2GtXYqZtbnLnGLfZfige7PEIRilCEIhShCEUoQhGKUIQiFKEIRShCEeruhiJWGi45KgdH5wpHWl+eO6Kx9nluzO7o8ghFKEIRilCEIhShCEUoQhGKUIQiFKEIRai7hYrVZK3ScO4V5rq8uZFdAuXcU8UuldbtRShCEYpQhCIUoQhFKEIRilCEIhShCEUoQhHqhFBz0zDXqsTaula1FzvtsbZuSWcao6FVZBOKUIQiFKEIRShCEYpQhCIUoQhFKEIRilCEmm+RWm62aqO5kzPXt86t8xILlhz+G+9jQhGKUIQiFKEIRShCEYpQhCIUoQhFKEIR6mmhYke0hc5cixT7u7FObe4hd14MrSGc+19CjCRCEYpQhCIUoQhFKEIRilCEIhShCEUoQhHqcqFa6MwdpNw2jK1Gq+q6oydKvdGSy3sJsoQiFKEIRShCEYpQhCIUoQhFKEIRilCEIhSh4vlNZWddtXNk53bw4O4vKTpjUuys9ghFKEIRilCEIhShCEUoQhGKUIQiFKEIRagvCTX3d3dWbEssaEF5xcLuLLLnLv6WjIQiFKEIRShCEYpQhCIUoQhFKEIRilCEItSHhZorlVpncsuO7niFVqO6pLx7YAdb5R2hCEUoQhGKUIQiFKEIRShCEYpQhCIUoQj1tFCtLZyrfloFTeynYvTvXOdW8zUHx8G1yl0bhCIUoQhFKEIRilCEIhShCEUoQhGKUIQi1MtCPdC4xc5GrFX52ZG5DY1tyo11ZGydCUUoQhGKUIQiFKEIRShCEYpQhCIUoQhFqKeF2rkrrcdYchjmOrW5+rVlUOwya3259T8MQhGKUIQiFKEIRShCEYpQhCIUoQhFKEIR6ktCtbqe2J61DBrc/lSF2lL1a4szx2jt4icUoQhFKEIRilCEIhShCEUoQhGKUIQiFKHuFuqKX57riWJTeHDsDr5CrK2LHe8ld9sVfSuhCEUoQhGKUIQiFKEIRShCEYpQhCIUoQhFqIGm4IpD2Op6lpznWHe5RJnYM8cupCXlHaEIRShCEYpQhCIUoQhFKEIRilCEIhShCEWoAaFarMy9QuzLsXviipMTm6tWzb2EJEIRilCEIhShCEUoQhGKUIQiFKEIRShCEYpQ80LFmq+5+b6xntu5Vq16rjVmO9s6QhGKUIQiFKEIRShCEYpQhCIUoQhFKEIR6ktCXVGjtA5wqxac26OdXe2Siu3G1ahVqIQiFKEIRShCEYpQhCIUoQhFKEIRilCEItTdQsVOe2wo5wyKfblF/84irFX7Ljl0SzQnFKEIRShCEYpQhCIUoQhFKEIRilCEIhSh3hJKRIRQIkIoERFCiYgQSkQIJSJCKBEhlIgIoURECCUihBIRIZSIEEpEhFAiIoQSEUKJiBBKRAglIkIoERFCiQihREQIJSKEEhEhlIgIoURkf/4D9Mj/NV+ZvD8AAAAASUVORK5CYII=', '00020101021226820014br.gov.bcb.pix2560qrpix-h.bradesco.com.br/9d36b84f-c70b-478f-b95c-12729b90ca255204000053039865406100.005802BR5905ASAAS6009JOINVILLE62070503***6304474A', '2024-12-24 23:59:59', NULL, NULL, '2024-12-24 00:50:06', '2024-12-24 00:50:06'),
(46, 35, 1, 'cus_000006415044', 49, '', 'sub_yz82tv9xkzd63n56', '331.720.590-30', 'monthly', '100.00', 'PIX', NULL, NULL, 'INACTIVE', '2024-12-24', '2025-01-24', NULL, 'iVBORw0KGgoAAAANSUhEUgAAAYsAAAGLCAIAAAC5gincAAAOTklEQVR42u3ZQW4kORADQP//094fDLCwkkypgtfuaVdJqdAA/PkVEdmaH0sgIoQSESGUiBBKRIRQIkIoERFCiYgQSkQIJSJCKBEhlIgIoURECCUihBIRIZSIEEpEhFAiIoQSEUKJiBBKRAglIkIoERFCiQihRESWC/WTyr//buzTv6xG66daD/m/1vkvX557jIOjcnAmW0s3N5OEIhShCEUoQhGKUIQiFKEIRShCEYpQhCLUW0LFfjlmUOsQxm6RmIxzu9Caq7nHeOCEEopQhCIUoQhFKEIRilCEIhShCEUoQhGKUIQaON6xX45xFmvrWj918H2vuBjmXjAm8pY7lVCEIhShCEUoQhGKUIQiFKEIRShCEYpQhCLU+bMRe+YripLWEW3tfuv2WnIhEYpQhCIUoQhFKEIRilCEIhShCEUoQhGKUIQi1J+f6opebMkEL9nfgy8Yq/aWfEooQhGKUIQiFKEIRShCEYpQhCIUoQhFKEIRalnldHCwYm3O3GFovUKsU5sjeO6p5jZ0bhfuOPuEIhShCEUoQhGKUIQiFKEIRShCEYpQhCLU3ULF9tunPvVpuI2d6z0J5VOf+pRQhPKpTwlFKHPmU58SilA+9SmhLheqlblu64HCcckUxq6cJbPR2rLf50IoQhGKUIQiFKEIRShCEYpQhCIUoQhFKEK9JVSrrVviyNwfeiCt4/2XUTmo25ybc6vxYJdHKEIRilCEIhShCEUoQhGKUIQiFKEIRShCFQxqrd0cZ61SKbZWS+CIXYQtdJY885JKkVCEIhShCEUoQhGKUIQiFKEIRShCEYpQhLq8y9u5SXNj1zo5scVZYn1rROf4nhvCVrNJKEIRilCEIhShCEUoQhGKUIQiFKEIRShCfViouW4rVjjuJHjnad/S9ZROztydOifjwYklFKEIRShCEYpQhCIUoQhFKEIRilCEIhShCDV/cnbWKC2wrij+dhZDc5MTe/3YsVpKP6EIRShCEYpQhCIUoQhFKEIRilCEIhShCHWZUK0NPtjH7WR0rnCM/duYm7FbZGdr9l5nSihCEYpQhCIUoQhFKEIRilCEIhShCEUoQt0mVGz7WzVZrCfaeW3EMtd8xWqyln0773JCEYpQhCIUoQhFKEIRilCEIhShCEUoQhHqS0LNneeDo3PwiMYWJ3Y2YgvbKpVaOxjrLmOLQyhCEYpQhCIUoQhFKEIRilCEIhShCEUoQhGqfQjnxj32h2LTP/eCc/QftK/1VDcO/5KfIhShCEUoQhGKUIQiFKEIRShCEYpQhCIUoS4Xasm4t8qOg2XWkt5zSfE39+VWt9V6/dgdQyhCEYpQhCIUoQhFKEIRilCEIhShCEUoQhFqvjdpHeBYi7RkFw7u4NzrL2n65h7yRlYIRShCEYpQhCIUoQhFKEIRilCEIhShCEUoQt28oy1H5h5yydloXWZL6ubYDs4tTks3QhGKUIQiFKEIRShCEYpQhCIUoQhFKEIR6i2hlpznVk12RT+1s8mNTV1srmK3dQwsQhGKUIQiFKEIRShCEYpQhCIUoQhFKEIRilADuzLnV6vrWTKUMc5aQB9cjZbmrffd+b8EQhGKUIQiFKEIRShCEYpQhCIUoQhFKEIR6nKhYuVObApb2LWWfUnHtISVlqqtEm1JCEUoQhGKUIQiFKEIRShCEYpQhCIUoQhFqNuEWlINxIqS2KcHK7Yr0Lmxj5t7yCX1XEtGQhGKUIQiFKEIRShCEYpQhCIUoQhFKEIR6q0ur9Ux7Twqc6/QesjY8Y7dMUsulVa1t6Q0JBShCEUoQhGKUIQiFKEIRShCEYpQhCIUob4kVKz5ak1DrHGL3ROxMit2IcXMXXJt7CxJCUUoQhGKUIQiFKEIRShCEYpQhCIUoQhFqC8JFetNYsrEDkPr2ogxGqtQ57yO1aAxR2oTSyhCEYpQhCIUoQhFKEIRilCEIhShCEUoQt0t1NxRmeNsZ6kUe6q56mcOyp0Xg+qWUIQiFKEIRShCEYpQhCIUoQhFKEIRilCEIlT1xMYWumVQbOnmOqa5bqs1G7EBjl1IS0IoQhGKUIQiFKEIRShCEYpQhCIUoQhFKELdJlTreC+pFOfqyCtwbxVwc6VhbENjX17ybwlFKEIRilCEIhShCEUoQhGKUIQiFKEIRainhZqrb2K9WK6hSJ2cWKk0N7JLGsa5eW6VhrG+lVCEIhShCEUoQhGKUIQiFKEIRShCEYpQhPqSUDtpmJvvg8PReubYG8UOw9wzt6ZuSZfXOs6EIhShCEUoQhGKUIQiFKEIRShCEYpQhCLUbUIdHMqDHVNszmKTtOSXY7Xgzg1t3bixPfrdEUIRilCEIhShCEUoQhGKUIQiFKEIRShCEeotoQ6eq4ObFHvmVi/W6onmmqCdldPcxC45R3N/l1CEIhShCEUoQhGKUIQiFKEIRShCEYpQhHpLqNhRaVU/rZqstRpzTxX78twz7yzCYnuUeyNCEYpQhCIUoQhFKEIRilCEIhShCEUoQhHqKaHmztWSMutnLK1rY26Pdi5Oawhjp2zuTiUUoQhFKEIRilCEIhShCEUoQhGKUIQiFKEINQ/HA8c7VqItKbN2FmEHF2dunq/YhdgOEopQhCIUoQhFKEIRilCEIhShCEUoQhGKULcJtdORGJS1LSzNWezULdnumH0xr5d0iIQiFKEIRShCEYpQhCIUoQhFKEIRilCEItSXhFpiwRWlYayPa833nF83Etxqn2M/RShCEYpQhCIUoQhFKEIRilCEIhShCEUoQn1JqJ1ncu48x2iI9YAH25wHKIz93bndX3KsCEUoQhGKUIQiFKEIRShCEYpQhCIUoQhFqC8JNXeeY41Mqwdc0hO1is6Y5lesc6tTW3LHEIpQhCIUoQhFKEIRilCEIhShCEUoQhGKUJcL1WqgWr1Jrd0oORKr9pacyblaMGbfA9UtoQhFKEIRilCEIhShCEUoQhGKUIQiFKEIdZtQBzd47pd3Fo6tsZtbjSW17/PD0PpDV3Z5hCIUoQhFKEIRyjAQilCEIhShCGUoCWUYCFUQqrUcsaJkbtxbIxv7ckvGVvPV0m2urCQUoQhFKEIRilCEIhShCEUoQhGKUIQiFKEItayBuvHwz1VOsdXYWfzNveCSExsTaglYhCIUoQhFKEIRilCEIhShCEUoQhGKUIQi1G1CtTa4Vd61+G7pNrehsW7rihu3dVJir08oQhGKUIQiFKEIRShCEYpQhCIUoQhFKEI9LdTcUWkZtHPsWnXV3IbOERwb0blhiNWvO+8JQhGKUIQiFKEIRShCEYpQhCIUoQhFKEIR6mmhWtXPkmlYUoRdMaNzlfHO2VjiZuw4E4pQhCIUoQhFKEIRilCEIhShCEUoQhGKUG8JtXMblvRiO0laUt61KuODv3yjyDvfl1CEIhShCEUoQhGKUIQiFKEIRShCEYpQhPqSULE92znfc8Vf6xC2GtXYqZtbnLnGLfZfige7PEIRilCEIhShCEUoQhGKUIQiFKEIRShCEeruhiJWGi45KgdH5wpHWl+eO6Kx9nluzO7o8ghFKEIRilCEIhShCEUoQhGKUIQiFKEIRai7hYrVZK3ScO4V5rq8uZFdAuXcU8UuldbtRShCEYpQhCIUoQhFKEIRilCEIhShCEUoQhHqhFBz0zDXqsTaula1FzvtsbZuSWcao6FVZBOKUIQiFKEIRShCEYpQhCIUoQhFKEIRilCEmm+RWm62aqO5kzPXt86t8xILlhz+G+9jQhGKUIQiFKEIRShCEYpQhCIUoQhFKEIR6mmhYke0hc5cixT7u7FObe4hd14MrSGc+19CjCRCEYpQhCIUoQhFKEIRilCEIhShCEUoQhHqcqFa6MwdpNw2jK1Gq+q6oydKvdGSy3sJsoQiFKEIRShCEYpQhCIUoQhFKEIRilCEIhSh4vlNZWddtXNk53bw4O4vKTpjUuys9ghFKEIRilCEIhShCEUoQhGKUIQiFKEIRagvCTX3d3dWbEssaEF5xcLuLLLnLv6WjIQiFKEIRShCEYpQhCIUoQhFKEIRilCEItSHhZorlVpncsuO7niFVqO6pLx7YAdb5R2hCEUoQhGKUIQiFKEIRShCEYpQhCIUoQj1tFCtLZyrfloFTeynYvTvXOdW8zUHx8G1yl0bhCIUoQhFKEIRilCEIhShCEUoQhGKUIQi1MtCPdC4xc5GrFX52ZG5DY1tyo11ZGydCUUoQhGKUIQiFKEIRShCEYpQhCIUoQhFqKeF2rkrrcdYchjmOrW5+rVlUOwya3259T8MQhGKUIQiFKEIRShCEYpQhCIUoQhFKEIR6ktCtbqe2J61DBrc/lSF2lL1a4szx2jt4icUoQhFKEIRilCEIhShCEUoQhGKUIQiFKHuFuqKX57riWJTeHDsDr5CrK2LHe8ld9sVfSuhCEUoQhGKUIQiFKEIRShCEYpQhCIUoQhFqIGm4IpD2Op6lpznWHe5RJnYM8cupCXlHaEIRShCEYpQhCIUoQhFKEIRilCEIhShCEWoAaFarMy9QuzLsXviipMTm6tWzb2EJEIRilCEIhShCEUoQhGKUIQiFKEIRShCEYpQ80LFmq+5+b6xntu5Vq16rjVmO9s6QhGKUIQiFKEIRShCEYpQhCIUoQhFKEIR6ktCXVGjtA5wqxac26OdXe2Siu3G1ahVqIQiFKEIRShCEYpQhCIUoQhFKEIRilCEItTdQsVOe2wo5wyKfblF/84irFX7Ljl0SzQnFKEIRShCEYpQhCIUoQhFKEIRilCEIhSh3hJKRIRQIkIoERFCiYgQSkQIJSJCKBEhlIgIoURECCUihBIRIZSIEEpEhFAiIoQSEUKJiBBKRAglIkIoERFCiQihREQIJSKEEhEhlIgIoURkf/4D9Mj/NV+ZvD8AAAAASUVORK5CYII=', '00020101021226820014br.gov.bcb.pix2560qrpix-h.bradesco.com.br/9d36b84f-c70b-478f-b95c-12729b90ca255204000053039865406100.005802BR5905ASAAS6009JOINVILLE62070503***6304474A', '2024-12-24 23:59:59', NULL, NULL, '2024-12-24 00:51:31', '2024-12-24 00:55:05');
INSERT INTO `tb_subscriptions` (`id`, `user_id`, `plan_id`, `customer_id`, `order_id`, `subscription_id`, `payment_id`, `cpf`, `cycle`, `price`, `payment_method`, `payment_status`, `link_pagamento`, `status`, `creation_date`, `due_date`, `payment_date`, `pix_encoded_image`, `pix_code`, `pix_expiration_date`, `card_last_digits`, `card_brand`, `created_at`, `updated_at`) VALUES
(47, 35, 1, 'cus_000006415044', 50, '', 'sub_tdpfbj5mysu0wiin', '331.720.590-30', 'monthly', '100.00', 'PIX', NULL, NULL, 'INACTIVE', '2024-12-24', '2025-01-24', NULL, 'iVBORw0KGgoAAAANSUhEUgAAAYsAAAGLCAIAAAC5gincAAAOTklEQVR42u3ZQW4kORADQP//094fDLCwkkypgtfuaVdJqdAA/PkVEdmaH0sgIoQSESGUiBBKRIRQIkIoERFCiYgQSkQIJSJCKBEhlIgIoURECCUihBIRIZSIEEpEhFAiIoQSEUKJiBBKRAglIkIoERFCiQihRESWC/WTyr//buzTv6xG66daD/m/1vkvX557jIOjcnAmW0s3N5OEIhShCEUoQhGKUIQiFKEIRShCEYpQhCLUW0LFfjlmUOsQxm6RmIxzu9Caq7nHeOCEEopQhCIUoQhFKEIRilCEIhShCEUoQhGKUIQaON6xX45xFmvrWj918H2vuBjmXjAm8pY7lVCEIhShCEUoQhGKUIQiFKEIRShCEYpQhCLU+bMRe+YripLWEW3tfuv2WnIhEYpQhCIUoQhFKEIRilCEIhShCEUoQhGKUIQi1J+f6opebMkEL9nfgy8Yq/aWfEooQhGKUIQiFKEIRShCEYpQhCIUoQhFKEIRalnldHCwYm3O3GFovUKsU5sjeO6p5jZ0bhfuOPuEIhShCEUoQhGKUIQiFKEIRShCEYpQhCLU3ULF9tunPvVpuI2d6z0J5VOf+pRQhPKpTwlFKHPmU58SilA+9SmhLheqlblu64HCcckUxq6cJbPR2rLf50IoQhGKUIQiFKEIRShCEYpQhCIUoQhFKEK9JVSrrVviyNwfeiCt4/2XUTmo25ybc6vxYJdHKEIRilCEIhShCEUoQhGKUIQiFKEIRShCFQxqrd0cZ61SKbZWS+CIXYQtdJY885JKkVCEIhShCEUoQhGKUIQiFKEIRShCEYpQhLq8y9u5SXNj1zo5scVZYn1rROf4nhvCVrNJKEIRilCEIhShCEUoQhGKUIQiFKEIRShCfViouW4rVjjuJHjnad/S9ZROztydOifjwYklFKEIRShCEYpQhCIUoQhFKEIRilCEIhShCDV/cnbWKC2wrij+dhZDc5MTe/3YsVpKP6EIRShCEYpQhCIUoQhFKEIRilCEIhShCHWZUK0NPtjH7WR0rnCM/duYm7FbZGdr9l5nSihCEYpQhCIUoQhFKEIRilCEIhShCEUoQt0mVGz7WzVZrCfaeW3EMtd8xWqyln0773JCEYpQhCIUoQhFKEIRilCEIhShCEUoQhHqS0LNneeDo3PwiMYWJ3Y2YgvbKpVaOxjrLmOLQyhCEYpQhCIUoQhFKEIRilCEIhShCEUoQhGqfQjnxj32h2LTP/eCc/QftK/1VDcO/5KfIhShCEUoQhGKUIQiFKEIRShCEYpQhCIUoS4Xasm4t8qOg2XWkt5zSfE39+VWt9V6/dgdQyhCEYpQhCIUoQhFKEIRilCEIhShCEUoQhFqvjdpHeBYi7RkFw7u4NzrL2n65h7yRlYIRShCEYpQhCIUoQhFKEIRilCEIhShCEUoQt28oy1H5h5yydloXWZL6ubYDs4tTks3QhGKUIQiFKEIRShCEYpQhCIUoQhFKEIR6i2hlpznVk12RT+1s8mNTV1srmK3dQwsQhGKUIQiFKEIRShCEYpQhCIUoQhFKEIRilADuzLnV6vrWTKUMc5aQB9cjZbmrffd+b8EQhGKUIQiFKEIRShCEYpQhCIUoQhFKEIR6nKhYuVObApb2LWWfUnHtISVlqqtEm1JCEUoQhGKUIQiFKEIRShCEYpQhCIUoQhFqNuEWlINxIqS2KcHK7Yr0Lmxj5t7yCX1XEtGQhGKUIQiFKEIRShCEYpQhCIUoQhFKEIR6q0ur9Ux7Twqc6/QesjY8Y7dMUsulVa1t6Q0JBShCEUoQhGKUIQiFKEIRShCEYpQhCIUob4kVKz5ak1DrHGL3ROxMit2IcXMXXJt7CxJCUUoQhGKUIQiFKEIRShCEYpQhCIUoQhFqC8JFetNYsrEDkPr2ogxGqtQ57yO1aAxR2oTSyhCEYpQhCIUoQhFKEIRilCEIhShCEUoQt0t1NxRmeNsZ6kUe6q56mcOyp0Xg+qWUIQiFKEIRShCEYpQhCIUoQhFKEIRilCEIlT1xMYWumVQbOnmOqa5bqs1G7EBjl1IS0IoQhGKUIQiFKEIRShCEYpQhCIUoQhFKELdJlTreC+pFOfqyCtwbxVwc6VhbENjX17ybwlFKEIRilCEIhShCEUoQhGKUIQiFKEIRainhZqrb2K9WK6hSJ2cWKk0N7JLGsa5eW6VhrG+lVCEIhShCEUoQhGKUIQiFKEIRShCEYpQhPqSUDtpmJvvg8PReubYG8UOw9wzt6ZuSZfXOs6EIhShCEUoQhGKUIQiFKEIRShCEYpQhCLUbUIdHMqDHVNszmKTtOSXY7Xgzg1t3bixPfrdEUIRilCEIhShCEUoQhGKUIQiFKEIRShCEeotoQ6eq4ObFHvmVi/W6onmmqCdldPcxC45R3N/l1CEIhShCEUoQhGKUIQiFKEIRShCEYpQhHpLqNhRaVU/rZqstRpzTxX78twz7yzCYnuUeyNCEYpQhCIUoQhFKEIRilCEIhShCEUoQhHqKaHmztWSMutnLK1rY26Pdi5Oawhjp2zuTiUUoQhFKEIRilCEIhShCEUoQhGKUIQiFKEINQ/HA8c7VqItKbN2FmEHF2dunq/YhdgOEopQhCIUoQhFKEIRilCEIhShCEUoQhGKULcJtdORGJS1LSzNWezULdnumH0xr5d0iIQiFKEIRShCEYpQhCIUoQhFKEIRilCEItSXhFpiwRWlYayPa833nF83Etxqn2M/RShCEYpQhCIUoQhFKEIRilCEIhShCEUoQn1JqJ1ncu48x2iI9YAH25wHKIz93bndX3KsCEUoQhGKUIQiFKEIRShCEYpQhCIUoQhFqC8JNXeeY41Mqwdc0hO1is6Y5lesc6tTW3LHEIpQhCIUoQhFKEIRilCEIhShCEUoQhGKUJcL1WqgWr1Jrd0oORKr9pacyblaMGbfA9UtoQhFKEIRilCEIhShCEUoQhGKUIQiFKEIdZtQBzd47pd3Fo6tsZtbjSW17/PD0PpDV3Z5hCIUoQhFKEIRyjAQilCEIhShCGUoCWUYCFUQqrUcsaJkbtxbIxv7ckvGVvPV0m2urCQUoQhFKEIRilCEIhShCEUoQhGKUIQiFKEItayBuvHwz1VOsdXYWfzNveCSExsTaglYhCIUoQhFKEIRilCEIhShCEUoQhGKUIQi1G1CtTa4Vd61+G7pNrehsW7rihu3dVJir08oQhGKUIQiFKEIRShCEYpQhCIUoQhFKEI9LdTcUWkZtHPsWnXV3IbOERwb0blhiNWvO+8JQhGKUIQiFKEIRShCEYpQhCIUoQhFKEIR6mmhWtXPkmlYUoRdMaNzlfHO2VjiZuw4E4pQhCIUoQhFKEIRilCEIhShCEUoQhGKUG8JtXMblvRiO0laUt61KuODv3yjyDvfl1CEIhShCEUoQhGKUIQiFKEIRShCEYpQhPqSULE92znfc8Vf6xC2GtXYqZtbnLnGLfZfige7PEIRilCEIhShCEUoQhGKUIQiFKEIRShCEeruhiJWGi45KgdH5wpHWl+eO6Kx9nluzO7o8ghFKEIRilCEIhShCEUoQhGKUIQiFKEIRai7hYrVZK3ScO4V5rq8uZFdAuXcU8UuldbtRShCEYpQhCIUoQhFKEIRilCEIhShCEUoQhHqhFBz0zDXqsTaula1FzvtsbZuSWcao6FVZBOKUIQiFKEIRShCEYpQhCIUoQhFKEIRilCEmm+RWm62aqO5kzPXt86t8xILlhz+G+9jQhGKUIQiFKEIRShCEYpQhCIUoQhFKEIR6mmhYke0hc5cixT7u7FObe4hd14MrSGc+19CjCRCEYpQhCIUoQhFKEIRilCEIhShCEUoQhHqcqFa6MwdpNw2jK1Gq+q6oydKvdGSy3sJsoQiFKEIRShCEYpQhCIUoQhFKEIRilCEIhSh4vlNZWddtXNk53bw4O4vKTpjUuys9ghFKEIRilCEIhShCEUoQhGKUIQiFKEIRagvCTX3d3dWbEssaEF5xcLuLLLnLv6WjIQiFKEIRShCEYpQhCIUoQhFKEIRilCEItSHhZorlVpncsuO7niFVqO6pLx7YAdb5R2hCEUoQhGKUIQiFKEIRShCEYpQhCIUoQj1tFCtLZyrfloFTeynYvTvXOdW8zUHx8G1yl0bhCIUoQhFKEIRilCEIhShCEUoQhGKUIQi1MtCPdC4xc5GrFX52ZG5DY1tyo11ZGydCUUoQhGKUIQiFKEIRShCEYpQhCIUoQhFqKeF2rkrrcdYchjmOrW5+rVlUOwya3259T8MQhGKUIQiFKEIRShCEYpQhCIUoQhFKEIR6ktCtbqe2J61DBrc/lSF2lL1a4szx2jt4icUoQhFKEIRilCEIhShCEUoQhGKUIQiFKHuFuqKX57riWJTeHDsDr5CrK2LHe8ld9sVfSuhCEUoQhGKUIQiFKEIRShCEYpQhCIUoQhFqIGm4IpD2Op6lpznWHe5RJnYM8cupCXlHaEIRShCEYpQhCIUoQhFKEIRilCEIhShCEWoAaFarMy9QuzLsXviipMTm6tWzb2EJEIRilCEIhShCEUoQhGKUIQiFKEIRShCEYpQ80LFmq+5+b6xntu5Vq16rjVmO9s6QhGKUIQiFKEIRShCEYpQhCIUoQhFKEIR6ktCXVGjtA5wqxac26OdXe2Siu3G1ahVqIQiFKEIRShCEYpQhCIUoQhFKEIRilCEItTdQsVOe2wo5wyKfblF/84irFX7Ljl0SzQnFKEIRShCEYpQhCIUoQhFKEIRilCEIhSh3hJKRIRQIkIoERFCiYgQSkQIJSJCKBEhlIgIoURECCUihBIRIZSIEEpEhFAiIoQSEUKJiBBKRAglIkIoERFCiQihREQIJSKEEhEhlIgIoURkf/4D9Mj/NV+ZvD8AAAAASUVORK5CYII=', '00020101021226820014br.gov.bcb.pix2560qrpix-h.bradesco.com.br/9d36b84f-c70b-478f-b95c-12729b90ca255204000053039865406100.005802BR5905ASAAS6009JOINVILLE62070503***6304474A', '2024-12-24 23:59:59', NULL, NULL, '2024-12-24 00:55:04', '2024-12-24 00:55:20'),
(48, 35, 1, 'cus_000006415044', 51, '', 'sub_xthcedghr5wvlmw7', '331.720.590-30', 'monthly', '100.00', 'PIX', NULL, NULL, 'INACTIVE', '2024-12-24', '2025-01-24', NULL, 'iVBORw0KGgoAAAANSUhEUgAAAYsAAAGLCAIAAAC5gincAAAOTklEQVR42u3ZQW4kORADQP//094fDLCwkkypgtfuaVdJqdAA/PkVEdmaH0sgIoQSESGUiBBKRIRQIkIoERFCiYgQSkQIJSJCKBEhlIgIoURECCUihBIRIZSIEEpEhFAiIoQSEUKJiBBKRAglIkIoERFCiQihRESWC/WTyr//buzTv6xG66daD/m/1vkvX557jIOjcnAmW0s3N5OEIhShCEUoQhGKUIQiFKEIRShCEYpQhCLUW0LFfjlmUOsQxm6RmIxzu9Caq7nHeOCEEopQhCIUoQhFKEIRilCEIhShCEUoQhGKUIQaON6xX45xFmvrWj918H2vuBjmXjAm8pY7lVCEIhShCEUoQhGKUIQiFKEIRShCEYpQhCLU+bMRe+YripLWEW3tfuv2WnIhEYpQhCIUoQhFKEIRilCEIhShCEUoQhGKUIQi1J+f6opebMkEL9nfgy8Yq/aWfEooQhGKUIQiFKEIRShCEYpQhCIUoQhFKEIRalnldHCwYm3O3GFovUKsU5sjeO6p5jZ0bhfuOPuEIhShCEUoQhGKUIQiFKEIRShCEYpQhCLU3ULF9tunPvVpuI2d6z0J5VOf+pRQhPKpTwlFKHPmU58SilA+9SmhLheqlblu64HCcckUxq6cJbPR2rLf50IoQhGKUIQiFKEIRShCEYpQhCIUoQhFKEK9JVSrrVviyNwfeiCt4/2XUTmo25ybc6vxYJdHKEIRilCEIhShCEUoQhGKUIQiFKEIRShCFQxqrd0cZ61SKbZWS+CIXYQtdJY885JKkVCEIhShCEUoQhGKUIQiFKEIRShCEYpQhLq8y9u5SXNj1zo5scVZYn1rROf4nhvCVrNJKEIRilCEIhShCEUoQhGKUIQiFKEIRShCfViouW4rVjjuJHjnad/S9ZROztydOifjwYklFKEIRShCEYpQhCIUoQhFKEIRilCEIhShCDV/cnbWKC2wrij+dhZDc5MTe/3YsVpKP6EIRShCEYpQhCIUoQhFKEIRilCEIhShCHWZUK0NPtjH7WR0rnCM/duYm7FbZGdr9l5nSihCEYpQhCIUoQhFKEIRilCEIhShCEUoQt0mVGz7WzVZrCfaeW3EMtd8xWqyln0773JCEYpQhCIUoQhFKEIRilCEIhShCEUoQhHqS0LNneeDo3PwiMYWJ3Y2YgvbKpVaOxjrLmOLQyhCEYpQhCIUoQhFKEIRilCEIhShCEUoQhGqfQjnxj32h2LTP/eCc/QftK/1VDcO/5KfIhShCEUoQhGKUIQiFKEIRShCEYpQhCIUoS4Xasm4t8qOg2XWkt5zSfE39+VWt9V6/dgdQyhCEYpQhCIUoQhFKEIRilCEIhShCEUoQhFqvjdpHeBYi7RkFw7u4NzrL2n65h7yRlYIRShCEYpQhCIUoQhFKEIRilCEIhShCEUoQt28oy1H5h5yydloXWZL6ubYDs4tTks3QhGKUIQiFKEIRShCEYpQhCIUoQhFKEIR6i2hlpznVk12RT+1s8mNTV1srmK3dQwsQhGKUIQiFKEIRShCEYpQhCIUoQhFKEIRilADuzLnV6vrWTKUMc5aQB9cjZbmrffd+b8EQhGKUIQiFKEIRShCEYpQhCIUoQhFKEIR6nKhYuVObApb2LWWfUnHtISVlqqtEm1JCEUoQhGKUIQiFKEIRShCEYpQhCIUoQhFqNuEWlINxIqS2KcHK7Yr0Lmxj5t7yCX1XEtGQhGKUIQiFKEIRShCEYpQhCIUoQhFKEIR6q0ur9Ux7Twqc6/QesjY8Y7dMUsulVa1t6Q0JBShCEUoQhGKUIQiFKEIRShCEYpQhCIUob4kVKz5ak1DrHGL3ROxMit2IcXMXXJt7CxJCUUoQhGKUIQiFKEIRShCEYpQhCIUoQhFqC8JFetNYsrEDkPr2ogxGqtQ57yO1aAxR2oTSyhCEYpQhCIUoQhFKEIRilCEIhShCEUoQt0t1NxRmeNsZ6kUe6q56mcOyp0Xg+qWUIQiFKEIRShCEYpQhCIUoQhFKEIRilCEIlT1xMYWumVQbOnmOqa5bqs1G7EBjl1IS0IoQhGKUIQiFKEIRShCEYpQhCIUoQhFKELdJlTreC+pFOfqyCtwbxVwc6VhbENjX17ybwlFKEIRilCEIhShCEUoQhGKUIQiFKEIRainhZqrb2K9WK6hSJ2cWKk0N7JLGsa5eW6VhrG+lVCEIhShCEUoQhGKUIQiFKEIRShCEYpQhPqSUDtpmJvvg8PReubYG8UOw9wzt6ZuSZfXOs6EIhShCEUoQhGKUIQiFKEIRShCEYpQhCLUbUIdHMqDHVNszmKTtOSXY7Xgzg1t3bixPfrdEUIRilCEIhShCEUoQhGKUIQiFKEIRShCEeotoQ6eq4ObFHvmVi/W6onmmqCdldPcxC45R3N/l1CEIhShCEUoQhGKUIQiFKEIRShCEYpQhHpLqNhRaVU/rZqstRpzTxX78twz7yzCYnuUeyNCEYpQhCIUoQhFKEIRilCEIhShCEUoQhHqKaHmztWSMutnLK1rY26Pdi5Oawhjp2zuTiUUoQhFKEIRilCEIhShCEUoQhGKUIQiFKEINQ/HA8c7VqItKbN2FmEHF2dunq/YhdgOEopQhCIUoQhFKEIRilCEIhShCEUoQhGKULcJtdORGJS1LSzNWezULdnumH0xr5d0iIQiFKEIRShCEYpQhCIUoQhFKEIRilCEItSXhFpiwRWlYayPa833nF83Etxqn2M/RShCEYpQhCIUoQhFKEIRilCEIhShCEUoQn1JqJ1ncu48x2iI9YAH25wHKIz93bndX3KsCEUoQhGKUIQiFKEIRShCEYpQhCIUoQhFqC8JNXeeY41Mqwdc0hO1is6Y5lesc6tTW3LHEIpQhCIUoQhFKEIRilCEIhShCEUoQhGKUJcL1WqgWr1Jrd0oORKr9pacyblaMGbfA9UtoQhFKEIRilCEIhShCEUoQhGKUIQiFKEIdZtQBzd47pd3Fo6tsZtbjSW17/PD0PpDV3Z5hCIUoQhFKEIRyjAQilCEIhShCGUoCWUYCFUQqrUcsaJkbtxbIxv7ckvGVvPV0m2urCQUoQhFKEIRilCEIhShCEUoQhGKUIQiFKEItayBuvHwz1VOsdXYWfzNveCSExsTaglYhCIUoQhFKEIRilCEIhShCEUoQhGKUIQi1G1CtTa4Vd61+G7pNrehsW7rihu3dVJir08oQhGKUIQiFKEIRShCEYpQhCIUoQhFKEI9LdTcUWkZtHPsWnXV3IbOERwb0blhiNWvO+8JQhGKUIQiFKEIRShCEYpQhCIUoQhFKEIR6mmhWtXPkmlYUoRdMaNzlfHO2VjiZuw4E4pQhCIUoQhFKEIRilCEIhShCEUoQhGKUG8JtXMblvRiO0laUt61KuODv3yjyDvfl1CEIhShCEUoQhGKUIQiFKEIRShCEYpQhPqSULE92znfc8Vf6xC2GtXYqZtbnLnGLfZfige7PEIRilCEIhShCEUoQhGKUIQiFKEIRShCEeruhiJWGi45KgdH5wpHWl+eO6Kx9nluzO7o8ghFKEIRilCEIhShCEUoQhGKUIQiFKEIRai7hYrVZK3ScO4V5rq8uZFdAuXcU8UuldbtRShCEYpQhCIUoQhFKEIRilCEIhShCEUoQhHqhFBz0zDXqsTaula1FzvtsbZuSWcao6FVZBOKUIQiFKEIRShCEYpQhCIUoQhFKEIRilCEmm+RWm62aqO5kzPXt86t8xILlhz+G+9jQhGKUIQiFKEIRShCEYpQhCIUoQhFKEIR6mmhYke0hc5cixT7u7FObe4hd14MrSGc+19CjCRCEYpQhCIUoQhFKEIRilCEIhShCEUoQhHqcqFa6MwdpNw2jK1Gq+q6oydKvdGSy3sJsoQiFKEIRShCEYpQhCIUoQhFKEIRilCEIhSh4vlNZWddtXNk53bw4O4vKTpjUuys9ghFKEIRilCEIhShCEUoQhGKUIQiFKEIRagvCTX3d3dWbEssaEF5xcLuLLLnLv6WjIQiFKEIRShCEYpQhCIUoQhFKEIRilCEItSHhZorlVpncsuO7niFVqO6pLx7YAdb5R2hCEUoQhGKUIQiFKEIRShCEYpQhCIUoQj1tFCtLZyrfloFTeynYvTvXOdW8zUHx8G1yl0bhCIUoQhFKEIRilCEIhShCEUoQhGKUIQi1MtCPdC4xc5GrFX52ZG5DY1tyo11ZGydCUUoQhGKUIQiFKEIRShCEYpQhCIUoQhFqKeF2rkrrcdYchjmOrW5+rVlUOwya3259T8MQhGKUIQiFKEIRShCEYpQhCIUoQhFKEIR6ktCtbqe2J61DBrc/lSF2lL1a4szx2jt4icUoQhFKEIRilCEIhShCEUoQhGKUIQiFKHuFuqKX57riWJTeHDsDr5CrK2LHe8ld9sVfSuhCEUoQhGKUIQiFKEIRShCEYpQhCIUoQhFqIGm4IpD2Op6lpznWHe5RJnYM8cupCXlHaEIRShCEYpQhCIUoQhFKEIRilCEIhShCEWoAaFarMy9QuzLsXviipMTm6tWzb2EJEIRilCEIhShCEUoQhGKUIQiFKEIRShCEYpQ80LFmq+5+b6xntu5Vq16rjVmO9s6QhGKUIQiFKEIRShCEYpQhCIUoQhFKEIR6ktCXVGjtA5wqxac26OdXe2Siu3G1ahVqIQiFKEIRShCEYpQhCIUoQhFKEIRilCEItTdQsVOe2wo5wyKfblF/84irFX7Ljl0SzQnFKEIRShCEYpQhCIUoQhFKEIRilCEIhSh3hJKRIRQIkIoERFCiYgQSkQIJSJCKBEhlIgIoURECCUihBIRIZSIEEpEhFAiIoQSEUKJiBBKRAglIkIoERFCiQihREQIJSKEEhEhlIgIoURkf/4D9Mj/NV+ZvD8AAAAASUVORK5CYII=', '00020101021226820014br.gov.bcb.pix2560qrpix-h.bradesco.com.br/9d36b84f-c70b-478f-b95c-12729b90ca255204000053039865406100.005802BR5905ASAAS6009JOINVILLE62070503***6304474A', '2024-12-24 23:59:59', NULL, NULL, '2024-12-24 00:55:20', '2024-12-24 00:57:53'),
(50, 35, 1, 'cus_000006415044', 53, '', 'sub_mjwcak40udan1gad', '331.720.590-30', 'monthly', '100.00', 'PIX', NULL, NULL, 'INACTIVE', '2024-12-24', '2025-01-24', NULL, 'iVBORw0KGgoAAAANSUhEUgAAAYsAAAGLCAIAAAC5gincAAAOTklEQVR42u3ZQW4kORADQP//094fDLCwkkypgtfuaVdJqdAA/PkVEdmaH0sgIoQSESGUiBBKRIRQIkIoERFCiYgQSkQIJSJCKBEhlIgIoURECCUihBIRIZSIEEpEhFAiIoQSEUKJiBBKRAglIkIoERFCiQihRESWC/WTyr//buzTv6xG66daD/m/1vkvX557jIOjcnAmW0s3N5OEIhShCEUoQhGKUIQiFKEIRShCEYpQhCLUW0LFfjlmUOsQxm6RmIxzu9Caq7nHeOCEEopQhCIUoQhFKEIRilCEIhShCEUoQhGKUIQaON6xX45xFmvrWj918H2vuBjmXjAm8pY7lVCEIhShCEUoQhGKUIQiFKEIRShCEYpQhCLU+bMRe+YripLWEW3tfuv2WnIhEYpQhCIUoQhFKEIRilCEIhShCEUoQhGKUIQi1J+f6opebMkEL9nfgy8Yq/aWfEooQhGKUIQiFKEIRShCEYpQhCIUoQhFKEIRalnldHCwYm3O3GFovUKsU5sjeO6p5jZ0bhfuOPuEIhShCEUoQhGKUIQiFKEIRShCEYpQhCLU3ULF9tunPvVpuI2d6z0J5VOf+pRQhPKpTwlFKHPmU58SilA+9SmhLheqlblu64HCcckUxq6cJbPR2rLf50IoQhGKUIQiFKEIRShCEYpQhCIUoQhFKEK9JVSrrVviyNwfeiCt4/2XUTmo25ybc6vxYJdHKEIRilCEIhShCEUoQhGKUIQiFKEIRShCFQxqrd0cZ61SKbZWS+CIXYQtdJY885JKkVCEIhShCEUoQhGKUIQiFKEIRShCEYpQhLq8y9u5SXNj1zo5scVZYn1rROf4nhvCVrNJKEIRilCEIhShCEUoQhGKUIQiFKEIRShCfViouW4rVjjuJHjnad/S9ZROztydOifjwYklFKEIRShCEYpQhCIUoQhFKEIRilCEIhShCDV/cnbWKC2wrij+dhZDc5MTe/3YsVpKP6EIRShCEYpQhCIUoQhFKEIRilCEIhShCHWZUK0NPtjH7WR0rnCM/duYm7FbZGdr9l5nSihCEYpQhCIUoQhFKEIRilCEIhShCEUoQt0mVGz7WzVZrCfaeW3EMtd8xWqyln0773JCEYpQhCIUoQhFKEIRilCEIhShCEUoQhHqS0LNneeDo3PwiMYWJ3Y2YgvbKpVaOxjrLmOLQyhCEYpQhCIUoQhFKEIRilCEIhShCEUoQhGqfQjnxj32h2LTP/eCc/QftK/1VDcO/5KfIhShCEUoQhGKUIQiFKEIRShCEYpQhCIUoS4Xasm4t8qOg2XWkt5zSfE39+VWt9V6/dgdQyhCEYpQhCIUoQhFKEIRilCEIhShCEUoQhFqvjdpHeBYi7RkFw7u4NzrL2n65h7yRlYIRShCEYpQhCIUoQhFKEIRilCEIhShCEUoQt28oy1H5h5yydloXWZL6ubYDs4tTks3QhGKUIQiFKEIRShCEYpQhCIUoQhFKEIR6i2hlpznVk12RT+1s8mNTV1srmK3dQwsQhGKUIQiFKEIRShCEYpQhCIUoQhFKEIRilADuzLnV6vrWTKUMc5aQB9cjZbmrffd+b8EQhGKUIQiFKEIRShCEYpQhCIUoQhFKEIR6nKhYuVObApb2LWWfUnHtISVlqqtEm1JCEUoQhGKUIQiFKEIRShCEYpQhCIUoQhFqNuEWlINxIqS2KcHK7Yr0Lmxj5t7yCX1XEtGQhGKUIQiFKEIRShCEYpQhCIUoQhFKEIR6q0ur9Ux7Twqc6/QesjY8Y7dMUsulVa1t6Q0JBShCEUoQhGKUIQiFKEIRShCEYpQhCIUob4kVKz5ak1DrHGL3ROxMit2IcXMXXJt7CxJCUUoQhGKUIQiFKEIRShCEYpQhCIUoQhFqC8JFetNYsrEDkPr2ogxGqtQ57yO1aAxR2oTSyhCEYpQhCIUoQhFKEIRilCEIhShCEUoQt0t1NxRmeNsZ6kUe6q56mcOyp0Xg+qWUIQiFKEIRShCEYpQhCIUoQhFKEIRilCEIlT1xMYWumVQbOnmOqa5bqs1G7EBjl1IS0IoQhGKUIQiFKEIRShCEYpQhCIUoQhFKELdJlTreC+pFOfqyCtwbxVwc6VhbENjX17ybwlFKEIRilCEIhShCEUoQhGKUIQiFKEIRainhZqrb2K9WK6hSJ2cWKk0N7JLGsa5eW6VhrG+lVCEIhShCEUoQhGKUIQiFKEIRShCEYpQhPqSUDtpmJvvg8PReubYG8UOw9wzt6ZuSZfXOs6EIhShCEUoQhGKUIQiFKEIRShCEYpQhCLUbUIdHMqDHVNszmKTtOSXY7Xgzg1t3bixPfrdEUIRilCEIhShCEUoQhGKUIQiFKEIRShCEeotoQ6eq4ObFHvmVi/W6onmmqCdldPcxC45R3N/l1CEIhShCEUoQhGKUIQiFKEIRShCEYpQhHpLqNhRaVU/rZqstRpzTxX78twz7yzCYnuUeyNCEYpQhCIUoQhFKEIRilCEIhShCEUoQhHqKaHmztWSMutnLK1rY26Pdi5Oawhjp2zuTiUUoQhFKEIRilCEIhShCEUoQhGKUIQiFKEINQ/HA8c7VqItKbN2FmEHF2dunq/YhdgOEopQhCIUoQhFKEIRilCEIhShCEUoQhGKULcJtdORGJS1LSzNWezULdnumH0xr5d0iIQiFKEIRShCEYpQhCIUoQhFKEIRilCEItSXhFpiwRWlYayPa833nF83Etxqn2M/RShCEYpQhCIUoQhFKEIRilCEIhShCEUoQn1JqJ1ncu48x2iI9YAH25wHKIz93bndX3KsCEUoQhGKUIQiFKEIRShCEYpQhCIUoQhFqC8JNXeeY41Mqwdc0hO1is6Y5lesc6tTW3LHEIpQhCIUoQhFKEIRilCEIhShCEUoQhGKUJcL1WqgWr1Jrd0oORKr9pacyblaMGbfA9UtoQhFKEIRilCEIhShCEUoQhGKUIQiFKEIdZtQBzd47pd3Fo6tsZtbjSW17/PD0PpDV3Z5hCIUoQhFKEIRyjAQilCEIhShCGUoCWUYCFUQqrUcsaJkbtxbIxv7ckvGVvPV0m2urCQUoQhFKEIRilCEIhShCEUoQhGKUIQiFKEItayBuvHwz1VOsdXYWfzNveCSExsTaglYhCIUoQhFKEIRilCEIhShCEUoQhGKUIQi1G1CtTa4Vd61+G7pNrehsW7rihu3dVJir08oQhGKUIQiFKEIRShCEYpQhCIUoQhFKEI9LdTcUWkZtHPsWnXV3IbOERwb0blhiNWvO+8JQhGKUIQiFKEIRShCEYpQhCIUoQhFKEIR6mmhWtXPkmlYUoRdMaNzlfHO2VjiZuw4E4pQhCIUoQhFKEIRilCEIhShCEUoQhGKUG8JtXMblvRiO0laUt61KuODv3yjyDvfl1CEIhShCEUoQhGKUIQiFKEIRShCEYpQhPqSULE92znfc8Vf6xC2GtXYqZtbnLnGLfZfige7PEIRilCEIhShCEUoQhGKUIQiFKEIRShCEeruhiJWGi45KgdH5wpHWl+eO6Kx9nluzO7o8ghFKEIRilCEIhShCEUoQhGKUIQiFKEIRai7hYrVZK3ScO4V5rq8uZFdAuXcU8UuldbtRShCEYpQhCIUoQhFKEIRilCEIhShCEUoQhHqhFBz0zDXqsTaula1FzvtsbZuSWcao6FVZBOKUIQiFKEIRShCEYpQhCIUoQhFKEIRilCEmm+RWm62aqO5kzPXt86t8xILlhz+G+9jQhGKUIQiFKEIRShCEYpQhCIUoQhFKEIR6mmhYke0hc5cixT7u7FObe4hd14MrSGc+19CjCRCEYpQhCIUoQhFKEIRilCEIhShCEUoQhHqcqFa6MwdpNw2jK1Gq+q6oydKvdGSy3sJsoQiFKEIRShCEYpQhCIUoQhFKEIRilCEIhSh4vlNZWddtXNk53bw4O4vKTpjUuys9ghFKEIRilCEIhShCEUoQhGKUIQiFKEIRagvCTX3d3dWbEssaEF5xcLuLLLnLv6WjIQiFKEIRShCEYpQhCIUoQhFKEIRilCEItSHhZorlVpncsuO7niFVqO6pLx7YAdb5R2hCEUoQhGKUIQiFKEIRShCEYpQhCIUoQj1tFCtLZyrfloFTeynYvTvXOdW8zUHx8G1yl0bhCIUoQhFKEIRilCEIhShCEUoQhGKUIQi1MtCPdC4xc5GrFX52ZG5DY1tyo11ZGydCUUoQhGKUIQiFKEIRShCEYpQhCIUoQhFqKeF2rkrrcdYchjmOrW5+rVlUOwya3259T8MQhGKUIQiFKEIRShCEYpQhCIUoQhFKEIR6ktCtbqe2J61DBrc/lSF2lL1a4szx2jt4icUoQhFKEIRilCEIhShCEUoQhGKUIQiFKHuFuqKX57riWJTeHDsDr5CrK2LHe8ld9sVfSuhCEUoQhGKUIQiFKEIRShCEYpQhCIUoQhFqIGm4IpD2Op6lpznWHe5RJnYM8cupCXlHaEIRShCEYpQhCIUoQhFKEIRilCEIhShCEWoAaFarMy9QuzLsXviipMTm6tWzb2EJEIRilCEIhShCEUoQhGKUIQiFKEIRShCEYpQ80LFmq+5+b6xntu5Vq16rjVmO9s6QhGKUIQiFKEIRShCEYpQhCIUoQhFKEIR6ktCXVGjtA5wqxac26OdXe2Siu3G1ahVqIQiFKEIRShCEYpQhCIUoQhFKEIRilCEItTdQsVOe2wo5wyKfblF/84irFX7Ljl0SzQnFKEIRShCEYpQhCIUoQhFKEIRilCEIhSh3hJKRIRQIkIoERFCiYgQSkQIJSJCKBEhlIgIoURECCUihBIRIZSIEEpEhFAiIoQSEUKJiBBKRAglIkIoERFCiQihREQIJSKEEhEhlIgIoURkf/4D9Mj/NV+ZvD8AAAAASUVORK5CYII=', '00020101021226820014br.gov.bcb.pix2560qrpix-h.bradesco.com.br/9d36b84f-c70b-478f-b95c-12729b90ca255204000053039865406100.005802BR5905ASAAS6009JOINVILLE62070503***6304474A', '2024-12-24 23:59:59', NULL, NULL, '2024-12-24 00:59:28', '2024-12-29 01:52:39'),
(51, 35, 1, 'cus_000006415044', 54, '', 'sub_f8e010mxhh891q0z', '331.720.590-30', 'monthly', '100.00', 'CREDIT_CARD', NULL, NULL, 'ACTIVE', '2024-12-24', '2025-01-24', NULL, NULL, NULL, NULL, '4242', 'VISA', '2024-12-24 01:02:15', '2024-12-29 01:58:36');

-- --------------------------------------------------------

--
-- Estrutura da tabela `tb_title_users`
--

CREATE TABLE `tb_title_users` (
  `id` int(11) NOT NULL,
  `title_id` int(11) NOT NULL,
  `user_id` int(11) NOT NULL,
  `group_code` varchar(255) DEFAULT NULL,
  `created_at` datetime NOT NULL
) ENGINE=InnoDB DEFAULT CHARSET=utf8mb4;

-- --------------------------------------------------------

--
-- Estrutura da tabela `tb_users`
--

CREATE TABLE `tb_users` (
  `id` int(11) NOT NULL,
  `status` tinyint(1) NOT NULL DEFAULT 0,
  `username` varchar(255) NOT NULL,
  `firstname` varchar(255) NOT NULL,
  `lastname` varchar(255) NOT NULL,
  `profile_image` varchar(255) DEFAULT 'no-image.svg',
  `phone` varchar(15) NOT NULL,
  `email` varchar(255) NOT NULL,
  `new_email` varchar(255) DEFAULT NULL,
  `active_email` tinyint(1) NOT NULL DEFAULT 0,
  `active_token` varchar(255) DEFAULT NULL,
  `password` varchar(255) NOT NULL,
  `recup_password` varchar(255) DEFAULT NULL,
  `recup_password_expiry` datetime DEFAULT NULL,
  `transaction_password` varchar(255) DEFAULT NULL,
  `whatsapp` varchar(255) NOT NULL,
  `birth_date` date NOT NULL,
  `cpf` varchar(255) NOT NULL,
  `rg` varchar(255) NOT NULL,
  `pix_key_type` varchar(50) DEFAULT NULL,
  `pix_key` varchar(100) DEFAULT NULL,
  `token` varchar(255) NOT NULL,
  `inviter_id` int(11) DEFAULT NULL,
  `2fa` tinyint(1) NOT NULL DEFAULT 0,
  `date_create` timestamp NOT NULL DEFAULT current_timestamp()
) ENGINE=InnoDB DEFAULT CHARSET=utf8mb4;

--
-- Extraindo dados da tabela `tb_users`
--

INSERT INTO `tb_users` (`id`, `status`, `username`, `firstname`, `lastname`, `profile_image`, `phone`, `email`, `new_email`, `active_email`, `active_token`, `password`, `recup_password`, `recup_password_expiry`, `transaction_password`, `whatsapp`, `birth_date`, `cpf`, `rg`, `pix_key_type`, `pix_key`, `token`, `inviter_id`, `2fa`, `date_create`) VALUES
(1, 1, 'admin', 'Admin', '001', 'no-image.svg', '(11) 11111-1111', 'admin@admin.com', NULL, 0, '7fa0869aca60ce6694c3ad25514927cf13e87d895d83e5180b7781a297bf938bbe693c084b2aa7a51059fab058418dc2fe66', '$2y$10$iNylKluLfuDiSM/ABvlyFOoCmPr1ILkN6GNVBG5cBC9eO8Qlw3FwO', NULL, NULL, NULL, '(11) 11111-1111', '2000-01-01', '500.566.200-63', '30.973.100-8', NULL, NULL, '3005000000', NULL, 0, '2024-12-01 18:15:51'),
(2, 1, 'admin002', 'Admin', '002', 'no-image.svg', '(11) 11111-1111', 'admin002@admin.com', NULL, 0, '6555d06b9b22f0160513266739ef76d6322721b9b6a1391575af6974fbaacbcc6eca79746fe893ebdd37a5df97e2c6716eff', '$2y$10$7UhZa9DLh8xSpflIS6XzSeqhNU1fNyUm.uXM0LIWTYLyVaUQ5BltG', NULL, NULL, NULL, '(11) 11111-1111', '2000-01-01', '627.930.350-09', '30.973.100-5', NULL, NULL, '3005000001', NULL, 0, '2024-12-01 18:15:51'),
(3, 1, 'admin003', 'Admin', '003', 'no-image.svg', '(11) 11111-1111', 'admin003@admin.com', NULL, 0, 'cd32a5b6e254498a72077eba11ff00cd9d75ef14f355ac56876bfcb8d5f040575ea74fe27131c11c556edd68a25833566588', '$2y$10$18bWQhpyI6R75PZEttVCpe7hbpWn7lacVXAKWxobEr43HGDU13cdm', NULL, NULL, NULL, '(11) 11111-1111', '2000-01-01', '204.757.840-06', '14.241.231-2', NULL, NULL, '3005000002', NULL, 0, '2024-12-01 18:15:51'),
(4, 1, 'teste000', 'Teste', '000', 'no-image.svg', '(11) 11111-1111', 'teste000@gmail.com', NULL, 0, '6d24c128f43240e504664027eb4cda13f2094161c60d681b9db46cb76755ff0a5a48973287a3256668fb42746d25e50f4420', '$2y$10$61odeQ3/UXx/eOtzs4u6LevqW7yCOphGT81uDaJG0FqX0fDMLfAWC', NULL, NULL, NULL, '(11) 11111-1111', '2000-01-01', '004.494.940-55', '46.345.352-4', 'CPF', '11122233344', '3005000003', NULL, 0, '2024-12-01 18:15:51'),
(5, 1, 'teste001', 'Teste', '001', 'no-image.svg', '', 'teste001@gmail.com', NULL, 1, NULL, '$2y$10$wxpuP4VQn2qh6XxVJRGV9e.cdsV63/18GY2653SRHIsgTC.ePBd7O', NULL, NULL, NULL, '(11) 11111-1111', '2000-01-01', '127.958.360-68', '23.623.534-6', NULL, NULL, '3005000004', 4, 0, '2024-12-01 18:15:51'),
(6, 1, 'teste002', 'Teste', '002', 'no-image.svg', '', 'teste002@gmail.com', NULL, 0, 'd70c5cd1e5f643f6519afa159c995ad506d1069506abbbb7c6e596ab3f6d6a0862e044bdc2f27395d6bbc9a4c5fd329b5ec2', '$2y$10$Dbm1F251JD5bp7AHyx4Wl.NdZb8cROZioRZXSnicoKiSaZJXN40G.', NULL, NULL, NULL, '(11) 11111-1111', '2000-01-01', '210.887.470-43', '34.674.537-5', NULL, NULL, '3005000005', 4, 0, '2024-12-01 18:15:52'),
(7, 0, '003', 'User', '3', 'no-image.svg', '', 'usuario003@rendacap.com.br', NULL, 0, 'c2a871d1459ea4ea17efb3fc574f90645d4dbe6f54c3d91fb4ca7c555b545b41ae9237dcdd94afbfe65e652d90c914e48e37', '$2y$10$CfU1P01i7X9s57.OzvKeC.XiWZw7pY8asp1n/2Y1boxqZBlpqTEBy', NULL, NULL, NULL, '(11) 11111-1111', '1990-01-01', '000.000.000-00', '', NULL, NULL, '3005000006', 4, 0, '2024-12-01 18:15:52'),
(8, 0, '004', 'User', '4', 'no-image.svg', '', 'usuario004@rendacap.com.br', NULL, 0, '477759ede4632830403641a1923283ffbfdae181b215a6f19d40b58ae6134694abba182e9314bc0840c6987c5d8ac49c18f3', '$2y$10$hxSchS6Hikz2oU4OBhTLteaJ2NSVVHuWHgvSmwzWPOpaB/MibdfJa', NULL, NULL, NULL, '(11) 11111-1111', '1990-01-01', '000.000.000-00', '', NULL, NULL, '3005000007', 4, 0, '2024-12-01 18:15:52'),
(9, 0, '005', 'User', '5', 'no-image.svg', '', 'usuario005@rendacap.com.br', NULL, 0, 'ba25cbeb30bf01a2e32dc3b3583db9f06eb67393965cc32d2f5ffc25423a6e6cd8f1fc3aa53d082b26a8e807c6b35647195a', '$2y$10$y3.dCkn29aSC0CvCa8NHtOTaOMaV037A9/wjsTo44C4cpCAK3zdem', NULL, NULL, NULL, '(11) 11111-1111', '1990-01-01', '000.000.000-00', '', NULL, NULL, '3005000008', 4, 0, '2024-12-01 18:15:52'),
(10, 1, 'teste006', 'Teste', '006', 'no-image.svg', '(11) 11111-1111', 'teste006@gmail.com', NULL, 0, '085e224127c2db592f81f8b29e7b1c244e1b18bf111a9f4f175bf55d79f8d26b45adcd3be747cb90ef3a9668659af133c10f', '$2y$10$CT0lHICiTF.UDRfnFXt86uzhO4rJSRaw6LGOJ1da0E2Yr4GCjdjc2', NULL, NULL, NULL, '(11) 11111-1111', '2000-01-01', '854.501.930-09', '56.484.516-1', NULL, NULL, '3005000009', 5, 0, '2024-12-01 18:15:52'),
(11, 0, '007', 'User', '7', 'no-image.svg', '', 'usuario007@rendacap.com.br', NULL, 0, 'e6abfeea027ebd78f38e1dcc8ac758af69cf343a1f57551b17c1adf0b3ae9f412d486c2c214df025aaf5f051f066372e859f', '$2y$10$28n9fCTF1.mlN3hjKRVDFOs8.mgSwPGTZwVXVap3urvHcqD7N838i', NULL, NULL, NULL, '(11) 11111-1111', '1990-01-01', '000.000.000-00', '', NULL, NULL, '3005000010', 5, 0, '2024-12-01 18:15:52'),
(12, 0, '008', 'User', '8', 'no-image.svg', '', 'usuario008@rendacap.com.br', NULL, 0, '5abd5386a227e80257298b1334ada94d94d9c9ebe183063ef5c79a47126a4bf967c12987d97f466de9c11597a0b8537f00c1', '$2y$10$heHyodMxJShgAPLCvmGbgu8Jw0fbEyagD0sPqF9z3TlcMOR0FVYa6', NULL, NULL, NULL, '(11) 11111-1111', '1990-01-01', '000.000.000-00', '', NULL, NULL, '3005000011', 5, 0, '2024-12-01 18:15:52'),
(13, 0, '009', 'User', '9', 'no-image.svg', '', 'usuario009@rendacap.com.br', NULL, 0, '432e2f5119aa882b4e8c3f879e7b18baec9093dff984d4144253fa94d57575c81e66d12dd9f57868e276224175646f0140a1', '$2y$10$LQB60xb2Q87QFfBBP97S/.G1UKRNDIHDzm8uzGYT1PdreEZmdNVqe', NULL, NULL, NULL, '(11) 11111-1111', '1990-01-01', '000.000.000-00', '', NULL, NULL, '3005000012', 5, 0, '2024-12-01 18:15:52'),
(14, 0, '010', 'User', '10', 'no-image.svg', '', 'usuario010@rendacap.com.br', NULL, 0, '75eed6282931675c72ae8275ef125718818258e22404d46e391573890850d721a26b8ca12ee54618a9d772f9e834a3b55a44', '$2y$10$Tc13VuwjVmHaEGkn3c07m..G8RVnD3vOmgs88OUgp1NjZ//njCe1m', NULL, NULL, NULL, '(11) 11111-1111', '1990-01-01', '000.000.000-00', '', NULL, NULL, '3005000013', 5, 0, '2024-12-01 18:15:52'),
(15, 0, '011', 'User', '11', 'no-image.svg', '', 'usuario011@rendacap.com.br', NULL, 0, '2183a4ce3fe01f2e50d1a7e5dfadf2036f182f9128ea47057cd1bd020742e9460661a48f7c2469911f9fd575f564fe2ab0fc', '$2y$10$u4xVGcLIBGWhO6Kp114VGOPfD9zj4lXSpDtjDPzSIDKZsa95SL7Sy', NULL, NULL, NULL, '(11) 11111-1111', '1990-01-01', '000.000.000-00', '', NULL, NULL, '3005000014', 6, 0, '2024-12-01 18:15:52'),
(16, 0, '012', 'User', '12', 'no-image.svg', '', 'usuario012@rendacap.com.br', NULL, 0, 'c04828fb25281c882b8385414a1f1f3d285ce77c5539f3ae461fe06ab9ec342a3d839090f12d9cc90af674c24bb7ceffc08c', '$2y$10$BYhV5J1gzusvpRwa.qJ.R.f6N//XKWP4NRA7ubGkD3s5ypu.iK2TS', NULL, NULL, NULL, '(11) 11111-1111', '1990-01-01', '000.000.000-00', '', NULL, NULL, '3005000015', 6, 0, '2024-12-01 18:15:52'),
(17, 0, '013', 'User', '13', 'no-image.svg', '', 'usuario013@rendacap.com.br', NULL, 0, 'bd06864466a36a8028d0237e21c8187a8b88f4446ecfefabad0857b61188f5dd1279731d76e308a626062b7aa84169c86195', '$2y$10$SK8S4vy7Mamfcfpaiv.ywun4R3ElutPtBtXLcWoEmeIbIOC5MgHem', NULL, NULL, NULL, '(11) 11111-1111', '1990-01-01', '000.000.000-00', '', NULL, NULL, '3005000016', 6, 0, '2024-12-01 18:15:53'),
(18, 0, '014', 'User', '14', 'no-image.svg', '', 'usuario014@rendacap.com.br', NULL, 0, 'a86ef6cc82e8f368e56ab0dd9c33c3e894fdbe9dca9f049f3c30fbc33cbda2a97c97d8e6f047b4de2d6593b5afd340bf0a79', '$2y$10$G1/3SQxrSgbOaZ9pJj1ABeBhPrZ7Iyf4ePDYMrmf.oAd7bCdumbnK', NULL, NULL, NULL, '(11) 11111-1111', '1990-01-01', '000.000.000-00', '', NULL, NULL, '3005000017', 6, 0, '2024-12-01 18:15:53'),
(19, 0, '015', 'User', '15', 'no-image.svg', '', 'usuario015@rendacap.com.br', NULL, 0, '075962d4577f7f6ef104e6226fc5aed1865b8bd76920c8af269958769b62cfa4c956572dc13fde6a42767e22747399e78f0b', '$2y$10$35onw4F.OolmWDO2ry6LsuKaHn/nGGGvd7v.myr1BNMKnm26mZWIa', NULL, NULL, NULL, '(11) 11111-1111', '1990-01-01', '000.000.000-00', '', NULL, NULL, '3005000018', 6, 0, '2024-12-01 18:15:53'),
(20, 0, '016', 'User', '16', 'no-image.svg', '', 'usuario016@rendacap.com.br', NULL, 0, '46e2d63d47bd53dc2b0b3e042b677c2c000a5776a08fbf161547f769b815b85553bbb2d6e901b78a7790538bdd40d31c70fa', '$2y$10$nfEW77diaq0YPJieFBf/eudVTCZLmxYHd94wJxp/V6oz0mE5aa/Cm', NULL, NULL, NULL, '(11) 11111-1111', '1990-01-01', '000.000.000-00', '', NULL, NULL, '3005000019', 7, 0, '2024-12-01 18:15:53'),
(21, 0, '017', 'User', '17', 'no-image.svg', '', 'usuario017@rendacap.com.br', NULL, 0, '4ec162f1d26402e454980c056dacc3017039bcde8dc8ba0bbb46ecb7a3fc6af7da29a4b75267125d60f33f536245b9138288', '$2y$10$BzEAbK8gRF.OHwhFqtDxgOCd/bPlYnUGNUOhmoqEk7ujjgOJiaS3G', NULL, NULL, NULL, '(11) 11111-1111', '1990-01-01', '000.000.000-00', '', NULL, NULL, '3005000020', 7, 0, '2024-12-01 18:15:53'),
(22, 0, '018', 'User', '18', 'no-image.svg', '', 'usuario018@rendacap.com.br', NULL, 0, '3dc3018b3b1d4ff50035e7afd2092316c79ac7628129f25995ce4117026fb8e4570ff4c29440f2c04c3629c134413032fb00', '$2y$10$aYTVSG9YMhNSUQQFs6kKe.7O0s2Xm9xd/0bYSYKd.nzVzdcGeAGeS', NULL, NULL, NULL, '(11) 11111-1111', '1990-01-01', '000.000.000-00', '', NULL, NULL, '3005000021', 7, 0, '2024-12-01 18:15:53'),
(23, 0, '019', 'User', '19', 'no-image.svg', '', 'usuario019@rendacap.com.br', NULL, 0, '6d2d2e28fd6a3f78b96f3111a3520e57aa8f778b861caf430712748d60bad379bce9cd1c84750c83dbe29d6832ac073bece5', '$2y$10$Ce7OoNw/XXsbW7Bj1NX5cOomcq7nno97w01.P5weE1MZIw65fSxrq', NULL, NULL, NULL, '(11) 11111-1111', '1990-01-01', '000.000.000-00', '', NULL, NULL, '3005000022', 7, 0, '2024-12-01 18:15:53'),
(24, 0, '020', 'User', '20', 'no-image.svg', '', 'usuario020@rendacap.com.br', NULL, 0, 'd876de96723fe71e7f42d1a98611528e9c80d2572d7a8827f230458ce36823fd03494a45afd2e2eb5eff6fa164ee7fb0c223', '$2y$10$JXSF8K9hHOjrmfHEDe0Dyudiyi8bgN1OEWuYStlYRoAqO1LD9oNXy', NULL, NULL, NULL, '(11) 11111-1111', '1990-01-01', '000.000.000-00', '', NULL, NULL, '3005000023', 7, 0, '2024-12-01 18:15:53'),
(25, 0, '021', 'User', '21', 'no-image.svg', '', 'usuario021@rendacap.com.br', NULL, 0, 'cd30b288e781539ba6ba5f7ed25bdebd469c7f1e97639cdd9375162ae5bae9021dcd8e3cdaf136530062aaefa3d765ab20be', '$2y$10$thSdNUW8oQf0iqPOGm0EDu7znXfwW5YCyzQl.dCKzW8Aq0RNiuA3m', NULL, NULL, NULL, '(11) 11111-1111', '1990-01-01', '000.000.000-00', '', NULL, NULL, '3005000024', 8, 0, '2024-12-01 18:15:53'),
(26, 0, '022', 'User', '22', 'no-image.svg', '', 'usuario022@rendacap.com.br', NULL, 0, 'd3db6d43ae157f0a1edb22c59bb13a1dd8fd27841777d3ebfe0c84b78e8276aefa8d13e0f813676ddddad3bb94e61a290734', '$2y$10$r.9JroTLno28uAZeKkzMluScE7QI4EPJar63EqHEEC4wb6L4A5eSq', NULL, NULL, NULL, '(11) 11111-1111', '1990-01-01', '000.000.000-00', '', NULL, NULL, '3005000025', 8, 0, '2024-12-01 18:15:53'),
(27, 0, '023', 'User', '23', 'no-image.svg', '', 'usuario023@rendacap.com.br', NULL, 0, 'dea3a01eae1e1bcd0110a56880695218e02454cc481b84f15dcf3f94bd5c77ffff46dd72bcb35dca2b18f804970019da2670', '$2y$10$sZAmxrwtKgAg/TfsLz0Vz.U1N5QVoYg4iPqu1HiHhfTP6Esk0GyTW', NULL, NULL, NULL, '(11) 11111-1111', '1990-01-01', '000.000.000-00', '', NULL, NULL, '3005000026', 8, 0, '2024-12-01 18:15:53'),
(28, 0, '024', 'User', '24', 'no-image.svg', '', 'usuario024@rendacap.com.br', NULL, 0, '26ac57b9b9ead6f021980e573d50c2a563850ac0f7903226c87eda578b11bfbd0218bb718065e3c6462c49a5824a1c0bb97d', '$2y$10$tgb3UBRtqSicLxhIixHDROgeumX0L91VevyyUX/70DNWU8cNNXoC6', NULL, NULL, NULL, '(11) 11111-1111', '1990-01-01', '000.000.000-00', '', NULL, NULL, '3005000027', 8, 0, '2024-12-01 18:15:53'),
(29, 0, '025', 'User', '25', 'no-image.svg', '', 'usuario025@rendacap.com.br', NULL, 0, 'a166e1d3df53e074cb9af2e6b65c5a0f4234f6494e7a5168a4691e33a38589fad28d68ec85a46ef61357de4d55ab781669bc', '$2y$10$O4Cg7CJkGVfxgC9l.I.KeejVtdYwI7LAxbUS9quv2PdGJe6mF7voC', NULL, NULL, NULL, '(11) 11111-1111', '1990-01-01', '000.000.000-00', '', NULL, NULL, '3005000028', 8, 0, '2024-12-01 18:15:53'),
(30, 0, '026', 'User', '26', 'no-image.svg', '', 'usuario026@rendacap.com.br', NULL, 0, '8a88ed7f2233ee5d0bf6a3ec4417dd1cf207f53cdac0f0f0606ece7ff3973ac076af496d9bf9409331d8589d343bc0cc9bee', '$2y$10$yTmooArwRasLC36Dk6jh/Oif4tV7AZBWfpAM/XSv5qOo.DKaQDySS', NULL, NULL, NULL, '(11) 11111-1111', '1990-01-01', '000.000.000-00', '', NULL, NULL, '3005000029', 9, 0, '2024-12-01 18:15:53'),
(31, 0, '027', 'User', '27', 'no-image.svg', '', 'usuario027@rendacap.com.br', NULL, 0, 'e36f8b42ad33bda222048cba0ad0da819c8a6f4d3872f299bea39b16e46b8a6e1e843dba9c4df42d5fd43207ceda4057c763', '$2y$10$ByqlW1cH8P7I36IbcG4Fk.TqXqfP.L3p6hmkGarIBCbMiyq7yC/2q', NULL, NULL, NULL, '(11) 11111-1111', '1990-01-01', '000.000.000-00', '', NULL, NULL, '3005000030', 9, 0, '2024-12-01 18:15:53'),
(32, 0, '028', 'User', '28', 'no-image.svg', '', 'usuario028@rendacap.com.br', NULL, 0, 'a10a52979564f3e0fe1ee4b5ef247aaf3a27d52aab322b45c9d62633ff8c137d1b689bbe24f4fd643cae0438a8ac361dfcf0', '$2y$10$QuTFztdQHoWgfQlDalR9xOupw72UaPW1KMfQMFrQO9z8bhDMKe/ZW', NULL, NULL, NULL, '(11) 11111-1111', '1990-01-01', '000.000.000-00', '', NULL, NULL, '3005000031', 9, 0, '2024-12-01 18:15:53'),
(33, 0, '029', 'User', '29', 'no-image.svg', '', 'usuario029@rendacap.com.br', NULL, 0, '76dc9dc87fd5ef27640dff03e9a475cb796485ab54e6b0c308ea3b718aa4711fafa5a56ef0a62de6c293126cfb39a54652f1', '$2y$10$fwLYoSNJdwewPR48nI5wKudYHOxByfL3tKGc/Ardd5q1NNCKvVI0.', NULL, NULL, NULL, '(11) 11111-1111', '1990-01-01', '000.000.000-00', '', NULL, NULL, '3005000032', 9, 0, '2024-12-01 18:15:54'),
(34, 0, '030', 'User', '30', 'no-image.svg', '', 'usuario030@rendacap.com.br', NULL, 0, '2c6f08cd760bcab663017025073dc9e6d23f4090819121beddf6c1e8db6509b868c0ed51951fa3ea0882372090d76ef3eabb', '$2y$10$LGW2v1muhu7WwTRpHK.9lu51meB3DDPoaFafSSp0BhETyg79/jBXS', NULL, NULL, NULL, '(11) 11111-1111', '1990-01-01', '000.000.000-00', '', NULL, NULL, '3005000033', 9, 0, '2024-12-01 18:15:54'),
(35, 1, 'teste031', 'Teste', '031', 'no-image.svg', '(11) 11111-1111', 'teste031@gmail.com', NULL, 0, '1bd85921b226bad1e3f105e89bb9fed3e85bebaa51f1e5174eed8db154d79c4eb46488ef305b6692bffa420a911f47ef098e', '$2y$10$5NapkKIJw.Db6tnbz6O7p.vJhax0sWszqGRbvoIEkbnuEliC/qOAW', NULL, NULL, NULL, '(11) 11111-1111', '2000-01-01', '331.720.590-30', '46.344.326-2', NULL, NULL, '3005000034', 10, 0, '2024-12-01 18:15:54'),
(36, 1, 'testecadastro001', 'Teste Cadastro', '001', 'no-image.svg', '(11) 11111-1111', 'testecadastro001@gmail.com', NULL, 0, '81e2c94fb50409ffd9b8d8d1856a5405a5c689970d2e5559c145d4218ac20db96afd1e41be465b57078e84e4c2dd6c645184', '$2y$10$Xgn3PsAzqhUioNx/buog5.z0iQkXlicb/mMh8MjduFDyXMEQjwb4i', NULL, NULL, NULL, '(11) 11111-1111', '2000-01-01', '466.695.540-28', '43.627.452-3', NULL, NULL, '3005000036', NULL, 0, '2024-12-03 12:19:10');

-- --------------------------------------------------------

--
-- Estrutura da tabela `tb_user_documents`
--

CREATE TABLE `tb_user_documents` (
  `id` int(11) NOT NULL,
  `user_id` int(11) NOT NULL,
  `document_type` varchar(255) NOT NULL,
  `file_name` varchar(255) NOT NULL,
  `mime_type` varchar(50) DEFAULT NULL,
  `uploaded_at` timestamp NOT NULL DEFAULT current_timestamp()
) ENGINE=InnoDB DEFAULT CHARSET=utf8mb4;

-- --------------------------------------------------------

--
-- Estrutura da tabela `tb_user_networks`
--

CREATE TABLE `tb_user_networks` (
  `id` int(11) NOT NULL,
  `network_id` int(11) NOT NULL,
  `user_id` int(11) NOT NULL
) ENGINE=InnoDB DEFAULT CHARSET=utf8mb4;

--
-- Extraindo dados da tabela `tb_user_networks`
--

INSERT INTO `tb_user_networks` (`id`, `network_id`, `user_id`) VALUES
(1, 1, 5),
(2, 2, 6),
(3, 3, 7),
(4, 4, 8),
(5, 5, 9),
(6, 6, 10),
(7, 7, 11),
(8, 8, 12),
(9, 9, 13),
(10, 10, 14),
(11, 11, 15),
(12, 12, 16),
(13, 13, 17),
(14, 14, 18),
(15, 15, 19),
(16, 16, 20),
(17, 17, 21),
(18, 18, 22),
(19, 19, 23),
(20, 20, 24),
(21, 21, 25),
(22, 22, 26),
(23, 23, 27),
(24, 24, 28),
(25, 25, 29),
(26, 26, 30),
(27, 27, 31),
(28, 28, 32),
(29, 29, 33),
(30, 30, 34),
(31, 31, 35);

-- --------------------------------------------------------

--
-- Estrutura da tabela `tb_user_roles`
--

CREATE TABLE `tb_user_roles` (
  `user_id` int(11) NOT NULL,
  `role_id` int(11) NOT NULL
) ENGINE=InnoDB DEFAULT CHARSET=utf8mb4;

--
-- Extraindo dados da tabela `tb_user_roles`
--

INSERT INTO `tb_user_roles` (`user_id`, `role_id`) VALUES
(1, 1),
(2, 1),
(3, 1),
(4, 3),
(5, 3),
(6, 3),
(7, 3),
(8, 3),
(9, 3),
(10, 3),
(11, 3),
(12, 3),
(13, 3),
(14, 3),
(15, 3),
(16, 3),
(17, 3),
(18, 3),
(19, 3),
(20, 3),
(21, 3),
(22, 3),
(23, 3),
(24, 3),
(25, 3),
(26, 3),
(27, 3),
(28, 3),
(29, 3),
(30, 3),
(31, 3),
(32, 3),
(33, 3),
(34, 3),
(35, 3),
(36, 3);

-- --------------------------------------------------------

--
-- Estrutura da tabela `tb_vouchers`
--

CREATE TABLE `tb_vouchers` (
  `id` int(11) NOT NULL,
  `name` enum('diamante','ouro','prata') NOT NULL,
  `slug` varchar(255) NOT NULL,
  `price` decimal(10,2) NOT NULL,
  `created_at` timestamp NOT NULL DEFAULT current_timestamp(),
  `updated_at` timestamp NOT NULL DEFAULT current_timestamp() ON UPDATE current_timestamp()
) ENGINE=InnoDB DEFAULT CHARSET=utf8mb4;

--
-- Extraindo dados da tabela `tb_vouchers`
--

INSERT INTO `tb_vouchers` (`id`, `name`, `slug`, `price`, `created_at`, `updated_at`) VALUES
(1, 'diamante', 'diamond', '200.00', '2024-12-05 14:15:44', '2024-12-05 22:02:08'),
(2, 'ouro', 'gold', '100.00', '2024-12-05 14:15:45', '2024-12-05 22:02:10'),
(3, 'prata', 'silver', '50.00', '2024-12-05 14:15:45', '2024-12-05 22:02:14');

-- --------------------------------------------------------

--
-- Estrutura da tabela `tb_voucher_orders`
--

CREATE TABLE `tb_voucher_orders` (
  `id` int(11) NOT NULL,
  `user_id` int(11) NOT NULL,
  `customer_id` varchar(50) DEFAULT NULL,
  `cpf` varchar(14) NOT NULL,
  `voucher_id` int(11) NOT NULL,
  `payment_method` enum('credit','pix','card') NOT NULL,
  `status` enum('pending','completed','failed','refunded') DEFAULT 'pending',
  `used` tinyint(1) NOT NULL DEFAULT 0,
  `price` decimal(10,2) NOT NULL,
  `payment_id` varchar(255) DEFAULT NULL,
  `link_pagamento` varchar(255) DEFAULT NULL,
  `payment_date` timestamp NULL DEFAULT NULL,
  `pix_encoded_image` text DEFAULT NULL,
  `pix_code` text DEFAULT NULL,
  `pix_expiration_date` timestamp NULL DEFAULT NULL,
  `card_last_digits` char(4) DEFAULT NULL,
  `card_brand` varchar(50) DEFAULT NULL,
  `created_at` timestamp NOT NULL DEFAULT current_timestamp(),
  `updated_at` timestamp NOT NULL DEFAULT current_timestamp() ON UPDATE current_timestamp()
) ENGINE=InnoDB DEFAULT CHARSET=utf8mb4;

--
-- Extraindo dados da tabela `tb_voucher_orders`
--

INSERT INTO `tb_voucher_orders` (`id`, `user_id`, `customer_id`, `cpf`, `voucher_id`, `payment_method`, `status`, `used`, `price`, `payment_id`, `link_pagamento`, `payment_date`, `pix_encoded_image`, `pix_code`, `pix_expiration_date`, `card_last_digits`, `card_brand`, `created_at`, `updated_at`) VALUES
(1, 6, 'cus_000006382413', '564.090.260-48', 1, 'pix', 'pending', 0, '200.00', NULL, NULL, NULL, NULL, NULL, NULL, NULL, NULL, '2024-12-05 22:09:19', '2024-12-05 22:09:19'),
(2, 6, 'cus_000006382413', '564.090.260-48', 1, 'pix', 'pending', 0, '200.00', 'pay_j03saik1owiaf9pv', NULL, '2024-12-05 22:10:16', 'iVBORw0KGgoAAAANSUhEUgAAAYsAAAGLCAIAAAC5gincAAAOXklEQVR42u3aUY4rNxADQN//0skNAgSrZlOa4u9s7LHUKj2A+f0jItKanyUQEUKJiBBKRAglIkIoESGUiAihREQIJSKEEhEhlIgQSkSEUCIihBIRQomIEEpECCUiQigREUKJCKFERAglIoQSESGUiAihRIRQIiLlQv1S+e/v/ctb/a9P/stqbH3U1ktubejcD/zLqJTMc+yEEopQhCIUoQhFKEIRilCEIhShCEUoQhGKUB8WKvbJc8rEhiPXjFS+89ZbzUlRcnBKTiihCEUoQhGKUIQiFKEIRShCEYpQhCIUoQhFqIHjffCT57ahpBkp+aiDv3eOs5KStKSO3Fo6QhGKUIQiFKEIRShCEYpQhCIUoQhFKEIRilADv/8K+0qKv63eM7b7c997xSVKKEIRilCEIhShCEUoQhGKUIQiFKEIRShCEYpQf36rmBSxnii2Vlv7e/AHxras5CmhCEUoQhGKUIQiFKEIRShCEYpQhCIUoQhFqO0maG6wYm3O1hdt/YS5au+gQXNvdfCdY7twx9knFKEIRShCEYpQhCIUoQhFKEIRilCEIhSh7hYqtt+eeuppuI2N1dyE8tRTQhGKUJ56SihCeeqpp4QilKeeEuo2obYyx9nBFmmrcCyZwtiVE+s9Dw7DVrV3x+kmFKEIRShCEYpQhCIUoQhFKEIRilCEIhShnhJqq60rmf45sB7IQSkOnue5P56bydhqPNjlEYpQhCIUoQhFKEIRilCEIhShCEUoQhGKUAsGba1drETb+uTYHs31UyU/YQudkncuqRQJRShCEYpQhCIUoQhFKEIRilCEIhShCEWoy7u8zk2aG7tYlTlnwdbSzc33wbfaaidjF9Lc8BOKUIQiFKEIRShCEYpQhCIUoQhFKEIRilBfEmqu24oVjp0Ez43d3Ermup6lkxO7RUq6aUIRilCEIhShCEUoQhGKUIQiFKEIRShCEYpQ8b7mxhplDqytLi+GbAmjW3dMybEqpZ9QhCIUoQhFKEIRilCEIhShCEUoQhGKUIS6TKiSMitWwWwdhli1N7ewMQpL7phYa/ZeZ0ooQhGKUIQiFKEIRShCEYpQhCIUoQhFKEJ9qcu7sSabK2g6r41YYgsb+96S0jB2lxOKUIQiFKEIRShCEYpQhCIUoQhFKEIRilAfFupguTNXwMU4i23/FdM/t1adVddWdxlbHEIRilCEIhShCEUoQhGKUIQiFKEIRShCEYpQ24cw1lBsFUNbFdvchm41fVtv1dnHdV4bhCIUoQhFKEIRilCEIhShCEUoQhGKUIQi1FtCxcZ9q4M4OO4lbl5R/M398dZcbf382B1DKEIRilCEIhShCEUoQhGKUIQiFKEIRShCEaqsNykBq6SgOdiazX3U1i5c0fNewQqhCEUoQhGKUIQiFKEIRShCEYpQhCIUoQhFqPmRndvRLUe2ir+tPdq6zGJ1c8kOzm1ZTDdCEYpQhCIUoQhFKEIRilCEIhShCEUoQhHqLaHmDvAWWO/1U51NbsnUxVrvkjpyznpCEYpQhCIUoQhFKEIRilCEIhShCEUoQhHqaaG2jvcVXU/JUMZO7JwysU/e0vzGlRzUnFCEIhShCEUoQhGKUIQiFKEIRShCEYpQhLpbqFi5E2soSg5SbNnnGL2RldhqlJRoJSEUoQhFKEIRilCEIhShCEUoQhGKUIQiFKFuE6qkGoiVhrGnc5zF+J7rarfAmrtTY2X03JYRilCEIhShCEUoQhGKUIQiFKEIRShCEYpQHxbqioEuOSqxtdryOnY/zd0xJZfKVrVXUhoSilCEIhShCEUoQhGKUIQiFKEIRShCEYpQbwk1d2K3JjhWdMbOxm8sMaFiRVjsNWLTXlKSEopQhCIUoQhFKEIRilCEIhShCEUoQhGKUF8SaoukOWVihyG2KbEmaG5htyrUWA0ac2RtYglFKEIRilCEIhShCEUoQhGKUIQiFKEIRai7hYrVN3N1RkmpFHuruaMSq6tKLoaDX7TV5c0BTShCEYpQhCIUoQhFKEIRilCEIhShCEUoQn1JqK0TG1voLYNiSxej4SCUW7MRG+CSiu2FLo9QhCIUoQhFKEIRilCEIhShCEUoQhGKUIQaEWrreM8xGvtvr8A9tvtbms+VaFvvXPJFhCIUoQhFKEIRilCEIhShCEUoQhGKUIQi1JeEmqtvYhOcayhSJ+cKsEpugoOnfasFLjmwhCIUoQhFKEIRilCEIhShCEUoQhGKUIQi1IeF6qTh4HmeG7tYLxajYeswHNyFkqnrbFRjx5lQhCIUoQhFKEIRilCEIhShCEUoQhGKUIS6TaiDQznXMcWEio3dXBP0SyU37qnTvnWsOs8RoQhFKEIRilCEIhShCEUoQhGKUIQiFKEIRaj5nii2DQeVKemY5lSda4I6K6e5iS05R3PfSyhCEYpQhCIUoQhFKEIRilCEIhShCEUoQr0l1NzKllQ/sQLu4GpsjWxs+rdWsrMIK5kcQhGKUIQiFKEIRShCEYpQhCIUoQhFKEIRilADs1Ii49xAzw1HyU0QW5zOsjI27bFPzrXPhCIUoQhFKEIRilCEIhShCEUoQhGKUIQi1GVCzcFRcrznxu69MqtT5K1bc87crV2IgUUoQhGKUIQiFKEIRShCEYpQhCIUoQhFKELdJlSnIzEo17awcs62VI21z52d6dY/OAhFKEIRilCEIhShCEUoQhGKUIQiFKEIRShCzTdQBy14oIE6aEFuzpbayTl0YuN90JGtjyIUoQhFKEIRilCEIhShCEUoQhGKUIQiFKG+JFTnmdw6zwensBOOre4yRuHWSh7c/ZJjRShCEYpQhCIUoQhFKEIRilCEIhShCEUoQn1JqLn5jjUyWz1gLHO3yNwezQ1h50xudWoldwyhCEUoQhGKUIQiFKEIRShCEYpQhCIUoQh1uVA3NlBzf3zw528dpJgFnWdyrhaM2Rcb7yv/bwNCEYpQhCIUoQhFKEIRilCEIhShCEUoQhEq0eUddCTWbV1hQUmLtHWQthx5bxiuqPYIRShCEYpQhCIUoQhFKEIRilCEIhShCEWoy4UqWY7Y8T447rEGaqv3LBmVkha4ZPhj3TShCEUoQhGKUIQiFKEIRShCEYpQhCIUoQj1tFBzP2muvLuiRIv1U1sFXKd9sfGOveSNYBGKUIQiFKEIRShCEYpQhCIUoQhFKEIRilC3CbW1wVc0UHOnPabb3IY+QEPsupq76WM/n1CEIhShCEUoQhGKUIQiFKEIRShCEYpQhHpaqIMHKVbelbR1V1hw0L6tPYppfnAYYvVrrCInFKEIRShCEYpQhCIUoQhFKEIRilCEIhShPixUbLAOnquSei62GrGboKS67ZyNEjdjx5lQhCIUoQhFKEIRilCEIhShCEUoQhGKUIR6S6jObejsxWL0vz/BqdmItVcxkTt/L6EIRShCEYpQhCIUoQhFKEIRilCEIhShCPUloWJ7VjLfJU8PYlfSmsVO3VzfOndPxP5J8WCXRyhCEYpQhCIUoQhFKEIRilCEIhShCEUoQt3dUJSUWbGjcnB0Yp8cO8AH/3juiG6VwgeH4Y4uj1CEIhShCEUoQhGKUIQiFKEIRShCEYpQhLpbqINrF3NkqzWLvdXWWpUUrHMfFbtUDn4RoQhFKEIRilCEIhShCEUoQhGKUIQiFKEIRagBoeamYe5sxNq6zgLuivr1imYz1gLHimxCEYpQhCIUoQhFKEIRilCEIhShCEUoQhGKUAPrnusROo73Vg8YOwyxsrJku2OcxRaHUIQiFKEIRShCEYpQhCIUoQhFKEIRilCEItT2EZ17jYNvNVftxbCb27KSYnfrYiip9uaQJRShCEUoQhGKUIQiFKEIRShCEYpQhCIUob4k1BY6sRN7RWkYq/ZK6I9VbFtN7tbwb9WvhCIUoQhFKEIRilCEIhShCEUoQhGKUIQiFKHmK6eSdjJWV3WObMnFcNDNG7vpK6o9QhGKUIQiFKEIRShCEYpQhCIUoQhFKEIR6nKhYlMYI2mun+q0L2bQVqUYG8JYWRlb9he6PEIRilCEIhShCEUoQhGKUIQiFKEIRShCEWq/y5srlbYqiYP7vbULse6yMw9UxjGCY/tLKEIRilCEIhShCEUoQhGKUIQiFKEIRShCvSXU1hbGxu69j9qiv2TLtpqvWLN5sBUlFKEIRShCEYpQhCIUoQhFKEIRilCEIhShCLW9siV1VWxWtvqaWLbaqxsP8Nb1/H6XRyhCEYpQhCIUoQhFKEIRilCEIhShCEUoQl2Wg+VOCdAxdLYqxU6Dti6z2B9v/QuDUIQiFKEIRShCEYpQhCIUoQhFKEIRilCE+pJQW13PXMswd7wPjvucqlvv3Ln7VyzOVjc9ePETilCEIhShCEUoQhGKUIQiFKEIRShCEYpQdwtVUpPFfkKsrjrY9Ryc763u8uMVamffSihCEYpQhCIUoQhFKEIRilCEIhShCEUoQhFqoCko2aS5Gd1qgg6e55LDv/VFseGfu5BKyjtCEYpQhCIUoQhFKEIRilCEIhShCEUoQhGKUGUH+MZ6rgTKGBy5ozJWZZasRglJhCIUoQhFKEIRilCEIhShCEUoQhGKUIQiFKHmu7xY81XydKvrOfjOW0MYE3lrzDpJIhShCEUoQhGKUIQiFKEIRShCEYpQhCIUoZ4WqqRG6TzAW7Xg3B5t3UBXVGw3rsZahUooQhGKUIQiFKEIRShCEYpQhCIUoQhFKELdLVTstMeGcq7rib3GHP1zN0HsBpqr2Eouhq3tJhShCEUoQhGKUIQiFKEIRShCEYpQhCIUob4klIgIoUSEUCIihBIRIZSIEEpEhFAiQigREUKJiBBKRAglIkIoESGUiAihREQIJSKEEhEhlIgQSkSEUCIihBIRQomIEEpECCUiQigREUKJSH/+BcxhPuj8389RAAAAAElFTkSuQmCC', '00020101021226820014br.gov.bcb.pix2560qrpix-h.bradesco.com.br/9d36b84f-c70b-478f-b95c-12729b90ca255204000053039865406200.005802BR5905ASAAS6009JOINVILLE62070503***630490C7', '2024-12-06 02:59:59', NULL, NULL, '2024-12-05 22:10:16', '2024-12-05 22:10:17'),
(3, 6, 'cus_000006382413', '564.090.260-48', 1, 'pix', 'pending', 0, '200.00', 'pay_oa642gx101s1j76v', NULL, '2024-12-05 22:10:33', 'iVBORw0KGgoAAAANSUhEUgAAAYsAAAGLCAIAAAC5gincAAAOXklEQVR42u3aUY4rNxADQN//0skNAgSrZlOa4u9s7LHUKj2A+f0jItKanyUQEUKJiBBKRAglIkIoESGUiAihREQIJSKEEhEhlIgQSkSEUCIihBIRQomIEEpECCUiQigREUKJCKFERAglIoQSESGUiAihRIRQIiLlQv1S+e/v/ctb/a9P/stqbH3U1ktubejcD/zLqJTMc+yEEopQhCIUoQhFKEIRilCEIhShCEUoQhGKUB8WKvbJc8rEhiPXjFS+89ZbzUlRcnBKTiihCEUoQhGKUIQiFKEIRShCEYpQhCIUoQhFqIHjffCT57ahpBkp+aiDv3eOs5KStKSO3Fo6QhGKUIQiFKEIRShCEYpQhCIUoQhFKEIRilADv/8K+0qKv63eM7b7c997xSVKKEIRilCEIhShCEUoQhGKUIQiFKEIRShCEYpQf36rmBSxnii2Vlv7e/AHxras5CmhCEUoQhGKUIQiFKEIRShCEYpQhCIUoQhFqO0maG6wYm3O1hdt/YS5au+gQXNvdfCdY7twx9knFKEIRShCEYpQhCIUoQhFKEIRilCEIhSh7hYqtt+eeuppuI2N1dyE8tRTQhGKUJ56SihCeeqpp4QilKeeEuo2obYyx9nBFmmrcCyZwtiVE+s9Dw7DVrV3x+kmFKEIRShCEYpQhCIUoQhFKEIRilCEIhShnhJqq60rmf45sB7IQSkOnue5P56bydhqPNjlEYpQhCIUoQhFKEIRilCEIhShCEUoQhGKUAsGba1drETb+uTYHs31UyU/YQudkncuqRQJRShCEYpQhCIUoQhFKEIRilCEIhShCEWoy7u8zk2aG7tYlTlnwdbSzc33wbfaaidjF9Lc8BOKUIQiFKEIRShCEYpQhCIUoQhFKEIRilBfEmqu24oVjp0Ez43d3Ermup6lkxO7RUq6aUIRilCEIhShCEUoQhGKUIQiFKEIRShCEYpQ8b7mxhplDqytLi+GbAmjW3dMybEqpZ9QhCIUoQhFKEIRilCEIhShCEUoQhGKUIS6TKiSMitWwWwdhli1N7ewMQpL7phYa/ZeZ0ooQhGKUIQiFKEIRShCEYpQhCIUoQhFKEJ9qcu7sSabK2g6r41YYgsb+96S0jB2lxOKUIQiFKEIRShCEYpQhCIUoQhFKEIRilAfFupguTNXwMU4i23/FdM/t1adVddWdxlbHEIRilCEIhShCEUoQhGKUIQiFKEIRShCEYpQ24cw1lBsFUNbFdvchm41fVtv1dnHdV4bhCIUoQhFKEIRilCEIhShCEUoQhGKUIQi1FtCxcZ9q4M4OO4lbl5R/M398dZcbf382B1DKEIRilCEIhShCEUoQhGKUIQiFKEIRShCEaqsNykBq6SgOdiazX3U1i5c0fNewQqhCEUoQhGKUIQiFKEIRShCEYpQhCIUoQhFqPmRndvRLUe2ir+tPdq6zGJ1c8kOzm1ZTDdCEYpQhCIUoQhFKEIRilCEIhShCEUoQhHqLaHmDvAWWO/1U51NbsnUxVrvkjpyznpCEYpQhCIUoQhFKEIRilCEIhShCEUoQhHqaaG2jvcVXU/JUMZO7JwysU/e0vzGlRzUnFCEIhShCEUoQhGKUIQiFKEIRShCEYpQhLpbqFi5E2soSg5SbNnnGL2RldhqlJRoJSEUoQhFKEIRilCEIhShCEUoQhGKUIQiFKFuE6qkGoiVhrGnc5zF+J7rarfAmrtTY2X03JYRilCEIhShCEUoQhGKUIQiFKEIRShCEYpQHxbqioEuOSqxtdryOnY/zd0xJZfKVrVXUhoSilCEIhShCEUoQhGKUIQiFKEIRShCEYpQbwk1d2K3JjhWdMbOxm8sMaFiRVjsNWLTXlKSEopQhCIUoQhFKEIRilCEIhShCEUoQhGKUF8SaoukOWVihyG2KbEmaG5htyrUWA0ac2RtYglFKEIRilCEIhShCEUoQhGKUIQiFKEIRai7hYrVN3N1RkmpFHuruaMSq6tKLoaDX7TV5c0BTShCEYpQhCIUoQhFKEIRilCEIhShCEUoQn1JqK0TG1voLYNiSxej4SCUW7MRG+CSiu2FLo9QhCIUoQhFKEIRilCEIhShCEUoQhGKUIQaEWrreM8xGvtvr8A9tvtbms+VaFvvXPJFhCIUoQhFKEIRilCEIhShCEUoQhGKUIQi1JeEmqtvYhOcayhSJ+cKsEpugoOnfasFLjmwhCIUoQhFKEIRilCEIhShCEUoQhGKUIQi1IeF6qTh4HmeG7tYLxajYeswHNyFkqnrbFRjx5lQhCIUoQhFKEIRilCEIhShCEUoQhGKUIS6TaiDQznXMcWEio3dXBP0SyU37qnTvnWsOs8RoQhFKEIRilCEIhShCEUoQhGKUIQiFKEIRaj5nii2DQeVKemY5lSda4I6K6e5iS05R3PfSyhCEYpQhCIUoQhFKEIRilCEIhShCEUoQr0l1NzKllQ/sQLu4GpsjWxs+rdWsrMIK5kcQhGKUIQiFKEIRShCEYpQhCIUoQhFKEIRilADs1Ii49xAzw1HyU0QW5zOsjI27bFPzrXPhCIUoQhFKEIRilCEIhShCEUoQhGKUIQi1GVCzcFRcrznxu69MqtT5K1bc87crV2IgUUoQhGKUIQiFKEIRShCEYpQhCIUoQhFKELdJlSnIzEo17awcs62VI21z52d6dY/OAhFKEIRilCEIhShCEUoQhGKUIQiFKEIRShCzTdQBy14oIE6aEFuzpbayTl0YuN90JGtjyIUoQhFKEIRilCEIhShCEUoQhGKUIQiFKG+JFTnmdw6zwensBOOre4yRuHWSh7c/ZJjRShCEYpQhCIUoQhFKEIRilCEIhShCEUoQn1JqLn5jjUyWz1gLHO3yNwezQ1h50xudWoldwyhCEUoQhGKUIQiFKEIRShCEYpQhCIUoQh1uVA3NlBzf3zw528dpJgFnWdyrhaM2Rcb7yv/bwNCEYpQhCIUoQhFKEIRilCEIhShCEUoQhEq0eUddCTWbV1hQUmLtHWQthx5bxiuqPYIRShCEYpQhCIUoQhFKEIRilCEIhShCEWoy4UqWY7Y8T447rEGaqv3LBmVkha4ZPhj3TShCEUoQhGKUIQiFKEIRShCEYpQhCIUoQj1tFBzP2muvLuiRIv1U1sFXKd9sfGOveSNYBGKUIQiFKEIRShCEYpQhCIUoQhFKEIRilC3CbW1wVc0UHOnPabb3IY+QEPsupq76WM/n1CEIhShCEUoQhGKUIQiFKEIRShCEYpQhHpaqIMHKVbelbR1V1hw0L6tPYppfnAYYvVrrCInFKEIRShCEYpQhCIUoQhFKEIRilCEIhShPixUbLAOnquSei62GrGboKS67ZyNEjdjx5lQhCIUoQhFKEIRilCEIhShCEUoQhGKUIR6S6jObejsxWL0vz/BqdmItVcxkTt/L6EIRShCEYpQhCIUoQhFKEIRilCEIhShCPUloWJ7VjLfJU8PYlfSmsVO3VzfOndPxP5J8WCXRyhCEYpQhCIUoQhFKEIRilCEIhShCEUoQt3dUJSUWbGjcnB0Yp8cO8AH/3juiG6VwgeH4Y4uj1CEIhShCEUoQhGKUIQiFKEIRShCEYpQhLpbqINrF3NkqzWLvdXWWpUUrHMfFbtUDn4RoQhFKEIRilCEIhShCEUoQhGKUIQiFKEIRagBoeamYe5sxNq6zgLuivr1imYz1gLHimxCEYpQhCIUoQhFKEIRilCEIhShCEUoQhGKUAPrnusROo73Vg8YOwyxsrJku2OcxRaHUIQiFKEIRShCEYpQhCIUoQhFKEIRilCEItT2EZ17jYNvNVftxbCb27KSYnfrYiip9uaQJRShCEUoQhGKUIQiFKEIRShCEYpQhCIUob4k1BY6sRN7RWkYq/ZK6I9VbFtN7tbwb9WvhCIUoQhFKEIRilCEIhShCEUoQhGKUIQiFKHmK6eSdjJWV3WObMnFcNDNG7vpK6o9QhGKUIQiFKEIRShCEYpQhCIUoQhFKEIR6nKhYlMYI2mun+q0L2bQVqUYG8JYWRlb9he6PEIRilCEIhShCEUoQhGKUIQiFKEIRShCEWq/y5srlbYqiYP7vbULse6yMw9UxjGCY/tLKEIRilCEIhShCEUoQhGKUIQiFKEIRShCvSXU1hbGxu69j9qiv2TLtpqvWLN5sBUlFKEIRShCEYpQhCIUoQhFKEIRilCEIhShCLW9siV1VWxWtvqaWLbaqxsP8Nb1/H6XRyhCEYpQhCIUoQhFKEIRilCEIhShCEUoQl2Wg+VOCdAxdLYqxU6Dti6z2B9v/QuDUIQiFKEIRShCEYpQhCIUoQhFKEIRilCE+pJQW13PXMswd7wPjvucqlvv3Ln7VyzOVjc9ePETilCEIhShCEUoQhGKUIQiFKEIRShCEYpQdwtVUpPFfkKsrjrY9Ryc763u8uMVamffSihCEYpQhCIUoQhFKEIRilCEIhShCEUoQhFqoCko2aS5Gd1qgg6e55LDv/VFseGfu5BKyjtCEYpQhCIUoQhFKEIRilCEIhShCEUoQhGKUGUH+MZ6rgTKGBy5ozJWZZasRglJhCIUoQhFKEIRilCEIhShCEUoQhGKUIQiFKHmu7xY81XydKvrOfjOW0MYE3lrzDpJIhShCEUoQhGKUIQiFKEIRShCEYpQhCIUoZ4WqqRG6TzAW7Xg3B5t3UBXVGw3rsZahUooQhGKUIQiFKEIRShCEYpQhCIUoQhFKELdLVTstMeGcq7rib3GHP1zN0HsBpqr2Eouhq3tJhShCEUoQhGKUIQiFKEIRShCEYpQhCIUob4klIgIoUSEUCIihBIRIZSIEEpEhFAiQigREUKJiBBKRAglIkIoESGUiAihREQIJSKEEhEhlIgQSkSEUCIihBIRQomIEEpECCUiQigREUKJSH/+BcxhPuj8389RAAAAAElFTkSuQmCC', '00020101021226820014br.gov.bcb.pix2560qrpix-h.bradesco.com.br/9d36b84f-c70b-478f-b95c-12729b90ca255204000053039865406200.005802BR5905ASAAS6009JOINVILLE62070503***630490C7', '2024-12-06 02:59:59', NULL, NULL, '2024-12-05 22:10:32', '2024-12-05 22:10:33'),
(4, 6, 'cus_000006382413', '564.090.260-48', 1, 'pix', 'completed', 0, '200.00', 'pay_9tywg1izt1mrk4qu', NULL, '2024-12-06 16:03:04', 'iVBORw0KGgoAAAANSUhEUgAAAYsAAAGLCAIAAAC5gincAAAOXklEQVR42u3aUY4rNxADQN//0skNAgSrZlOa4u9s7LHUKj2A+f0jItKanyUQEUKJiBBKRAglIkIoESGUiAihREQIJSKEEhEhlIgQSkSEUCIihBIRQomIEEpECCUiQigREUKJCKFERAglIoQSESGUiAihRIRQIiLlQv1S+e/v/ctb/a9P/stqbH3U1ktubejcD/zLqJTMc+yEEopQhCIUoQhFKEIRilCEIhShCEUoQhGKUB8WKvbJc8rEhiPXjFS+89ZbzUlRcnBKTiihCEUoQhGKUIQiFKEIRShCEYpQhCIUoQhFqIHjffCT57ahpBkp+aiDv3eOs5KStKSO3Fo6QhGKUIQiFKEIRShCEYpQhCIUoQhFKEIRilADv/8K+0qKv63eM7b7c997xSVKKEIRilCEIhShCEUoQhGKUIQiFKEIRShCEYpQf36rmBSxnii2Vlv7e/AHxras5CmhCEUoQhGKUIQiFKEIRShCEYpQhCIUoQhFqO0maG6wYm3O1hdt/YS5au+gQXNvdfCdY7twx9knFKEIRShCEYpQhCIUoQhFKEIRilCEIhSh7hYqtt+eeuppuI2N1dyE8tRTQhGKUJ56SihCeeqpp4QilKeeEuo2obYyx9nBFmmrcCyZwtiVE+s9Dw7DVrV3x+kmFKEIRShCEYpQhCIUoQhFKEIRilCEIhShnhJqq60rmf45sB7IQSkOnue5P56bydhqPNjlEYpQhCIUoQhFKEIRilCEIhShCEUoQhGKUAsGba1drETb+uTYHs31UyU/YQudkncuqRQJRShCEYpQhCIUoQhFKEIRilCEIhShCEWoy7u8zk2aG7tYlTlnwdbSzc33wbfaaidjF9Lc8BOKUIQiFKEIRShCEYpQhCIUoQhFKEIRilBfEmqu24oVjp0Ez43d3Ermup6lkxO7RUq6aUIRilCEIhShCEUoQhGKUIQiFKEIRShCEYpQ8b7mxhplDqytLi+GbAmjW3dMybEqpZ9QhCIUoQhFKEIRilCEIhShCEUoQhGKUIS6TKiSMitWwWwdhli1N7ewMQpL7phYa/ZeZ0ooQhGKUIQiFKEIRShCEYpQhCIUoQhFKEJ9qcu7sSabK2g6r41YYgsb+96S0jB2lxOKUIQiFKEIRShCEYpQhCIUoQhFKEIRilAfFupguTNXwMU4i23/FdM/t1adVddWdxlbHEIRilCEIhShCEUoQhGKUIQiFKEIRShCEYpQ24cw1lBsFUNbFdvchm41fVtv1dnHdV4bhCIUoQhFKEIRilCEIhShCEUoQhGKUIQi1FtCxcZ9q4M4OO4lbl5R/M398dZcbf382B1DKEIRilCEIhShCEUoQhGKUIQiFKEIRShCEaqsNykBq6SgOdiazX3U1i5c0fNewQqhCEUoQhGKUIQiFKEIRShCEYpQhCIUoQhFqPmRndvRLUe2ir+tPdq6zGJ1c8kOzm1ZTDdCEYpQhCIUoQhFKEIRilCEIhShCEUoQhHqLaHmDvAWWO/1U51NbsnUxVrvkjpyznpCEYpQhCIUoQhFKEIRilCEIhShCEUoQhHqaaG2jvcVXU/JUMZO7JwysU/e0vzGlRzUnFCEIhShCEUoQhGKUIQiFKEIRShCEYpQhLpbqFi5E2soSg5SbNnnGL2RldhqlJRoJSEUoQhFKEIRilCEIhShCEUoQhGKUIQiFKFuE6qkGoiVhrGnc5zF+J7rarfAmrtTY2X03JYRilCEIhShCEUoQhGKUIQiFKEIRShCEYpQHxbqioEuOSqxtdryOnY/zd0xJZfKVrVXUhoSilCEIhShCEUoQhGKUIQiFKEIRShCEYpQbwk1d2K3JjhWdMbOxm8sMaFiRVjsNWLTXlKSEopQhCIUoQhFKEIRilCEIhShCEUoQhGKUF8SaoukOWVihyG2KbEmaG5htyrUWA0ac2RtYglFKEIRilCEIhShCEUoQhGKUIQiFKEIRai7hYrVN3N1RkmpFHuruaMSq6tKLoaDX7TV5c0BTShCEYpQhCIUoQhFKEIRilCEIhShCEUoQn1JqK0TG1voLYNiSxej4SCUW7MRG+CSiu2FLo9QhCIUoQhFKEIRilCEIhShCEUoQhGKUIQaEWrreM8xGvtvr8A9tvtbms+VaFvvXPJFhCIUoQhFKEIRilCEIhShCEUoQhGKUIQi1JeEmqtvYhOcayhSJ+cKsEpugoOnfasFLjmwhCIUoQhFKEIRilCEIhShCEUoQhGKUIQi1IeF6qTh4HmeG7tYLxajYeswHNyFkqnrbFRjx5lQhCIUoQhFKEIRilCEIhShCEUoQhGKUIS6TaiDQznXMcWEio3dXBP0SyU37qnTvnWsOs8RoQhFKEIRilCEIhShCEUoQhGKUIQiFKEIRaj5nii2DQeVKemY5lSda4I6K6e5iS05R3PfSyhCEYpQhCIUoQhFKEIRilCEIhShCEUoQr0l1NzKllQ/sQLu4GpsjWxs+rdWsrMIK5kcQhGKUIQiFKEIRShCEYpQhCIUoQhFKEIRilADs1Ii49xAzw1HyU0QW5zOsjI27bFPzrXPhCIUoQhFKEIRilCEIhShCEUoQhGKUIQi1GVCzcFRcrznxu69MqtT5K1bc87crV2IgUUoQhGKUIQiFKEIRShCEYpQhCIUoQhFKELdJlSnIzEo17awcs62VI21z52d6dY/OAhFKEIRilCEIhShCEUoQhGKUIQiFKEIRShCzTdQBy14oIE6aEFuzpbayTl0YuN90JGtjyIUoQhFKEIRilCEIhShCEUoQhGKUIQiFKG+JFTnmdw6zwensBOOre4yRuHWSh7c/ZJjRShCEYpQhCIUoQhFKEIRilCEIhShCEUoQn1JqLn5jjUyWz1gLHO3yNwezQ1h50xudWoldwyhCEUoQhGKUIQiFKEIRShCEYpQhCIUoQh1uVA3NlBzf3zw528dpJgFnWdyrhaM2Rcb7yv/bwNCEYpQhCIUoQhFKEIRilCEIhShCEUoQhEq0eUddCTWbV1hQUmLtHWQthx5bxiuqPYIRShCEYpQhCIUoQhFKEIRilCEIhShCEWoy4UqWY7Y8T447rEGaqv3LBmVkha4ZPhj3TShCEUoQhGKUIQiFKEIRShCEYpQhCIUoQj1tFBzP2muvLuiRIv1U1sFXKd9sfGOveSNYBGKUIQiFKEIRShCEYpQhCIUoQhFKEIRilC3CbW1wVc0UHOnPabb3IY+QEPsupq76WM/n1CEIhShCEUoQhGKUIQiFKEIRShCEYpQhHpaqIMHKVbelbR1V1hw0L6tPYppfnAYYvVrrCInFKEIRShCEYpQhCIUoQhFKEIRilCEIhShPixUbLAOnquSei62GrGboKS67ZyNEjdjx5lQhCIUoQhFKEIRilCEIhShCEUoQhGKUIR6S6jObejsxWL0vz/BqdmItVcxkTt/L6EIRShCEYpQhCIUoQhFKEIRilCEIhShCPUloWJ7VjLfJU8PYlfSmsVO3VzfOndPxP5J8WCXRyhCEYpQhCIUoQhFKEIRilCEIhShCEUoQt3dUJSUWbGjcnB0Yp8cO8AH/3juiG6VwgeH4Y4uj1CEIhShCEUoQhGKUIQiFKEIRShCEYpQhLpbqINrF3NkqzWLvdXWWpUUrHMfFbtUDn4RoQhFKEIRilCEIhShCEUoQhGKUIQiFKEIRagBoeamYe5sxNq6zgLuivr1imYz1gLHimxCEYpQhCIUoQhFKEIRilCEIhShCEUoQhGKUAPrnusROo73Vg8YOwyxsrJku2OcxRaHUIQiFKEIRShCEYpQhCIUoQhFKEIRilCEItT2EZ17jYNvNVftxbCb27KSYnfrYiip9uaQJRShCEUoQhGKUIQiFKEIRShCEYpQhCIUob4k1BY6sRN7RWkYq/ZK6I9VbFtN7tbwb9WvhCIUoQhFKEIRilCEIhShCEUoQhGKUIQiFKHmK6eSdjJWV3WObMnFcNDNG7vpK6o9QhGKUIQiFKEIRShCEYpQhCIUoQhFKEIR6nKhYlMYI2mun+q0L2bQVqUYG8JYWRlb9he6PEIRilCEIhShCEUoQhGKUIQiFKEIRShCEWq/y5srlbYqiYP7vbULse6yMw9UxjGCY/tLKEIRilCEIhShCEUoQhGKUIQiFKEIRShCvSXU1hbGxu69j9qiv2TLtpqvWLN5sBUlFKEIRShCEYpQhCIUoQhFKEIRilCEIhShCLW9siV1VWxWtvqaWLbaqxsP8Nb1/H6XRyhCEYpQhCIUoQhFKEIRilCEIhShCEUoQl2Wg+VOCdAxdLYqxU6Dti6z2B9v/QuDUIQiFKEIRShCEYpQhCIUoQhFKEIRilCE+pJQW13PXMswd7wPjvucqlvv3Ln7VyzOVjc9ePETilCEIhShCEUoQhGKUIQiFKEIRShCEYpQdwtVUpPFfkKsrjrY9Ryc763u8uMVamffSihCEYpQhCIUoQhFKEIRilCEIhShCEUoQhFqoCko2aS5Gd1qgg6e55LDv/VFseGfu5BKyjtCEYpQhCIUoQhFKEIRilCEIhShCEUoQhGKUGUH+MZ6rgTKGBy5ozJWZZasRglJhCIUoQhFKEIRilCEIhShCEUoQhGKUIQiFKHmu7xY81XydKvrOfjOW0MYE3lrzDpJIhShCEUoQhGKUIQiFKEIRShCEYpQhCIUoZ4WqqRG6TzAW7Xg3B5t3UBXVGw3rsZahUooQhGKUIQiFKEIRShCEYpQhCIUoQhFKELdLVTstMeGcq7rib3GHP1zN0HsBpqr2Eouhq3tJhShCEUoQhGKUIQiFKEIRShCEYpQhCIUob4klIgIoUSEUCIihBIRIZSIEEpEhFAiQigREUKJiBBKRAglIkIoESGUiAihREQIJSKEEhEhlIgQSkSEUCIihBIRQomIEEpECCUiQigREUKJSH/+BcxhPuj8389RAAAAAElFTkSuQmCC', '00020101021226820014br.gov.bcb.pix2560qrpix-h.bradesco.com.br/9d36b84f-c70b-478f-b95c-12729b90ca255204000053039865406200.005802BR5905ASAAS6009JOINVILLE62070503***630490C7', '2024-12-06 02:59:59', '4242', 'VISA', '2024-12-05 22:13:31', '2024-12-06 16:03:04'),
(5, 6, 'cus_000006382413', '004.494.940-55', 1, 'pix', 'completed', 0, '200.00', 'pay_cqxdlmbbwrjrwkq4', NULL, '2024-12-06 16:04:09', 'iVBORw0KGgoAAAANSUhEUgAAAYsAAAGLCAIAAAC5gincAAAOXklEQVR42u3aUY4rNxADQN//0skNAgSrZlOa4u9s7LHUKj2A+f0jItKanyUQEUKJiBBKRAglIkIoESGUiAihREQIJSKEEhEhlIgQSkSEUCIihBIRQomIEEpECCUiQigREUKJCKFERAglIoQSESGUiAihRIRQIiLlQv1S+e/v/ctb/a9P/stqbH3U1ktubejcD/zLqJTMc+yEEopQhCIUoQhFKEIRilCEIhShCEUoQhGKUB8WKvbJc8rEhiPXjFS+89ZbzUlRcnBKTiihCEUoQhGKUIQiFKEIRShCEYpQhCIUoQhFqIHjffCT57ahpBkp+aiDv3eOs5KStKSO3Fo6QhGKUIQiFKEIRShCEYpQhCIUoQhFKEIRilADv/8K+0qKv63eM7b7c997xSVKKEIRilCEIhShCEUoQhGKUIQiFKEIRShCEYpQf36rmBSxnii2Vlv7e/AHxras5CmhCEUoQhGKUIQiFKEIRShCEYpQhCIUoQhFqO0maG6wYm3O1hdt/YS5au+gQXNvdfCdY7twx9knFKEIRShCEYpQhCIUoQhFKEIRilCEIhSh7hYqtt+eeuppuI2N1dyE8tRTQhGKUJ56SihCeeqpp4QilKeeEuo2obYyx9nBFmmrcCyZwtiVE+s9Dw7DVrV3x+kmFKEIRShCEYpQhCIUoQhFKEIRilCEIhShnhJqq60rmf45sB7IQSkOnue5P56bydhqPNjlEYpQhCIUoQhFKEIRilCEIhShCEUoQhGKUAsGba1drETb+uTYHs31UyU/YQudkncuqRQJRShCEYpQhCIUoQhFKEIRilCEIhShCEWoy7u8zk2aG7tYlTlnwdbSzc33wbfaaidjF9Lc8BOKUIQiFKEIRShCEYpQhCIUoQhFKEIRilBfEmqu24oVjp0Ez43d3Ermup6lkxO7RUq6aUIRilCEIhShCEUoQhGKUIQiFKEIRShCEYpQ8b7mxhplDqytLi+GbAmjW3dMybEqpZ9QhCIUoQhFKEIRilCEIhShCEUoQhGKUIS6TKiSMitWwWwdhli1N7ewMQpL7phYa/ZeZ0ooQhGKUIQiFKEIRShCEYpQhCIUoQhFKEJ9qcu7sSabK2g6r41YYgsb+96S0jB2lxOKUIQiFKEIRShCEYpQhCIUoQhFKEIRilAfFupguTNXwMU4i23/FdM/t1adVddWdxlbHEIRilCEIhShCEUoQhGKUIQiFKEIRShCEYpQ24cw1lBsFUNbFdvchm41fVtv1dnHdV4bhCIUoQhFKEIRilCEIhShCEUoQhGKUIQi1FtCxcZ9q4M4OO4lbl5R/M398dZcbf382B1DKEIRilCEIhShCEUoQhGKUIQiFKEIRShCEaqsNykBq6SgOdiazX3U1i5c0fNewQqhCEUoQhGKUIQiFKEIRShCEYpQhCIUoQhFqPmRndvRLUe2ir+tPdq6zGJ1c8kOzm1ZTDdCEYpQhCIUoQhFKEIRilCEIhShCEUoQhHqLaHmDvAWWO/1U51NbsnUxVrvkjpyznpCEYpQhCIUoQhFKEIRilCEIhShCEUoQhHqaaG2jvcVXU/JUMZO7JwysU/e0vzGlRzUnFCEIhShCEUoQhGKUIQiFKEIRShCEYpQhLpbqFi5E2soSg5SbNnnGL2RldhqlJRoJSEUoQhFKEIRilCEIhShCEUoQhGKUIQiFKFuE6qkGoiVhrGnc5zF+J7rarfAmrtTY2X03JYRilCEIhShCEUoQhGKUIQiFKEIRShCEYpQHxbqioEuOSqxtdryOnY/zd0xJZfKVrVXUhoSilCEIhShCEUoQhGKUIQiFKEIRShCEYpQbwk1d2K3JjhWdMbOxm8sMaFiRVjsNWLTXlKSEopQhCIUoQhFKEIRilCEIhShCEUoQhGKUF8SaoukOWVihyG2KbEmaG5htyrUWA0ac2RtYglFKEIRilCEIhShCEUoQhGKUIQiFKEIRai7hYrVN3N1RkmpFHuruaMSq6tKLoaDX7TV5c0BTShCEYpQhCIUoQhFKEIRilCEIhShCEUoQn1JqK0TG1voLYNiSxej4SCUW7MRG+CSiu2FLo9QhCIUoQhFKEIRilCEIhShCEUoQhGKUIQaEWrreM8xGvtvr8A9tvtbms+VaFvvXPJFhCIUoQhFKEIRilCEIhShCEUoQhGKUIQi1JeEmqtvYhOcayhSJ+cKsEpugoOnfasFLjmwhCIUoQhFKEIRilCEIhShCEUoQhGKUIQi1IeF6qTh4HmeG7tYLxajYeswHNyFkqnrbFRjx5lQhCIUoQhFKEIRilCEIhShCEUoQhGKUIS6TaiDQznXMcWEio3dXBP0SyU37qnTvnWsOs8RoQhFKEIRilCEIhShCEUoQhGKUIQiFKEIRaj5nii2DQeVKemY5lSda4I6K6e5iS05R3PfSyhCEYpQhCIUoQhFKEIRilCEIhShCEUoQr0l1NzKllQ/sQLu4GpsjWxs+rdWsrMIK5kcQhGKUIQiFKEIRShCEYpQhCIUoQhFKEIRilADs1Ii49xAzw1HyU0QW5zOsjI27bFPzrXPhCIUoQhFKEIRilCEIhShCEUoQhGKUIQi1GVCzcFRcrznxu69MqtT5K1bc87crV2IgUUoQhGKUIQiFKEIRShCEYpQhCIUoQhFKELdJlSnIzEo17awcs62VI21z52d6dY/OAhFKEIRilCEIhShCEUoQhGKUIQiFKEIRShCzTdQBy14oIE6aEFuzpbayTl0YuN90JGtjyIUoQhFKEIRilCEIhShCEUoQhGKUIQiFKG+JFTnmdw6zwensBOOre4yRuHWSh7c/ZJjRShCEYpQhCIUoQhFKEIRilCEIhShCEUoQn1JqLn5jjUyWz1gLHO3yNwezQ1h50xudWoldwyhCEUoQhGKUIQiFKEIRShCEYpQhCIUoQh1uVA3NlBzf3zw528dpJgFnWdyrhaM2Rcb7yv/bwNCEYpQhCIUoQhFKEIRilCEIhShCEUoQhEq0eUddCTWbV1hQUmLtHWQthx5bxiuqPYIRShCEYpQhCIUoQhFKEIRilCEIhShCEWoy4UqWY7Y8T447rEGaqv3LBmVkha4ZPhj3TShCEUoQhGKUIQiFKEIRShCEYpQhCIUoQj1tFBzP2muvLuiRIv1U1sFXKd9sfGOveSNYBGKUIQiFKEIRShCEYpQhCIUoQhFKEIRilC3CbW1wVc0UHOnPabb3IY+QEPsupq76WM/n1CEIhShCEUoQhGKUIQiFKEIRShCEYpQhHpaqIMHKVbelbR1V1hw0L6tPYppfnAYYvVrrCInFKEIRShCEYpQhCIUoQhFKEIRilCEIhShPixUbLAOnquSei62GrGboKS67ZyNEjdjx5lQhCIUoQhFKEIRilCEIhShCEUoQhGKUIR6S6jObejsxWL0vz/BqdmItVcxkTt/L6EIRShCEYpQhCIUoQhFKEIRilCEIhShCPUloWJ7VjLfJU8PYlfSmsVO3VzfOndPxP5J8WCXRyhCEYpQhCIUoQhFKEIRilCEIhShCEUoQt3dUJSUWbGjcnB0Yp8cO8AH/3juiG6VwgeH4Y4uj1CEIhShCEUoQhGKUIQiFKEIRShCEYpQhLpbqINrF3NkqzWLvdXWWpUUrHMfFbtUDn4RoQhFKEIRilCEIhShCEUoQhGKUIQiFKEIRagBoeamYe5sxNq6zgLuivr1imYz1gLHimxCEYpQhCIUoQhFKEIRilCEIhShCEUoQhGKUAPrnusROo73Vg8YOwyxsrJku2OcxRaHUIQiFKEIRShCEYpQhCIUoQhFKEIRilCEItT2EZ17jYNvNVftxbCb27KSYnfrYiip9uaQJRShCEUoQhGKUIQiFKEIRShCEYpQhCIUob4k1BY6sRN7RWkYq/ZK6I9VbFtN7tbwb9WvhCIUoQhFKEIRilCEIhShCEUoQhGKUIQiFKHmK6eSdjJWV3WObMnFcNDNG7vpK6o9QhGKUIQiFKEIRShCEYpQhCIUoQhFKEIR6nKhYlMYI2mun+q0L2bQVqUYG8JYWRlb9he6PEIRilCEIhShCEUoQhGKUIQiFKEIRShCEWq/y5srlbYqiYP7vbULse6yMw9UxjGCY/tLKEIRilCEIhShCEUoQhGKUIQiFKEIRShCvSXU1hbGxu69j9qiv2TLtpqvWLN5sBUlFKEIRShCEYpQhCIUoQhFKEIRilCEIhShCLW9siV1VWxWtvqaWLbaqxsP8Nb1/H6XRyhCEYpQhCIUoQhFKEIRilCEIhShCEUoQl2Wg+VOCdAxdLYqxU6Dti6z2B9v/QuDUIQiFKEIRShCEYpQhCIUoQhFKEIRilCE+pJQW13PXMswd7wPjvucqlvv3Ln7VyzOVjc9ePETilCEIhShCEUoQhGKUIQiFKEIRShCEYpQdwtVUpPFfkKsrjrY9Ryc763u8uMVamffSihCEYpQhCIUoQhFKEIRilCEIhShCEUoQhFqoCko2aS5Gd1qgg6e55LDv/VFseGfu5BKyjtCEYpQhCIUoQhFKEIRilCEIhShCEUoQhGKUGUH+MZ6rgTKGBy5ozJWZZasRglJhCIUoQhFKEIRilCEIhShCEUoQhGKUIQiFKHmu7xY81XydKvrOfjOW0MYE3lrzDpJIhShCEUoQhGKUIQiFKEIRShCEYpQhCIUoZ4WqqRG6TzAW7Xg3B5t3UBXVGw3rsZahUooQhGKUIQiFKEIRShCEYpQhCIUoQhFKELdLVTstMeGcq7rib3GHP1zN0HsBpqr2Eouhq3tJhShCEUoQhGKUIQiFKEIRShCEYpQhCIUob4klIgIoUSEUCIihBIRIZSIEEpEhFAiQigREUKJiBBKRAglIkIoESGUiAihREQIJSKEEhEhlIgQSkSEUCIihBIRQomIEEpECCUiQigREUKJSH/+BcxhPuj8389RAAAAAElFTkSuQmCC', '00020101021226820014br.gov.bcb.pix2560qrpix-h.bradesco.com.br/9d36b84f-c70b-478f-b95c-12729b90ca255204000053039865406200.005802BR5905ASAAS6009JOINVILLE62070503***630490C7', '2024-12-06 02:59:59', '4242', 'VISA', '2024-12-05 22:14:00', '2024-12-06 16:04:09'),
(6, 6, 'cus_000006382413', '111.111.111-11', 2, 'card', 'completed', 0, '100.00', NULL, NULL, '2024-12-06 16:04:58', NULL, NULL, NULL, '4242', 'VISA', '2024-12-05 22:16:36', '2024-12-06 16:04:58'),
(7, 6, 'cus_000006382413', '111.111.111-11', 2, 'card', 'completed', 0, '100.00', NULL, NULL, '2024-12-06 16:05:49', NULL, NULL, NULL, '4242', 'VISA', '2024-12-05 22:17:37', '2024-12-06 16:05:49'),
(8, 6, 'cus_000006382413', '111.111.111-11', 2, 'card', 'completed', 0, '100.00', NULL, NULL, '2024-12-06 16:06:11', NULL, NULL, NULL, '4242', 'VISA', '2024-12-05 22:17:49', '2024-12-06 16:06:11'),
(9, 6, 'cus_000006382413', '564.090.260-48', 2, 'card', 'completed', 0, '100.00', NULL, NULL, '2024-12-06 16:12:17', NULL, NULL, NULL, '4242', 'VISA', '2024-12-05 22:17:58', '2024-12-06 16:12:17'),
(10, 6, 'cus_000006382413', '004.494.940-55', 2, 'pix', 'completed', 0, '100.00', 'pay_xof5tgqe4rg5v7sf', NULL, '2024-12-06 16:13:36', 'iVBORw0KGgoAAAANSUhEUgAAAYsAAAGLCAIAAAC5gincAAAOTklEQVR42u3ZQW4kORADQP//094fDLCwkkypgtfuaVdJqdAA/PkVEdmaH0sgIoQSESGUiBBKRIRQIkIoERFCiYgQSkQIJSJCKBEhlIgIoURECCUihBIRIZSIEEpEhFAiIoQSEUKJiBBKRAglIkIoERFCiQihRESWC/WTyr//buzTv6xG66daD/m/1vkvX557jIOjcnAmW0s3N5OEIhShCEUoQhGKUIQiFKEIRShCEYpQhCLUW0LFfjlmUOsQxm6RmIxzu9Caq7nHeOCEEopQhCIUoQhFKEIRilCEIhShCEUoQhGKUIQaON6xX45xFmvrWj918H2vuBjmXjAm8pY7lVCEIhShCEUoQhGKUIQiFKEIRShCEYpQhCLU+bMRe+YripLWEW3tfuv2WnIhEYpQhCIUoQhFKEIRilCEIhShCEUoQhGKUIQi1J+f6opebMkEL9nfgy8Yq/aWfEooQhGKUIQiFKEIRShCEYpQhCIUoQhFKEIRalnldHCwYm3O3GFovUKsU5sjeO6p5jZ0bhfuOPuEIhShCEUoQhGKUIQiFKEIRShCEYpQhCLU3ULF9tunPvVpuI2d6z0J5VOf+pRQhPKpTwlFKHPmU58SilA+9SmhLheqlblu64HCcckUxq6cJbPR2rLf50IoQhGKUIQiFKEIRShCEYpQhCIUoQhFKEK9JVSrrVviyNwfeiCt4/2XUTmo25ybc6vxYJdHKEIRilCEIhShCEUoQhGKUIQiFKEIRShCFQxqrd0cZ61SKbZWS+CIXYQtdJY885JKkVCEIhShCEUoQhGKUIQiFKEIRShCEYpQhLq8y9u5SXNj1zo5scVZYn1rROf4nhvCVrNJKEIRilCEIhShCEUoQhGKUIQiFKEIRShCfViouW4rVjjuJHjnad/S9ZROztydOifjwYklFKEIRShCEYpQhCIUoQhFKEIRilCEIhShCDV/cnbWKC2wrij+dhZDc5MTe/3YsVpKP6EIRShCEYpQhCIUoQhFKEIRilCEIhShCHWZUK0NPtjH7WR0rnCM/duYm7FbZGdr9l5nSihCEYpQhCIUoQhFKEIRilCEIhShCEUoQt0mVGz7WzVZrCfaeW3EMtd8xWqyln0773JCEYpQhCIUoQhFKEIRilCEIhShCEUoQhHqS0LNneeDo3PwiMYWJ3Y2YgvbKpVaOxjrLmOLQyhCEYpQhCIUoQhFKEIRilCEIhShCEUoQhGqfQjnxj32h2LTP/eCc/QftK/1VDcO/5KfIhShCEUoQhGKUIQiFKEIRShCEYpQhCIUoS4Xasm4t8qOg2XWkt5zSfE39+VWt9V6/dgdQyhCEYpQhCIUoQhFKEIRilCEIhShCEUoQhFqvjdpHeBYi7RkFw7u4NzrL2n65h7yRlYIRShCEYpQhCIUoQhFKEIRilCEIhShCEUoQt28oy1H5h5yydloXWZL6ubYDs4tTks3QhGKUIQiFKEIRShCEYpQhCIUoQhFKEIR6i2hlpznVk12RT+1s8mNTV1srmK3dQwsQhGKUIQiFKEIRShCEYpQhCIUoQhFKEIRilADuzLnV6vrWTKUMc5aQB9cjZbmrffd+b8EQhGKUIQiFKEIRShCEYpQhCIUoQhFKEIR6nKhYuVObApb2LWWfUnHtISVlqqtEm1JCEUoQhGKUIQiFKEIRShCEYpQhCIUoQhFqNuEWlINxIqS2KcHK7Yr0Lmxj5t7yCX1XEtGQhGKUIQiFKEIRShCEYpQhCIUoQhFKEIR6q0ur9Ux7Twqc6/QesjY8Y7dMUsulVa1t6Q0JBShCEUoQhGKUIQiFKEIRShCEYpQhCIUob4kVKz5ak1DrHGL3ROxMit2IcXMXXJt7CxJCUUoQhGKUIQiFKEIRShCEYpQhCIUoQhFqC8JFetNYsrEDkPr2ogxGqtQ57yO1aAxR2oTSyhCEYpQhCIUoQhFKEIRilCEIhShCEUoQt0t1NxRmeNsZ6kUe6q56mcOyp0Xg+qWUIQiFKEIRShCEYpQhCIUoQhFKEIRilCEIlT1xMYWumVQbOnmOqa5bqs1G7EBjl1IS0IoQhGKUIQiFKEIRShCEYpQhCIUoQhFKELdJlTreC+pFOfqyCtwbxVwc6VhbENjX17ybwlFKEIRilCEIhShCEUoQhGKUIQiFKEIRainhZqrb2K9WK6hSJ2cWKk0N7JLGsa5eW6VhrG+lVCEIhShCEUoQhGKUIQiFKEIRShCEYpQhPqSUDtpmJvvg8PReubYG8UOw9wzt6ZuSZfXOs6EIhShCEUoQhGKUIQiFKEIRShCEYpQhCLUbUIdHMqDHVNszmKTtOSXY7Xgzg1t3bixPfrdEUIRilCEIhShCEUoQhGKUIQiFKEIRShCEeotoQ6eq4ObFHvmVi/W6onmmqCdldPcxC45R3N/l1CEIhShCEUoQhGKUIQiFKEIRShCEYpQhHpLqNhRaVU/rZqstRpzTxX78twz7yzCYnuUeyNCEYpQhCIUoQhFKEIRilCEIhShCEUoQhHqKaHmztWSMutnLK1rY26Pdi5Oawhjp2zuTiUUoQhFKEIRilCEIhShCEUoQhGKUIQiFKEINQ/HA8c7VqItKbN2FmEHF2dunq/YhdgOEopQhCIUoQhFKEIRilCEIhShCEUoQhGKULcJtdORGJS1LSzNWezULdnumH0xr5d0iIQiFKEIRShCEYpQhCIUoQhFKEIRilCEItSXhFpiwRWlYayPa833nF83Etxqn2M/RShCEYpQhCIUoQhFKEIRilCEIhShCEUoQn1JqJ1ncu48x2iI9YAH25wHKIz93bndX3KsCEUoQhGKUIQiFKEIRShCEYpQhCIUoQhFqC8JNXeeY41Mqwdc0hO1is6Y5lesc6tTW3LHEIpQhCIUoQhFKEIRilCEIhShCEUoQhGKUJcL1WqgWr1Jrd0oORKr9pacyblaMGbfA9UtoQhFKEIRilCEIhShCEUoQhGKUIQiFKEIdZtQBzd47pd3Fo6tsZtbjSW17/PD0PpDV3Z5hCIUoQhFKEIRyjAQilCEIhShCGUoCWUYCFUQqrUcsaJkbtxbIxv7ckvGVvPV0m2urCQUoQhFKEIRilCEIhShCEUoQhGKUIQiFKEItayBuvHwz1VOsdXYWfzNveCSExsTaglYhCIUoQhFKEIRilCEIhShCEUoQhGKUIQi1G1CtTa4Vd61+G7pNrehsW7rihu3dVJir08oQhGKUIQiFKEIRShCEYpQhCIUoQhFKEI9LdTcUWkZtHPsWnXV3IbOERwb0blhiNWvO+8JQhGKUIQiFKEIRShCEYpQhCIUoQhFKEIR6mmhWtXPkmlYUoRdMaNzlfHO2VjiZuw4E4pQhCIUoQhFKEIRilCEIhShCEUoQhGKUG8JtXMblvRiO0laUt61KuODv3yjyDvfl1CEIhShCEUoQhGKUIQiFKEIRShCEYpQhPqSULE92znfc8Vf6xC2GtXYqZtbnLnGLfZfige7PEIRilCEIhShCEUoQhGKUIQiFKEIRShCEeruhiJWGi45KgdH5wpHWl+eO6Kx9nluzO7o8ghFKEIRilCEIhShCEUoQhGKUIQiFKEIRai7hYrVZK3ScO4V5rq8uZFdAuXcU8UuldbtRShCEYpQhCIUoQhFKEIRilCEIhShCEUoQhHqhFBz0zDXqsTaula1FzvtsbZuSWcao6FVZBOKUIQiFKEIRShCEYpQhCIUoQhFKEIRilCEmm+RWm62aqO5kzPXt86t8xILlhz+G+9jQhGKUIQiFKEIRShCEYpQhCIUoQhFKEIR6mmhYke0hc5cixT7u7FObe4hd14MrSGc+19CjCRCEYpQhCIUoQhFKEIRilCEIhShCEUoQhHqcqFa6MwdpNw2jK1Gq+q6oydKvdGSy3sJsoQiFKEIRShCEYpQhCIUoQhFKEIRilCEIhSh4vlNZWddtXNk53bw4O4vKTpjUuys9ghFKEIRilCEIhShCEUoQhGKUIQiFKEIRagvCTX3d3dWbEssaEF5xcLuLLLnLv6WjIQiFKEIRShCEYpQhCIUoQhFKEIRilCEItSHhZorlVpncsuO7niFVqO6pLx7YAdb5R2hCEUoQhGKUIQiFKEIRShCEYpQhCIUoQj1tFCtLZyrfloFTeynYvTvXOdW8zUHx8G1yl0bhCIUoQhFKEIRilCEIhShCEUoQhGKUIQi1MtCPdC4xc5GrFX52ZG5DY1tyo11ZGydCUUoQhGKUIQiFKEIRShCEYpQhCIUoQhFqKeF2rkrrcdYchjmOrW5+rVlUOwya3259T8MQhGKUIQiFKEIRShCEYpQhCIUoQhFKEIR6ktCtbqe2J61DBrc/lSF2lL1a4szx2jt4icUoQhFKEIRilCEIhShCEUoQhGKUIQiFKHuFuqKX57riWJTeHDsDr5CrK2LHe8ld9sVfSuhCEUoQhGKUIQiFKEIRShCEYpQhCIUoQhFqIGm4IpD2Op6lpznWHe5RJnYM8cupCXlHaEIRShCEYpQhCIUoQhFKEIRilCEIhShCEWoAaFarMy9QuzLsXviipMTm6tWzb2EJEIRilCEIhShCEUoQhGKUIQiFKEIRShCEYpQ80LFmq+5+b6xntu5Vq16rjVmO9s6QhGKUIQiFKEIRShCEYpQhCIUoQhFKEIR6ktCXVGjtA5wqxac26OdXe2Siu3G1ahVqIQiFKEIRShCEYpQhCIUoQhFKEIRilCEItTdQsVOe2wo5wyKfblF/84irFX7Ljl0SzQnFKEIRShCEYpQhCIUoQhFKEIRilCEIhSh3hJKRIRQIkIoERFCiYgQSkQIJSJCKBEhlIgIoURECCUihBIRIZSIEEpEhFAiIoQSEUKJiBBKRAglIkIoERFCiQihREQIJSKEEhEhlIgIoURkf/4D9Mj/NV+ZvD8AAAAASUVORK5CYII=', '00020101021226820014br.gov.bcb.pix2560qrpix-h.bradesco.com.br/9d36b84f-c70b-478f-b95c-12729b90ca255204000053039865406100.005802BR5905ASAAS6009JOINVILLE62070503***6304474A', '2024-12-06 02:59:59', '4242', 'VISA', '2024-12-05 22:26:16', '2024-12-06 16:13:36'),
(11, 6, 'cus_000006382413', '004.494.940-55', 1, 'pix', 'completed', 0, '200.00', 'pay_9q07384voxep0r5k', NULL, '2024-12-06 16:15:55', 'iVBORw0KGgoAAAANSUhEUgAAAYsAAAGLCAIAAAC5gincAAAOXklEQVR42u3aUY4rNxADQN//0skNAgSrZlOa4u9s7LHUKj2A+f0jItKanyUQEUKJiBBKRAglIkIoESGUiAihREQIJSKEEhEhlIgQSkSEUCIihBIRQomIEEpECCUiQigREUKJCKFERAglIoQSESGUiAihRIRQIiLlQv1S+e/v/ctb/a9P/stqbH3U1ktubejcD/zLqJTMc+yEEopQhCIUoQhFKEIRilCEIhShCEUoQhGKUB8WKvbJc8rEhiPXjFS+89ZbzUlRcnBKTiihCEUoQhGKUIQiFKEIRShCEYpQhCIUoQhFqIHjffCT57ahpBkp+aiDv3eOs5KStKSO3Fo6QhGKUIQiFKEIRShCEYpQhCIUoQhFKEIRilADv/8K+0qKv63eM7b7c997xSVKKEIRilCEIhShCEUoQhGKUIQiFKEIRShCEYpQf36rmBSxnii2Vlv7e/AHxras5CmhCEUoQhGKUIQiFKEIRShCEYpQhCIUoQhFqO0maG6wYm3O1hdt/YS5au+gQXNvdfCdY7twx9knFKEIRShCEYpQhCIUoQhFKEIRilCEIhSh7hYqtt+eeuppuI2N1dyE8tRTQhGKUJ56SihCeeqpp4QilKeeEuo2obYyx9nBFmmrcCyZwtiVE+s9Dw7DVrV3x+kmFKEIRShCEYpQhCIUoQhFKEIRilCEIhShnhJqq60rmf45sB7IQSkOnue5P56bydhqPNjlEYpQhCIUoQhFKEIRilCEIhShCEUoQhGKUAsGba1drETb+uTYHs31UyU/YQudkncuqRQJRShCEYpQhCIUoQhFKEIRilCEIhShCEWoy7u8zk2aG7tYlTlnwdbSzc33wbfaaidjF9Lc8BOKUIQiFKEIRShCEYpQhCIUoQhFKEIRilBfEmqu24oVjp0Ez43d3Ermup6lkxO7RUq6aUIRilCEIhShCEUoQhGKUIQiFKEIRShCEYpQ8b7mxhplDqytLi+GbAmjW3dMybEqpZ9QhCIUoQhFKEIRilCEIhShCEUoQhGKUIS6TKiSMitWwWwdhli1N7ewMQpL7phYa/ZeZ0ooQhGKUIQiFKEIRShCEYpQhCIUoQhFKEJ9qcu7sSabK2g6r41YYgsb+96S0jB2lxOKUIQiFKEIRShCEYpQhCIUoQhFKEIRilAfFupguTNXwMU4i23/FdM/t1adVddWdxlbHEIRilCEIhShCEUoQhGKUIQiFKEIRShCEYpQ24cw1lBsFUNbFdvchm41fVtv1dnHdV4bhCIUoQhFKEIRilCEIhShCEUoQhGKUIQi1FtCxcZ9q4M4OO4lbl5R/M398dZcbf382B1DKEIRilCEIhShCEUoQhGKUIQiFKEIRShCEaqsNykBq6SgOdiazX3U1i5c0fNewQqhCEUoQhGKUIQiFKEIRShCEYpQhCIUoQhFqPmRndvRLUe2ir+tPdq6zGJ1c8kOzm1ZTDdCEYpQhCIUoQhFKEIRilCEIhShCEUoQhHqLaHmDvAWWO/1U51NbsnUxVrvkjpyznpCEYpQhCIUoQhFKEIRilCEIhShCEUoQhHqaaG2jvcVXU/JUMZO7JwysU/e0vzGlRzUnFCEIhShCEUoQhGKUIQiFKEIRShCEYpQhLpbqFi5E2soSg5SbNnnGL2RldhqlJRoJSEUoQhFKEIRilCEIhShCEUoQhGKUIQiFKFuE6qkGoiVhrGnc5zF+J7rarfAmrtTY2X03JYRilCEIhShCEUoQhGKUIQiFKEIRShCEYpQHxbqioEuOSqxtdryOnY/zd0xJZfKVrVXUhoSilCEIhShCEUoQhGKUIQiFKEIRShCEYpQbwk1d2K3JjhWdMbOxm8sMaFiRVjsNWLTXlKSEopQhCIUoQhFKEIRilCEIhShCEUoQhGKUF8SaoukOWVihyG2KbEmaG5htyrUWA0ac2RtYglFKEIRilCEIhShCEUoQhGKUIQiFKEIRai7hYrVN3N1RkmpFHuruaMSq6tKLoaDX7TV5c0BTShCEYpQhCIUoQhFKEIRilCEIhShCEUoQn1JqK0TG1voLYNiSxej4SCUW7MRG+CSiu2FLo9QhCIUoQhFKEIRilCEIhShCEUoQhGKUIQaEWrreM8xGvtvr8A9tvtbms+VaFvvXPJFhCIUoQhFKEIRilCEIhShCEUoQhGKUIQi1JeEmqtvYhOcayhSJ+cKsEpugoOnfasFLjmwhCIUoQhFKEIRilCEIhShCEUoQhGKUIQi1IeF6qTh4HmeG7tYLxajYeswHNyFkqnrbFRjx5lQhCIUoQhFKEIRilCEIhShCEUoQhGKUIS6TaiDQznXMcWEio3dXBP0SyU37qnTvnWsOs8RoQhFKEIRilCEIhShCEUoQhGKUIQiFKEIRaj5nii2DQeVKemY5lSda4I6K6e5iS05R3PfSyhCEYpQhCIUoQhFKEIRilCEIhShCEUoQr0l1NzKllQ/sQLu4GpsjWxs+rdWsrMIK5kcQhGKUIQiFKEIRShCEYpQhCIUoQhFKEIRilADs1Ii49xAzw1HyU0QW5zOsjI27bFPzrXPhCIUoQhFKEIRilCEIhShCEUoQhGKUIQi1GVCzcFRcrznxu69MqtT5K1bc87crV2IgUUoQhGKUIQiFKEIRShCEYpQhCIUoQhFKELdJlSnIzEo17awcs62VI21z52d6dY/OAhFKEIRilCEIhShCEUoQhGKUIQiFKEIRShCzTdQBy14oIE6aEFuzpbayTl0YuN90JGtjyIUoQhFKEIRilCEIhShCEUoQhGKUIQiFKG+JFTnmdw6zwensBOOre4yRuHWSh7c/ZJjRShCEYpQhCIUoQhFKEIRilCEIhShCEUoQn1JqLn5jjUyWz1gLHO3yNwezQ1h50xudWoldwyhCEUoQhGKUIQiFKEIRShCEYpQhCIUoQh1uVA3NlBzf3zw528dpJgFnWdyrhaM2Rcb7yv/bwNCEYpQhCIUoQhFKEIRilCEIhShCEUoQhEq0eUddCTWbV1hQUmLtHWQthx5bxiuqPYIRShCEYpQhCIUoQhFKEIRilCEIhShCEWoy4UqWY7Y8T447rEGaqv3LBmVkha4ZPhj3TShCEUoQhGKUIQiFKEIRShCEYpQhCIUoQj1tFBzP2muvLuiRIv1U1sFXKd9sfGOveSNYBGKUIQiFKEIRShCEYpQhCIUoQhFKEIRilC3CbW1wVc0UHOnPabb3IY+QEPsupq76WM/n1CEIhShCEUoQhGKUIQiFKEIRShCEYpQhHpaqIMHKVbelbR1V1hw0L6tPYppfnAYYvVrrCInFKEIRShCEYpQhCIUoQhFKEIRilCEIhShPixUbLAOnquSei62GrGboKS67ZyNEjdjx5lQhCIUoQhFKEIRilCEIhShCEUoQhGKUIR6S6jObejsxWL0vz/BqdmItVcxkTt/L6EIRShCEYpQhCIUoQhFKEIRilCEIhShCPUloWJ7VjLfJU8PYlfSmsVO3VzfOndPxP5J8WCXRyhCEYpQhCIUoQhFKEIRilCEIhShCEUoQt3dUJSUWbGjcnB0Yp8cO8AH/3juiG6VwgeH4Y4uj1CEIhShCEUoQhGKUIQiFKEIRShCEYpQhLpbqINrF3NkqzWLvdXWWpUUrHMfFbtUDn4RoQhFKEIRilCEIhShCEUoQhGKUIQiFKEIRagBoeamYe5sxNq6zgLuivr1imYz1gLHimxCEYpQhCIUoQhFKEIRilCEIhShCEUoQhGKUAPrnusROo73Vg8YOwyxsrJku2OcxRaHUIQiFKEIRShCEYpQhCIUoQhFKEIRilCEItT2EZ17jYNvNVftxbCb27KSYnfrYiip9uaQJRShCEUoQhGKUIQiFKEIRShCEYpQhCIUob4k1BY6sRN7RWkYq/ZK6I9VbFtN7tbwb9WvhCIUoQhFKEIRilCEIhShCEUoQhGKUIQiFKHmK6eSdjJWV3WObMnFcNDNG7vpK6o9QhGKUIQiFKEIRShCEYpQhCIUoQhFKEIR6nKhYlMYI2mun+q0L2bQVqUYG8JYWRlb9he6PEIRilCEIhShCEUoQhGKUIQiFKEIRShCEWq/y5srlbYqiYP7vbULse6yMw9UxjGCY/tLKEIRilCEIhShCEUoQhGKUIQiFKEIRShCvSXU1hbGxu69j9qiv2TLtpqvWLN5sBUlFKEIRShCEYpQhCIUoQhFKEIRilCEIhShCLW9siV1VWxWtvqaWLbaqxsP8Nb1/H6XRyhCEYpQhCIUoQhFKEIRilCEIhShCEUoQl2Wg+VOCdAxdLYqxU6Dti6z2B9v/QuDUIQiFKEIRShCEYpQhCIUoQhFKEIRilCE+pJQW13PXMswd7wPjvucqlvv3Ln7VyzOVjc9ePETilCEIhShCEUoQhGKUIQiFKEIRShCEYpQdwtVUpPFfkKsrjrY9Ryc763u8uMVamffSihCEYpQhCIUoQhFKEIRilCEIhShCEUoQhFqoCko2aS5Gd1qgg6e55LDv/VFseGfu5BKyjtCEYpQhCIUoQhFKEIRilCEIhShCEUoQhGKUGUH+MZ6rgTKGBy5ozJWZZasRglJhCIUoQhFKEIRilCEIhShCEUoQhGKUIQiFKHmu7xY81XydKvrOfjOW0MYE3lrzDpJIhShCEUoQhGKUIQiFKEIRShCEYpQhCIUoZ4WqqRG6TzAW7Xg3B5t3UBXVGw3rsZahUooQhGKUIQiFKEIRShCEYpQhCIUoQhFKELdLVTstMeGcq7rib3GHP1zN0HsBpqr2Eouhq3tJhShCEUoQhGKUIQiFKEIRShCEYpQhCIUob4klIgIoUSEUCIihBIRIZSIEEpEhFAiQigREUKJiBBKRAglIkIoESGUiAihREQIJSKEEhEhlIgQSkSEUCIihBIRQomIEEpECCUiQigREUKJSH/+BcxhPuj8389RAAAAAElFTkSuQmCC', '00020101021226820014br.gov.bcb.pix2560qrpix-h.bradesco.com.br/9d36b84f-c70b-478f-b95c-12729b90ca255204000053039865406200.005802BR5905ASAAS6009JOINVILLE62070503***630490C7', '2024-12-06 02:59:59', '4242', 'VISA', '2024-12-05 22:31:39', '2024-12-06 16:15:55'),
(12, 6, 'cus_000006382413', '564.090.260-48', 3, 'card', 'completed', 0, '50.00', NULL, NULL, '2024-12-06 16:25:12', NULL, NULL, NULL, '4242', 'VISA', '2024-12-05 22:36:34', '2024-12-06 16:25:12'),
(13, 6, 'cus_000006382413', '004.494.940-55', 2, 'pix', 'completed', 0, '100.00', 'pay_58gya6o1z182cdle', NULL, '2024-12-06 16:26:35', 'iVBORw0KGgoAAAANSUhEUgAAAYsAAAGLCAIAAAC5gincAAAOXklEQVR42u3aUY4rNxADQN//0skNAgSrZlOa4u9s7LHUKj2A+f0jItKanyUQEUKJiBBKRAglIkIoESGUiAihREQIJSKEEhEhlIgQSkSEUCIihBIRQomIEEpECCUiQigREUKJCKFERAglIoQSESGUiAihRIRQIiLlQv1S+e/v/ctb/a9P/stqbH3U1ktubejcD/zLqJTMc+yEEopQhCIUoQhFKEIRilCEIhShCEUoQhGKUB8WKvbJc8rEhiPXjFS+89ZbzUlRcnBKTiihCEUoQhGKUIQiFKEIRShCEYpQhCIUoQhFqIHjffCT57ahpBkp+aiDv3eOs5KStKSO3Fo6QhGKUIQiFKEIRShCEYpQhCIUoQhFKEIRilADv/8K+0qKv63eM7b7c997xSVKKEIRilCEIhShCEUoQhGKUIQiFKEIRShCEYpQf36rmBSxnii2Vlv7e/AHxras5CmhCEUoQhGKUIQiFKEIRShCEYpQhCIUoQhFqO0maG6wYm3O1hdt/YS5au+gQXNvdfCdY7twx9knFKEIRShCEYpQhCIUoQhFKEIRilCEIhSh7hYqtt+eeuppuI2N1dyE8tRTQhGKUJ56SihCeeqpp4QilKeeEuo2obYyx9nBFmmrcCyZwtiVE+s9Dw7DVrV3x+kmFKEIRShCEYpQhCIUoQhFKEIRilCEIhShnhJqq60rmf45sB7IQSkOnue5P56bydhqPNjlEYpQhCIUoQhFKEIRilCEIhShCEUoQhGKUAsGba1drETb+uTYHs31UyU/YQudkncuqRQJRShCEYpQhCIUoQhFKEIRilCEIhShCEWoy7u8zk2aG7tYlTlnwdbSzc33wbfaaidjF9Lc8BOKUIQiFKEIRShCEYpQhCIUoQhFKEIRilBfEmqu24oVjp0Ez43d3Ermup6lkxO7RUq6aUIRilCEIhShCEUoQhGKUIQiFKEIRShCEYpQ8b7mxhplDqytLi+GbAmjW3dMybEqpZ9QhCIUoQhFKEIRilCEIhShCEUoQhGKUIS6TKiSMitWwWwdhli1N7ewMQpL7phYa/ZeZ0ooQhGKUIQiFKEIRShCEYpQhCIUoQhFKEJ9qcu7sSabK2g6r41YYgsb+96S0jB2lxOKUIQiFKEIRShCEYpQhCIUoQhFKEIRilAfFupguTNXwMU4i23/FdM/t1adVddWdxlbHEIRilCEIhShCEUoQhGKUIQiFKEIRShCEYpQ24cw1lBsFUNbFdvchm41fVtv1dnHdV4bhCIUoQhFKEIRilCEIhShCEUoQhGKUIQi1FtCxcZ9q4M4OO4lbl5R/M398dZcbf382B1DKEIRilCEIhShCEUoQhGKUIQiFKEIRShCEaqsNykBq6SgOdiazX3U1i5c0fNewQqhCEUoQhGKUIQiFKEIRShCEYpQhCIUoQhFqPmRndvRLUe2ir+tPdq6zGJ1c8kOzm1ZTDdCEYpQhCIUoQhFKEIRilCEIhShCEUoQhHqLaHmDvAWWO/1U51NbsnUxVrvkjpyznpCEYpQhCIUoQhFKEIRilCEIhShCEUoQhHqaaG2jvcVXU/JUMZO7JwysU/e0vzGlRzUnFCEIhShCEUoQhGKUIQiFKEIRShCEYpQhLpbqFi5E2soSg5SbNnnGL2RldhqlJRoJSEUoQhFKEIRilCEIhShCEUoQhGKUIQiFKFuE6qkGoiVhrGnc5zF+J7rarfAmrtTY2X03JYRilCEIhShCEUoQhGKUIQiFKEIRShCEYpQHxbqioEuOSqxtdryOnY/zd0xJZfKVrVXUhoSilCEIhShCEUoQhGKUIQiFKEIRShCEYpQbwk1d2K3JjhWdMbOxm8sMaFiRVjsNWLTXlKSEopQhCIUoQhFKEIRilCEIhShCEUoQhGKUF8SaoukOWVihyG2KbEmaG5htyrUWA0ac2RtYglFKEIRilCEIhShCEUoQhGKUIQiFKEIRai7hYrVN3N1RkmpFHuruaMSq6tKLoaDX7TV5c0BTShCEYpQhCIUoQhFKEIRilCEIhShCEUoQn1JqK0TG1voLYNiSxej4SCUW7MRG+CSiu2FLo9QhCIUoQhFKEIRilCEIhShCEUoQhGKUIQaEWrreM8xGvtvr8A9tvtbms+VaFvvXPJFhCIUoQhFKEIRilCEIhShCEUoQhGKUIQi1JeEmqtvYhOcayhSJ+cKsEpugoOnfasFLjmwhCIUoQhFKEIRilCEIhShCEUoQhGKUIQi1IeF6qTh4HmeG7tYLxajYeswHNyFkqnrbFRjx5lQhCIUoQhFKEIRilCEIhShCEUoQhGKUIS6TaiDQznXMcWEio3dXBP0SyU37qnTvnWsOs8RoQhFKEIRilCEIhShCEUoQhGKUIQiFKEIRaj5nii2DQeVKemY5lSda4I6K6e5iS05R3PfSyhCEYpQhCIUoQhFKEIRilCEIhShCEUoQr0l1NzKllQ/sQLu4GpsjWxs+rdWsrMIK5kcQhGKUIQiFKEIRShCEYpQhCIUoQhFKEIRilADs1Ii49xAzw1HyU0QW5zOsjI27bFPzrXPhCIUoQhFKEIRilCEIhShCEUoQhGKUIQi1GVCzcFRcrznxu69MqtT5K1bc87crV2IgUUoQhGKUIQiFKEIRShCEYpQhCIUoQhFKELdJlSnIzEo17awcs62VI21z52d6dY/OAhFKEIRilCEIhShCEUoQhGKUIQiFKEIRShCzTdQBy14oIE6aEFuzpbayTl0YuN90JGtjyIUoQhFKEIRilCEIhShCEUoQhGKUIQiFKG+JFTnmdw6zwensBOOre4yRuHWSh7c/ZJjRShCEYpQhCIUoQhFKEIRilCEIhShCEUoQn1JqLn5jjUyWz1gLHO3yNwezQ1h50xudWoldwyhCEUoQhGKUIQiFKEIRShCEYpQhCIUoQh1uVA3NlBzf3zw528dpJgFnWdyrhaM2Rcb7yv/bwNCEYpQhCIUoQhFKEIRilCEIhShCEUoQhEq0eUddCTWbV1hQUmLtHWQthx5bxiuqPYIRShCEYpQhCIUoQhFKEIRilCEIhShCEWoy4UqWY7Y8T447rEGaqv3LBmVkha4ZPhj3TShCEUoQhGKUIQiFKEIRShCEYpQhCIUoQj1tFBzP2muvLuiRIv1U1sFXKd9sfGOveSNYBGKUIQiFKEIRShCEYpQhCIUoQhFKEIRilC3CbW1wVc0UHOnPabb3IY+QEPsupq76WM/n1CEIhShCEUoQhGKUIQiFKEIRShCEYpQhHpaqIMHKVbelbR1V1hw0L6tPYppfnAYYvVrrCInFKEIRShCEYpQhCIUoQhFKEIRilCEIhShPixUbLAOnquSei62GrGboKS67ZyNEjdjx5lQhCIUoQhFKEIRilCEIhShCEUoQhGKUIR6S6jObejsxWL0vz/BqdmItVcxkTt/L6EIRShCEYpQhCIUoQhFKEIRilCEIhShCPUloWJ7VjLfJU8PYlfSmsVO3VzfOndPxP5J8WCXRyhCEYpQhCIUoQhFKEIRilCEIhShCEUoQt3dUJSUWbGjcnB0Yp8cO8AH/3juiG6VwgeH4Y4uj1CEIhShCEUoQhGKUIQiFKEIRShCEYpQhLpbqINrF3NkqzWLvdXWWpUUrHMfFbtUDn4RoQhFKEIRilCEIhShCEUoQhGKUIQiFKEIRagBoeamYe5sxNq6zgLuivr1imYz1gLHimxCEYpQhCIUoQhFKEIRilCEIhShCEUoQhGKUAPrnusROo73Vg8YOwyxsrJku2OcxRaHUIQiFKEIRShCEYpQhCIUoQhFKEIRilCEItT2EZ17jYNvNVftxbCb27KSYnfrYiip9uaQJRShCEUoQhGKUIQiFKEIRShCEYpQhCIUob4k1BY6sRN7RWkYq/ZK6I9VbFtN7tbwb9WvhCIUoQhFKEIRilCEIhShCEUoQhGKUIQiFKHmK6eSdjJWV3WObMnFcNDNG7vpK6o9QhGKUIQiFKEIRShCEYpQhCIUoQhFKEIR6nKhYlMYI2mun+q0L2bQVqUYG8JYWRlb9he6PEIRilCEIhShCEUoQhGKUIQiFKEIRShCEWq/y5srlbYqiYP7vbULse6yMw9UxjGCY/tLKEIRilCEIhShCEUoQhGKUIQiFKEIRShCvSXU1hbGxu69j9qiv2TLtpqvWLN5sBUlFKEIRShCEYpQhCIUoQhFKEIRilCEIhShCLW9siV1VWxWtvqaWLbaqxsP8Nb1/H6XRyhCEYpQhCIUoQhFKEIRilCEIhShCEUoQl2Wg+VOCdAxdLYqxU6Dti6z2B9v/QuDUIQiFKEIRShCEYpQhCIUoQhFKEIRilCE+pJQW13PXMswd7wPjvucqlvv3Ln7VyzOVjc9ePETilCEIhShCEUoQhGKUIQiFKEIRShCEYpQdwtVUpPFfkKsrjrY9Ryc763u8uMVamffSihCEYpQhCIUoQhFKEIRilCEIhShCEUoQhFqoCko2aS5Gd1qgg6e55LDv/VFseGfu5BKyjtCEYpQhCIUoQhFKEIRilCEIhShCEUoQhGKUGUH+MZ6rgTKGBy5ozJWZZasRglJhCIUoQhFKEIRilCEIhShCEUoQhGKUIQiFKHmu7xY81XydKvrOfjOW0MYE3lrzDpJIhShCEUoQhGKUIQiFKEIRShCEYpQhCIUoZ4WqqRG6TzAW7Xg3B5t3UBXVGw3rsZahUooQhGKUIQiFKEIRShCEYpQhCIUoQhFKELdLVTstMeGcq7rib3GHP1zN0HsBpqr2Eouhq3tJhShCEUoQhGKUIQiFKEIRShCEYpQhCIUob4klIgIoUSEUCIihBIRIZSIEEpEhFAiQigREUKJiBBKRAglIkIoESGUiAihREQIJSKEEhEhlIgQSkSEUCIihBIRQomIEEpECCUiQigREUKJSH/+BcxhPuj8389RAAAAAElFTkSuQmCC', '00020101021226820014br.gov.bcb.pix2560qrpix-h.bradesco.com.br/9d36b84f-c70b-478f-b95c-12729b90ca255204000053039865406200.005802BR5905ASAAS6009JOINVILLE62070503***630490C7', '2024-12-07 02:59:59', NULL, NULL, '2024-12-05 22:46:14', '2024-12-06 16:27:16'),
(14, 6, 'cus_000006382413', '004.494.940-55', 2, 'pix', 'completed', 0, '100.00', 'pay_0mrjt6vl4bltahqd', NULL, '2024-12-05 22:49:24', 'iVBORw0KGgoAAAANSUhEUgAAAYsAAAGLCAIAAAC5gincAAAOTklEQVR42u3ZQW4kORADQP//094fDLCwkkypgtfuaVdJqdAA/PkVEdmaH0sgIoQSESGUiBBKRIRQIkIoERFCiYgQSkQIJSJCKBEhlIgIoURECCUihBIRIZSIEEpEhFAiIoQSEUKJiBBKRAglIkIoERFCiQihRESWC/WTyr//buzTv6xG66daD/m/1vkvX557jIOjcnAmW0s3N5OEIhShCEUoQhGKUIQiFKEIRShCEYpQhCLUW0LFfjlmUOsQxm6RmIxzu9Caq7nHeOCEEopQhCIUoQhFKEIRilCEIhShCEUoQhGKUIQaON6xX45xFmvrWj918H2vuBjmXjAm8pY7lVCEIhShCEUoQhGKUIQiFKEIRShCEYpQhCLU+bMRe+YripLWEW3tfuv2WnIhEYpQhCIUoQhFKEIRilCEIhShCEUoQhGKUIQi1J+f6opebMkEL9nfgy8Yq/aWfEooQhGKUIQiFKEIRShCEYpQhCIUoQhFKEIRalnldHCwYm3O3GFovUKsU5sjeO6p5jZ0bhfuOPuEIhShCEUoQhGKUIQiFKEIRShCEYpQhCLU3ULF9tunPvVpuI2d6z0J5VOf+pRQhPKpTwlFKHPmU58SilA+9SmhLheqlblu64HCcckUxq6cJbPR2rLf50IoQhGKUIQiFKEIRShCEYpQhCIUoQhFKEK9JVSrrVviyNwfeiCt4/2XUTmo25ybc6vxYJdHKEIRilCEIhShCEUoQhGKUIQiFKEIRShCFQxqrd0cZ61SKbZWS+CIXYQtdJY885JKkVCEIhShCEUoQhGKUIQiFKEIRShCEYpQhLq8y9u5SXNj1zo5scVZYn1rROf4nhvCVrNJKEIRilCEIhShCEUoQhGKUIQiFKEIRShCfViouW4rVjjuJHjnad/S9ZROztydOifjwYklFKEIRShCEYpQhCIUoQhFKEIRilCEIhShCDV/cnbWKC2wrij+dhZDc5MTe/3YsVpKP6EIRShCEYpQhCIUoQhFKEIRilCEIhShCHWZUK0NPtjH7WR0rnCM/duYm7FbZGdr9l5nSihCEYpQhCIUoQhFKEIRilCEIhShCEUoQt0mVGz7WzVZrCfaeW3EMtd8xWqyln0773JCEYpQhCIUoQhFKEIRilCEIhShCEUoQhHqS0LNneeDo3PwiMYWJ3Y2YgvbKpVaOxjrLmOLQyhCEYpQhCIUoQhFKEIRilCEIhShCEUoQhGqfQjnxj32h2LTP/eCc/QftK/1VDcO/5KfIhShCEUoQhGKUIQiFKEIRShCEYpQhCIUoS4Xasm4t8qOg2XWkt5zSfE39+VWt9V6/dgdQyhCEYpQhCIUoQhFKEIRilCEIhShCEUoQhFqvjdpHeBYi7RkFw7u4NzrL2n65h7yRlYIRShCEYpQhCIUoQhFKEIRilCEIhShCEUoQt28oy1H5h5yydloXWZL6ubYDs4tTks3QhGKUIQiFKEIRShCEYpQhCIUoQhFKEIR6i2hlpznVk12RT+1s8mNTV1srmK3dQwsQhGKUIQiFKEIRShCEYpQhCIUoQhFKEIRilADuzLnV6vrWTKUMc5aQB9cjZbmrffd+b8EQhGKUIQiFKEIRShCEYpQhCIUoQhFKEIR6nKhYuVObApb2LWWfUnHtISVlqqtEm1JCEUoQhGKUIQiFKEIRShCEYpQhCIUoQhFqNuEWlINxIqS2KcHK7Yr0Lmxj5t7yCX1XEtGQhGKUIQiFKEIRShCEYpQhCIUoQhFKEIR6q0ur9Ux7Twqc6/QesjY8Y7dMUsulVa1t6Q0JBShCEUoQhGKUIQiFKEIRShCEYpQhCIUob4kVKz5ak1DrHGL3ROxMit2IcXMXXJt7CxJCUUoQhGKUIQiFKEIRShCEYpQhCIUoQhFqC8JFetNYsrEDkPr2ogxGqtQ57yO1aAxR2oTSyhCEYpQhCIUoQhFKEIRilCEIhShCEUoQt0t1NxRmeNsZ6kUe6q56mcOyp0Xg+qWUIQiFKEIRShCEYpQhCIUoQhFKEIRilCEIlT1xMYWumVQbOnmOqa5bqs1G7EBjl1IS0IoQhGKUIQiFKEIRShCEYpQhCIUoQhFKELdJlTreC+pFOfqyCtwbxVwc6VhbENjX17ybwlFKEIRilCEIhShCEUoQhGKUIQiFKEIRainhZqrb2K9WK6hSJ2cWKk0N7JLGsa5eW6VhrG+lVCEIhShCEUoQhGKUIQiFKEIRShCEYpQhPqSUDtpmJvvg8PReubYG8UOw9wzt6ZuSZfXOs6EIhShCEUoQhGKUIQiFKEIRShCEYpQhCLUbUIdHMqDHVNszmKTtOSXY7Xgzg1t3bixPfrdEUIRilCEIhShCEUoQhGKUIQiFKEIRShCEeotoQ6eq4ObFHvmVi/W6onmmqCdldPcxC45R3N/l1CEIhShCEUoQhGKUIQiFKEIRShCEYpQhHpLqNhRaVU/rZqstRpzTxX78twz7yzCYnuUeyNCEYpQhCIUoQhFKEIRilCEIhShCEUoQhHqKaHmztWSMutnLK1rY26Pdi5Oawhjp2zuTiUUoQhFKEIRilCEIhShCEUoQhGKUIQiFKEINQ/HA8c7VqItKbN2FmEHF2dunq/YhdgOEopQhCIUoQhFKEIRilCEIhShCEUoQhGKULcJtdORGJS1LSzNWezULdnumH0xr5d0iIQiFKEIRShCEYpQhCIUoQhFKEIRilCEItSXhFpiwRWlYayPa833nF83Etxqn2M/RShCEYpQhCIUoQhFKEIRilCEIhShCEUoQn1JqJ1ncu48x2iI9YAH25wHKIz93bndX3KsCEUoQhGKUIQiFKEIRShCEYpQhCIUoQhFqC8JNXeeY41Mqwdc0hO1is6Y5lesc6tTW3LHEIpQhCIUoQhFKEIRilCEIhShCEUoQhGKUJcL1WqgWr1Jrd0oORKr9pacyblaMGbfA9UtoQhFKEIRilCEIhShCEUoQhGKUIQiFKEIdZtQBzd47pd3Fo6tsZtbjSW17/PD0PpDV3Z5hCIUoQhFKEIRyjAQilCEIhShCGUoCWUYCFUQqrUcsaJkbtxbIxv7ckvGVvPV0m2urCQUoQhFKEIRilCEIhShCEUoQhGKUIQiFKEItayBuvHwz1VOsdXYWfzNveCSExsTaglYhCIUoQhFKEIRilCEIhShCEUoQhGKUIQi1G1CtTa4Vd61+G7pNrehsW7rihu3dVJir08oQhGKUIQiFKEIRShCEYpQhCIUoQhFKEI9LdTcUWkZtHPsWnXV3IbOERwb0blhiNWvO+8JQhGKUIQiFKEIRShCEYpQhCIUoQhFKEIR6mmhWtXPkmlYUoRdMaNzlfHO2VjiZuw4E4pQhCIUoQhFKEIRilCEIhShCEUoQhGKUG8JtXMblvRiO0laUt61KuODv3yjyDvfl1CEIhShCEUoQhGKUIQiFKEIRShCEYpQhPqSULE92znfc8Vf6xC2GtXYqZtbnLnGLfZfige7PEIRilCEIhShCEUoQhGKUIQiFKEIRShCEeruhiJWGi45KgdH5wpHWl+eO6Kx9nluzO7o8ghFKEIRilCEIhShCEUoQhGKUIQiFKEIRai7hYrVZK3ScO4V5rq8uZFdAuXcU8UuldbtRShCEYpQhCIUoQhFKEIRilCEIhShCEUoQhHqhFBz0zDXqsTaula1FzvtsbZuSWcao6FVZBOKUIQiFKEIRShCEYpQhCIUoQhFKEIRilCEmm+RWm62aqO5kzPXt86t8xILlhz+G+9jQhGKUIQiFKEIRShCEYpQhCIUoQhFKEIR6mmhYke0hc5cixT7u7FObe4hd14MrSGc+19CjCRCEYpQhCIUoQhFKEIRilCEIhShCEUoQhHqcqFa6MwdpNw2jK1Gq+q6oydKvdGSy3sJsoQiFKEIRShCEYpQhCIUoQhFKEIRilCEIhSh4vlNZWddtXNk53bw4O4vKTpjUuys9ghFKEIRilCEIhShCEUoQhGKUIQiFKEIRagvCTX3d3dWbEssaEF5xcLuLLLnLv6WjIQiFKEIRShCEYpQhCIUoQhFKEIRilCEItSHhZorlVpncsuO7niFVqO6pLx7YAdb5R2hCEUoQhGKUIQiFKEIRShCEYpQhCIUoQj1tFCtLZyrfloFTeynYvTvXOdW8zUHx8G1yl0bhCIUoQhFKEIRilCEIhShCEUoQhGKUIQi1MtCPdC4xc5GrFX52ZG5DY1tyo11ZGydCUUoQhGKUIQiFKEIRShCEYpQhCIUoQhFqKeF2rkrrcdYchjmOrW5+rVlUOwya3259T8MQhGKUIQiFKEIRShCEYpQhCIUoQhFKEIR6ktCtbqe2J61DBrc/lSF2lL1a4szx2jt4icUoQhFKEIRilCEIhShCEUoQhGKUIQiFKHuFuqKX57riWJTeHDsDr5CrK2LHe8ld9sVfSuhCEUoQhGKUIQiFKEIRShCEYpQhCIUoQhFqIGm4IpD2Op6lpznWHe5RJnYM8cupCXlHaEIRShCEYpQhCIUoQhFKEIRilCEIhShCEWoAaFarMy9QuzLsXviipMTm6tWzb2EJEIRilCEIhShCEUoQhGKUIQiFKEIRShCEYpQ80LFmq+5+b6xntu5Vq16rjVmO9s6QhGKUIQiFKEIRShCEYpQhCIUoQhFKEIR6ktCXVGjtA5wqxac26OdXe2Siu3G1ahVqIQiFKEIRShCEYpQhCIUoQhFKEIRilCEItTdQsVOe2wo5wyKfblF/84irFX7Ljl0SzQnFKEIRShCEYpQhCIUoQhFKEIRilCEIhSh3hJKRIRQIkIoERFCiYgQSkQIJSJCKBEhlIgIoURECCUihBIRIZSIEEpEhFAiIoQSEUKJiBBKRAglIkIoERFCiQihREQIJSKEEhEhlIgIoURkf/4D9Mj/NV+ZvD8AAAAASUVORK5CYII=', '00020101021226820014br.gov.bcb.pix2560qrpix-h.bradesco.com.br/9d36b84f-c70b-478f-b95c-12729b90ca255204000053039865406100.005802BR5905ASAAS6009JOINVILLE62070503***6304474A', '2024-12-06 02:59:59', NULL, NULL, '2024-12-05 22:49:23', '2024-12-05 22:49:34'),
(15, 6, 'cus_000006382413', '004.494.940-55', 2, 'pix', 'completed', 0, '100.00', 'pay_5usm08genjz2l976', NULL, '2024-12-05 22:50:14', 'iVBORw0KGgoAAAANSUhEUgAAAYsAAAGLCAIAAAC5gincAAAOTklEQVR42u3ZQW4kORADQP//094fDLCwkkypgtfuaVdJqdAA/PkVEdmaH0sgIoQSESGUiBBKRIRQIkIoERFCiYgQSkQIJSJCKBEhlIgIoURECCUihBIRIZSIEEpEhFAiIoQSEUKJiBBKRAglIkIoERFCiQihRESWC/WTyr//buzTv6xG66daD/m/1vkvX557jIOjcnAmW0s3N5OEIhShCEUoQhGKUIQiFKEIRShCEYpQhCLUW0LFfjlmUOsQxm6RmIxzu9Caq7nHeOCEEopQhCIUoQhFKEIRilCEIhShCEUoQhGKUIQaON6xX45xFmvrWj918H2vuBjmXjAm8pY7lVCEIhShCEUoQhGKUIQiFKEIRShCEYpQhCLU+bMRe+YripLWEW3tfuv2WnIhEYpQhCIUoQhFKEIRilCEIhShCEUoQhGKUIQi1J+f6opebMkEL9nfgy8Yq/aWfEooQhGKUIQiFKEIRShCEYpQhCIUoQhFKEIRalnldHCwYm3O3GFovUKsU5sjeO6p5jZ0bhfuOPuEIhShCEUoQhGKUIQiFKEIRShCEYpQhCLU3ULF9tunPvVpuI2d6z0J5VOf+pRQhPKpTwlFKHPmU58SilA+9SmhLheqlblu64HCcckUxq6cJbPR2rLf50IoQhGKUIQiFKEIRShCEYpQhCIUoQhFKEK9JVSrrVviyNwfeiCt4/2XUTmo25ybc6vxYJdHKEIRilCEIhShCEUoQhGKUIQiFKEIRShCFQxqrd0cZ61SKbZWS+CIXYQtdJY885JKkVCEIhShCEUoQhGKUIQiFKEIRShCEYpQhLq8y9u5SXNj1zo5scVZYn1rROf4nhvCVrNJKEIRilCEIhShCEUoQhGKUIQiFKEIRShCfViouW4rVjjuJHjnad/S9ZROztydOifjwYklFKEIRShCEYpQhCIUoQhFKEIRilCEIhShCDV/cnbWKC2wrij+dhZDc5MTe/3YsVpKP6EIRShCEYpQhCIUoQhFKEIRilCEIhShCHWZUK0NPtjH7WR0rnCM/duYm7FbZGdr9l5nSihCEYpQhCIUoQhFKEIRilCEIhShCEUoQt0mVGz7WzVZrCfaeW3EMtd8xWqyln0773JCEYpQhCIUoQhFKEIRilCEIhShCEUoQhHqS0LNneeDo3PwiMYWJ3Y2YgvbKpVaOxjrLmOLQyhCEYpQhCIUoQhFKEIRilCEIhShCEUoQhGqfQjnxj32h2LTP/eCc/QftK/1VDcO/5KfIhShCEUoQhGKUIQiFKEIRShCEYpQhCIUoS4Xasm4t8qOg2XWkt5zSfE39+VWt9V6/dgdQyhCEYpQhCIUoQhFKEIRilCEIhShCEUoQhFqvjdpHeBYi7RkFw7u4NzrL2n65h7yRlYIRShCEYpQhCIUoQhFKEIRilCEIhShCEUoQt28oy1H5h5yydloXWZL6ubYDs4tTks3QhGKUIQiFKEIRShCEYpQhCIUoQhFKEIR6i2hlpznVk12RT+1s8mNTV1srmK3dQwsQhGKUIQiFKEIRShCEYpQhCIUoQhFKEIRilADuzLnV6vrWTKUMc5aQB9cjZbmrffd+b8EQhGKUIQiFKEIRShCEYpQhCIUoQhFKEIR6nKhYuVObApb2LWWfUnHtISVlqqtEm1JCEUoQhGKUIQiFKEIRShCEYpQhCIUoQhFqNuEWlINxIqS2KcHK7Yr0Lmxj5t7yCX1XEtGQhGKUIQiFKEIRShCEYpQhCIUoQhFKEIR6q0ur9Ux7Twqc6/QesjY8Y7dMUsulVa1t6Q0JBShCEUoQhGKUIQiFKEIRShCEYpQhCIUob4kVKz5ak1DrHGL3ROxMit2IcXMXXJt7CxJCUUoQhGKUIQiFKEIRShCEYpQhCIUoQhFqC8JFetNYsrEDkPr2ogxGqtQ57yO1aAxR2oTSyhCEYpQhCIUoQhFKEIRilCEIhShCEUoQt0t1NxRmeNsZ6kUe6q56mcOyp0Xg+qWUIQiFKEIRShCEYpQhCIUoQhFKEIRilCEIlT1xMYWumVQbOnmOqa5bqs1G7EBjl1IS0IoQhGKUIQiFKEIRShCEYpQhCIUoQhFKELdJlTreC+pFOfqyCtwbxVwc6VhbENjX17ybwlFKEIRilCEIhShCEUoQhGKUIQiFKEIRainhZqrb2K9WK6hSJ2cWKk0N7JLGsa5eW6VhrG+lVCEIhShCEUoQhGKUIQiFKEIRShCEYpQhPqSUDtpmJvvg8PReubYG8UOw9wzt6ZuSZfXOs6EIhShCEUoQhGKUIQiFKEIRShCEYpQhCLUbUIdHMqDHVNszmKTtOSXY7Xgzg1t3bixPfrdEUIRilCEIhShCEUoQhGKUIQiFKEIRShCEeotoQ6eq4ObFHvmVi/W6onmmqCdldPcxC45R3N/l1CEIhShCEUoQhGKUIQiFKEIRShCEYpQhHpLqNhRaVU/rZqstRpzTxX78twz7yzCYnuUeyNCEYpQhCIUoQhFKEIRilCEIhShCEUoQhHqKaHmztWSMutnLK1rY26Pdi5Oawhjp2zuTiUUoQhFKEIRilCEIhShCEUoQhGKUIQiFKEINQ/HA8c7VqItKbN2FmEHF2dunq/YhdgOEopQhCIUoQhFKEIRilCEIhShCEUoQhGKULcJtdORGJS1LSzNWezULdnumH0xr5d0iIQiFKEIRShCEYpQhCIUoQhFKEIRilCEItSXhFpiwRWlYayPa833nF83Etxqn2M/RShCEYpQhCIUoQhFKEIRilCEIhShCEUoQn1JqJ1ncu48x2iI9YAH25wHKIz93bndX3KsCEUoQhGKUIQiFKEIRShCEYpQhCIUoQhFqC8JNXeeY41Mqwdc0hO1is6Y5lesc6tTW3LHEIpQhCIUoQhFKEIRilCEIhShCEUoQhGKUJcL1WqgWr1Jrd0oORKr9pacyblaMGbfA9UtoQhFKEIRilCEIhShCEUoQhGKUIQiFKEIdZtQBzd47pd3Fo6tsZtbjSW17/PD0PpDV3Z5hCIUoQhFKEIRyjAQilCEIhShCGUoCWUYCFUQqrUcsaJkbtxbIxv7ckvGVvPV0m2urCQUoQhFKEIRilCEIhShCEUoQhGKUIQiFKEItayBuvHwz1VOsdXYWfzNveCSExsTaglYhCIUoQhFKEIRilCEIhShCEUoQhGKUIQi1G1CtTa4Vd61+G7pNrehsW7rihu3dVJir08oQhGKUIQiFKEIRShCEYpQhCIUoQhFKEI9LdTcUWkZtHPsWnXV3IbOERwb0blhiNWvO+8JQhGKUIQiFKEIRShCEYpQhCIUoQhFKEIR6mmhWtXPkmlYUoRdMaNzlfHO2VjiZuw4E4pQhCIUoQhFKEIRilCEIhShCEUoQhGKUG8JtXMblvRiO0laUt61KuODv3yjyDvfl1CEIhShCEUoQhGKUIQiFKEIRShCEYpQhPqSULE92znfc8Vf6xC2GtXYqZtbnLnGLfZfige7PEIRilCEIhShCEUoQhGKUIQiFKEIRShCEeruhiJWGi45KgdH5wpHWl+eO6Kx9nluzO7o8ghFKEIRilCEIhShCEUoQhGKUIQiFKEIRai7hYrVZK3ScO4V5rq8uZFdAuXcU8UuldbtRShCEYpQhCIUoQhFKEIRilCEIhShCEUoQhHqhFBz0zDXqsTaula1FzvtsbZuSWcao6FVZBOKUIQiFKEIRShCEYpQhCIUoQhFKEIRilCEmm+RWm62aqO5kzPXt86t8xILlhz+G+9jQhGKUIQiFKEIRShCEYpQhCIUoQhFKEIR6mmhYke0hc5cixT7u7FObe4hd14MrSGc+19CjCRCEYpQhCIUoQhFKEIRilCEIhShCEUoQhHqcqFa6MwdpNw2jK1Gq+q6oydKvdGSy3sJsoQiFKEIRShCEYpQhCIUoQhFKEIRilCEIhSh4vlNZWddtXNk53bw4O4vKTpjUuys9ghFKEIRilCEIhShCEUoQhGKUIQiFKEIRagvCTX3d3dWbEssaEF5xcLuLLLnLv6WjIQiFKEIRShCEYpQhCIUoQhFKEIRilCEItSHhZorlVpncsuO7niFVqO6pLx7YAdb5R2hCEUoQhGKUIQiFKEIRShCEYpQhCIUoQj1tFCtLZyrfloFTeynYvTvXOdW8zUHx8G1yl0bhCIUoQhFKEIRilCEIhShCEUoQhGKUIQi1MtCPdC4xc5GrFX52ZG5DY1tyo11ZGydCUUoQhGKUIQiFKEIRShCEYpQhCIUoQhFqKeF2rkrrcdYchjmOrW5+rVlUOwya3259T8MQhGKUIQiFKEIRShCEYpQhCIUoQhFKEIR6ktCtbqe2J61DBrc/lSF2lL1a4szx2jt4icUoQhFKEIRilCEIhShCEUoQhGKUIQiFKHuFuqKX57riWJTeHDsDr5CrK2LHe8ld9sVfSuhCEUoQhGKUIQiFKEIRShCEYpQhCIUoQhFqIGm4IpD2Op6lpznWHe5RJnYM8cupCXlHaEIRShCEYpQhCIUoQhFKEIRilCEIhShCEWoAaFarMy9QuzLsXviipMTm6tWzb2EJEIRilCEIhShCEUoQhGKUIQiFKEIRShCEYpQ80LFmq+5+b6xntu5Vq16rjVmO9s6QhGKUIQiFKEIRShCEYpQhCIUoQhFKEIR6ktCXVGjtA5wqxac26OdXe2Siu3G1ahVqIQiFKEIRShCEYpQhCIUoQhFKEIRilCEItTdQsVOe2wo5wyKfblF/84irFX7Ljl0SzQnFKEIRShCEYpQhCIUoQhFKEIRilCEIhSh3hJKRIRQIkIoERFCiYgQSkQIJSJCKBEhlIgIoURECCUihBIRIZSIEEpEhFAiIoQSEUKJiBBKRAglIkIoERFCiQihREQIJSKEEhEhlIgIoURkf/4D9Mj/NV+ZvD8AAAAASUVORK5CYII=', '00020101021226820014br.gov.bcb.pix2560qrpix-h.bradesco.com.br/9d36b84f-c70b-478f-b95c-12729b90ca255204000053039865406100.005802BR5905ASAAS6009JOINVILLE62070503***6304474A', '2024-12-06 02:59:59', NULL, NULL, '2024-12-05 22:50:13', '2024-12-05 22:50:24');
INSERT INTO `tb_voucher_orders` (`id`, `user_id`, `customer_id`, `cpf`, `voucher_id`, `payment_method`, `status`, `used`, `price`, `payment_id`, `link_pagamento`, `payment_date`, `pix_encoded_image`, `pix_code`, `pix_expiration_date`, `card_last_digits`, `card_brand`, `created_at`, `updated_at`) VALUES
(16, 6, 'cus_000006382413', '004.494.940-55', 3, 'pix', 'completed', 0, '50.00', 'pay_35y9fjmooqhy7id8', NULL, '2024-12-05 22:51:08', 'iVBORw0KGgoAAAANSUhEUgAAAYsAAAGLCAIAAAC5gincAAAOW0lEQVR42u3aQZIjORIDQP3/0z1vGCsGAmQ6rlktKcmgc2yxv38iIq35WQIRIZSICKFEhFAiIoQSEUKJiBBKRIRQIkIoERFCiQihREQIJSJCKBEhlIgIoUSEUCIihBIRIZSIEEpEhFAiQigREUKJiBBKRAglIlIu1C+Vv3zvwd98cHHm/m3sk+dW8sZB+l9v9JensWmfOxqEIhShCEUoQhGKUIQiFKEIRShCEYpQhCLU00LFPjm2KwdPe2yDO3/knFBzqsZwj+3+HZ9MKEIRilCEIhShCEUoQhGKUIQiFKEIRShCPSXUXFEyV7LE6pu5/S75qK1WtGTZO0WOnVBCEYpQhCIUoQhFKEIRilCEIhShCEUoQhGKUPH3nyNpbmTnhrKEs62qK/Zv54Z/7gwSilCEIhShCEUoQhGKUIQiFKEIRShCEYpQhHpXqM4KJjZJJRMcIzjmSGyuSp4SilCEIhShCEUoQhGKUIQiFKEIRShCEYpQhNpugkpO7BVzNleDzjky59fc+8Z+c4nmLZ9MKEIRilCEIhShCEUoQhGKUIQiFKEIRShC3S1UbL899dTTe9tYQnnqqaeEIpSnnhKKUObMU08JRShPPSXUW0Jt5S+cxYqSrU8umcJY/xj73s4t+/dcCEUoQhGKUIQiFKEIRShCEYpQhCIUoQhFqLeE2mrrtpSZ+6j3Mqf5X87z3B9v3W0HV+PBLo9QhCIUoQhFKEIRilCEIhShCEUoQhGKUIRaMGjuDWM/o+SIdmIXu0XmfmRn/Rr7zSWVIqEIRShCEYpQhCIUoQhFKEIRilCEIhShCHV5lze3SbFPnvuo2OvHlm6rroqNaCfQnc0moQhFKEIRilCEIhShCEUoQhGKUIQiFKEI9WGhDq5d7HvnDuFBC0pmJXYY5o7KYOW0dLfdWIITilCEIhShCEUoQhGKUIQiFKEIRShCEYpQHxZqroPoRGfue7d6wE443ms2Y9fV1n9SEIpQhCIUoQhFKEIRilCEIhShCEUoQhGKUE8LFRudzrrqCt224Cgp4GIF61ZXGysrc4eOUIQiFKEIRShCEYpQhCIUoQhFKEIRilCEukyouQ2OdVtzo1NygLfWqoSGTnRKyujYRxGKUIQiFKEIRShCEYpQhCIUoQhFKEIRilBPC/WXN9zqIGKH8Ir2KrYLW2s1dxNs4R7zeq1DJBShCEUoQhGKUIQiFKEIRShCEYpQhCIUoQh1oAqZm6TYFs6NbAmFc5uy1T9egU7nnUooQhGKUIQiFKEIRShCEYpQhCIUoQhFKEJdLtTcryz53tjZiOF+cKA7z3Os+Jv7kSVl9FoXTyhCEYpQhCIUoQhFKEIRilCEIhShCEUoQj0l1G8pB6e/s2LrPPyxXYiZ2+nmwQH+VxlCEYpQhCIUoQhFKEIRilCEIhShCEUoQhHqcqFitcLcNswdpJJPjhWOW5fZjW1dyQ5uXSqEIhShCEUoQhGKUIQiFKEIRShCEYpQhCLU00JtbWGsGNr64zncH1iNLfu2sIs9jdWChCIUoQhFKEIRilCEIhShCEUoQhGKUIQi1G1CdbZXLQs9Ng1zTdBWpxazYOvm6/Q6NsCEIhShCEUoQhGKUIQiFKEIRShCEYpQhCLUl4T6y3DMfdRcExQbrCvKrCvMjV2EV1jQGUIRilCEIhShCEUoQhGKUIQiFKEIRShCEeo2oUpWNnaQ5p4+MKPPF46d90TsZxCKUIQiFKEIRShCEYpQhCIUoQhFKEIRilCEGpAi1m1dUfzFZrTzyom94I1dbWyPSi5CQhGKUIQiFKEIRShCEYpQhCIUoQhFKEIR6sNC3djWbTVBW53a3CtsNVBzd2rsjtm6cQcPO6EIRShCEYpQhCIUoQhFKEIRilCEIhShCPWUUCWbdKMysQYqVr+WtKJXoDPH9xXVHqEIRShCEYpQhCIUoQhFKEIRilCEIhShCHW5UHNnY6vqKhnorSMa6+NiN18nwVvX1cEQilCEIhShCEUoQhGKUIQiFKEIRShCEYpQhNo+sbGFvsKguTan5FLZapDnVmPuvwNuDKEIRShCEYpQhCIUoQhFKEIRilCEIhShCHWbUFc0MrFSaasY2hrZK17/gXL2gYUlFKEIRShCEYpQhCIUoQhFKEIRilCEIhShnhbq4K5s1Te5hmLp5HSeq63LLNYwHlycrR5w7aQQilCEIhShCEUoQhGKUIQiFKEIRShCEYpQlwkV+5/3Yzsaayc765tY5VTyUZ1T1zk5OTcJRShCEYpQhCIUoQhFKEIRilCEIhShCEWoy4Sa0+3g4Y8JVTJ2Bxnd6hBjT2N/XHJSOv+TglCEIhShCEUoQhGKUIQiFKEIRShCEYpQhHpaqLkuILYNB5WJ/aqD53muFY2Vd1f0y3N93Fy190KXRyhCEYpQhCIUoQhFKEIRilCEIhShCEUoQrXvytbYzRVwJVVXyffGln1urQ4OYWzqttAhFKEIRShCEYpQhCIUoQhFKEIRilCEIhShnhbqdy4H7Ysdld9YSsZ9q2/trBTnRnTrizr9IhShCEUoQhGKUIQiFKEIRShCEYpQhCIUod4S6ooJniuGSnrPOdxLtix2YjtpiO1CbgcJRShCEYpQhCIUoQhFKEIRilCEIhShCEWoDwm1dZ4PbnBJEdYJVuyNDj4tuXJKSsO1GpRQhCIUoQhFKEIRilCEIhShCEUoQhGKUIR6WagtC64oDecOUmxTYnsUq9hiv2rrpo+hQyhCEYpQhCIUoQhFKEIRilCEIhShCEUoQj0t1Fwx1NnmPDBnBw9wyXzH7Nvql2M334NdHqEIRShCEYpQhCIUoQhFKEIRilCEIhShCJUQ6reUWCPz3guWNFBbrWhscmJrFeMsd+UQilCEIhShCEUoQhGKUIQiFKEIRShCEYpQTwm19UVzR2Wt3Rgzd6uc7ezyDt5eWxVbbLxf6PIIRShCEYpQhCIUoQhFKEIRilCEIhShCEWo/WyVaLGfUbJ0sepnbnHmCO4chq0xK6n2CEUoQhGKUIQiFKEIRShCEYpQhCIUoQhFqNuEunFHD/ZTV0ixpdvWPRE7/CWDNHcWCEUoQhGKUIQiFKEIRShCEYpQhCIUoQhFKELN+7WFzlaNEusuS/bo4OvHTk7JiY0R3AkWoQhFKEIRilCEIhShCEUoQhGKUIQiFKEI9bRQc47ENnjrN291PVfotnUhba3V1lnIbQqhCEUoQhGKUIQiFKEIRShCEYpQhCIUoQh1t1Cxumpuz0o4mzNoy69YsVtyT5SsVazpIxShCEUoQhGKUIQiFKEIRShCEYpQhCIUoQhVNqOxnmhuCrcOw9ZKxkqlrZJ0i8KS64pQhCIUoQhFKEIRilCEIhShCEUoQhGKUIT6klBz4z73x3Mkzf3brd5zq4GaG7OtQZpbja0dJBShCEUoQhGKUIQiFKEIRShCEYpQhCIUoQg1cCbnFjrW5sTqqt9YYgcptt1bLWGscZtb2Pf/3waEIhShCEUoQhGKUIQiFKEIRShCEYpQhCJUHVgxOLZY6ezyYn4d/FVzp33uiMZuvrkxe6HLIxShCEUoQhGKUIQiFKEIRShCEYpQhCIUoRKvNGdB7Hu3tn9uOOb8Khmk2EfFmr6tQSIUoQhFKEIRilCEIhShCEUoQhGKUIQiFKEItV3PXXFytqahRLeS/nHrN28t3VzdXNIwEopQhCIUoQhFKEIRilCEIhShCEUoQhGKULcJVbIcWyTFyspYyRI7DHOzkaucUtdVyR/H1plQhCIUoQhFKEIRilCEIhShCEUoQhGKUIS6TaiDB3ir3Im5GXPkN5atK+fgXM2t1dyd2knw4PcSilCEIhShCEUoQhGKUIQiFKEIRShCEYpQTwk1Z8HcQdqqBUvQ6TQo1k/N1WQll/cWsoQiFKEIRShCEYpQhCIUoQhFKEIRilCEIhSh4tl6wZIjWtKZzlWoB8EquVTm7ItNDqEIRShCEYpQhCIUoQhFKEIRilCEIhShCPVhoUqmMLZJc6VSrPrZKjq3mty50x4TKlagH3x9QhGKUIQiFKEIRShCEYpQhCIUoQhFKEIR6ktCzR2krQNcUoTFViNWG20VcJ1X7NYObu0RoQhFKEIRilCEIhShCEUoQhGKUIQiFKEI9WGhtr7ot5TYb+5szWLfG+OspJyNvcLW6SYUoQhFKEIRilCEIhShCEUoQhGKUIQiFKG+JNRWaxZrZGKn7uAr/G5IyWqUHODYDn6uyyMUoQhFKEIRilCEIhShCEUoQhGKUIQiFKEuy1a3VTIrW13ewT2aqwVju3/wFWKd6cFXmAOLUIQiFKEIRShCEYpQhCIUoQhFKEIRilCEuk2ozjZnbs/m/ji3/WNH5WD1U9LllSzOXAHXWVYSilCEIhShCEUoQhGKUIQiFKEIRShCEYpQlwtV8slrK7vUqhy8NkreqOR4b5WGnV0eoQhFKEIRilCEIhShCEUoQhGKUIQiFKEIRaiyKYz1gFvbP3dED65GbOlKlJm7J7YupFiDTChCEYpQhCIUoQhFKEIRilCEIhShCEUoQhEqLtSNhVTJH5dAuVUZx5AtKdAJRShCEYpQhCIUoQhFKEIRilCEIhShCEUoQn21y4s93WJlq+specHOei72glt3OaEIRShCEYpQhCIUoQhFKEIRilCEIhShCEWo+ZJlrpLYKlm2Dv9WETbn9RUVW8n+dg4SoQhFKEIRilCEIhShCEUoQhGKUIQiFKEI9ZZQsdpo62d09nEHD8PWTRArwrZ+xhUXQ8vNRyhCEYpQhCIUoQhFKEIRilCEIhShCEUoQl0mlIgIoUSEUCIihBIRIZSIEEpEhFAiQigREUKJiBBKRAglIkIoESGUiAihREQIJSKEEhEhlIgQSkSEUCIihBIRQomIEEpECCUiQigREUKJSH/+A/ilKiensLTwAAAAAElFTkSuQmCC', '00020101021226820014br.gov.bcb.pix2560qrpix-h.bradesco.com.br/9d36b84f-c70b-478f-b95c-12729b90ca25520400005303986540550.005802BR5905ASAAS6009JOINVILLE62070503***63044E4B', '2024-12-06 02:59:59', NULL, NULL, '2024-12-05 22:51:07', '2024-12-05 22:51:18'),
(17, 6, NULL, '210.887.470-43', 2, 'credit', 'pending', 0, '100.00', NULL, NULL, NULL, NULL, NULL, NULL, NULL, NULL, '2024-12-05 23:11:17', '2024-12-05 23:11:17'),
(18, 6, 'cus_000006382413', '004.494.940-55', 1, 'pix', 'completed', 0, '200.00', 'pay_ejm8v7p4yqqfxqdj', NULL, '2024-12-05 23:11:38', 'iVBORw0KGgoAAAANSUhEUgAAAYsAAAGLCAIAAAC5gincAAAOXklEQVR42u3aUY4rNxADQN//0skNAgSrZlOa4u9s7LHUKj2A+f0jItKanyUQEUKJiBBKRAglIkIoESGUiAihREQIJSKEEhEhlIgQSkSEUCIihBIRQomIEEpECCUiQigREUKJCKFERAglIoQSESGUiAihRIRQIiLlQv1S+e/v/ctb/a9P/stqbH3U1ktubejcD/zLqJTMc+yEEopQhCIUoQhFKEIRilCEIhShCEUoQhGKUB8WKvbJc8rEhiPXjFS+89ZbzUlRcnBKTiihCEUoQhGKUIQiFKEIRShCEYpQhCIUoQhFqIHjffCT57ahpBkp+aiDv3eOs5KStKSO3Fo6QhGKUIQiFKEIRShCEYpQhCIUoQhFKEIRilADv/8K+0qKv63eM7b7c997xSVKKEIRilCEIhShCEUoQhGKUIQiFKEIRShCEYpQf36rmBSxnii2Vlv7e/AHxras5CmhCEUoQhGKUIQiFKEIRShCEYpQhCIUoQhFqO0maG6wYm3O1hdt/YS5au+gQXNvdfCdY7twx9knFKEIRShCEYpQhCIUoQhFKEIRilCEIhSh7hYqtt+eeuppuI2N1dyE8tRTQhGKUJ56SihCeeqpp4QilKeeEuo2obYyx9nBFmmrcCyZwtiVE+s9Dw7DVrV3x+kmFKEIRShCEYpQhCIUoQhFKEIRilCEIhShnhJqq60rmf45sB7IQSkOnue5P56bydhqPNjlEYpQhCIUoQhFKEIRilCEIhShCEUoQhGKUAsGba1drETb+uTYHs31UyU/YQudkncuqRQJRShCEYpQhCIUoQhFKEIRilCEIhShCEWoy7u8zk2aG7tYlTlnwdbSzc33wbfaaidjF9Lc8BOKUIQiFKEIRShCEYpQhCIUoQhFKEIRilBfEmqu24oVjp0Ez43d3Ermup6lkxO7RUq6aUIRilCEIhShCEUoQhGKUIQiFKEIRShCEYpQ8b7mxhplDqytLi+GbAmjW3dMybEqpZ9QhCIUoQhFKEIRilCEIhShCEUoQhGKUIS6TKiSMitWwWwdhli1N7ewMQpL7phYa/ZeZ0ooQhGKUIQiFKEIRShCEYpQhCIUoQhFKEJ9qcu7sSabK2g6r41YYgsb+96S0jB2lxOKUIQiFKEIRShCEYpQhCIUoQhFKEIRilAfFupguTNXwMU4i23/FdM/t1adVddWdxlbHEIRilCEIhShCEUoQhGKUIQiFKEIRShCEYpQ24cw1lBsFUNbFdvchm41fVtv1dnHdV4bhCIUoQhFKEIRilCEIhShCEUoQhGKUIQi1FtCxcZ9q4M4OO4lbl5R/M398dZcbf382B1DKEIRilCEIhShCEUoQhGKUIQiFKEIRShCEaqsNykBq6SgOdiazX3U1i5c0fNewQqhCEUoQhGKUIQiFKEIRShCEYpQhCIUoQhFqPmRndvRLUe2ir+tPdq6zGJ1c8kOzm1ZTDdCEYpQhCIUoQhFKEIRilCEIhShCEUoQhHqLaHmDvAWWO/1U51NbsnUxVrvkjpyznpCEYpQhCIUoQhFKEIRilCEIhShCEUoQhHqaaG2jvcVXU/JUMZO7JwysU/e0vzGlRzUnFCEIhShCEUoQhGKUIQiFKEIRShCEYpQhLpbqFi5E2soSg5SbNnnGL2RldhqlJRoJSEUoQhFKEIRilCEIhShCEUoQhGKUIQiFKFuE6qkGoiVhrGnc5zF+J7rarfAmrtTY2X03JYRilCEIhShCEUoQhGKUIQiFKEIRShCEYpQHxbqioEuOSqxtdryOnY/zd0xJZfKVrVXUhoSilCEIhShCEUoQhGKUIQiFKEIRShCEYpQbwk1d2K3JjhWdMbOxm8sMaFiRVjsNWLTXlKSEopQhCIUoQhFKEIRilCEIhShCEUoQhGKUF8SaoukOWVihyG2KbEmaG5htyrUWA0ac2RtYglFKEIRilCEIhShCEUoQhGKUIQiFKEIRai7hYrVN3N1RkmpFHuruaMSq6tKLoaDX7TV5c0BTShCEYpQhCIUoQhFKEIRilCEIhShCEUoQn1JqK0TG1voLYNiSxej4SCUW7MRG+CSiu2FLo9QhCIUoQhFKEIRilCEIhShCEUoQhGKUIQaEWrreM8xGvtvr8A9tvtbms+VaFvvXPJFhCIUoQhFKEIRilCEIhShCEUoQhGKUIQi1JeEmqtvYhOcayhSJ+cKsEpugoOnfasFLjmwhCIUoQhFKEIRilCEIhShCEUoQhGKUIQi1IeF6qTh4HmeG7tYLxajYeswHNyFkqnrbFRjx5lQhCIUoQhFKEIRilCEIhShCEUoQhGKUIS6TaiDQznXMcWEio3dXBP0SyU37qnTvnWsOs8RoQhFKEIRilCEIhShCEUoQhGKUIQiFKEIRaj5nii2DQeVKemY5lSda4I6K6e5iS05R3PfSyhCEYpQhCIUoQhFKEIRilCEIhShCEUoQr0l1NzKllQ/sQLu4GpsjWxs+rdWsrMIK5kcQhGKUIQiFKEIRShCEYpQhCIUoQhFKEIRilADs1Ii49xAzw1HyU0QW5zOsjI27bFPzrXPhCIUoQhFKEIRilCEIhShCEUoQhGKUIQi1GVCzcFRcrznxu69MqtT5K1bc87crV2IgUUoQhGKUIQiFKEIRShCEYpQhCIUoQhFKELdJlSnIzEo17awcs62VI21z52d6dY/OAhFKEIRilCEIhShCEUoQhGKUIQiFKEIRShCzTdQBy14oIE6aEFuzpbayTl0YuN90JGtjyIUoQhFKEIRilCEIhShCEUoQhGKUIQiFKG+JFTnmdw6zwensBOOre4yRuHWSh7c/ZJjRShCEYpQhCIUoQhFKEIRilCEIhShCEUoQn1JqLn5jjUyWz1gLHO3yNwezQ1h50xudWoldwyhCEUoQhGKUIQiFKEIRShCEYpQhCIUoQh1uVA3NlBzf3zw528dpJgFnWdyrhaM2Rcb7yv/bwNCEYpQhCIUoQhFKEIRilCEIhShCEUoQhEq0eUddCTWbV1hQUmLtHWQthx5bxiuqPYIRShCEYpQhCIUoQhFKEIRilCEIhShCEWoy4UqWY7Y8T447rEGaqv3LBmVkha4ZPhj3TShCEUoQhGKUIQiFKEIRShCEYpQhCIUoQj1tFBzP2muvLuiRIv1U1sFXKd9sfGOveSNYBGKUIQiFKEIRShCEYpQhCIUoQhFKEIRilC3CbW1wVc0UHOnPabb3IY+QEPsupq76WM/n1CEIhShCEUoQhGKUIQiFKEIRShCEYpQhHpaqIMHKVbelbR1V1hw0L6tPYppfnAYYvVrrCInFKEIRShCEYpQhCIUoQhFKEIRilCEIhShPixUbLAOnquSei62GrGboKS67ZyNEjdjx5lQhCIUoQhFKEIRilCEIhShCEUoQhGKUIR6S6jObejsxWL0vz/BqdmItVcxkTt/L6EIRShCEYpQhCIUoQhFKEIRilCEIhShCPUloWJ7VjLfJU8PYlfSmsVO3VzfOndPxP5J8WCXRyhCEYpQhCIUoQhFKEIRilCEIhShCEUoQt3dUJSUWbGjcnB0Yp8cO8AH/3juiG6VwgeH4Y4uj1CEIhShCEUoQhGKUIQiFKEIRShCEYpQhLpbqINrF3NkqzWLvdXWWpUUrHMfFbtUDn4RoQhFKEIRilCEIhShCEUoQhGKUIQiFKEIRagBoeamYe5sxNq6zgLuivr1imYz1gLHimxCEYpQhCIUoQhFKEIRilCEIhShCEUoQhGKUAPrnusROo73Vg8YOwyxsrJku2OcxRaHUIQiFKEIRShCEYpQhCIUoQhFKEIRilCEItT2EZ17jYNvNVftxbCb27KSYnfrYiip9uaQJRShCEUoQhGKUIQiFKEIRShCEYpQhCIUob4k1BY6sRN7RWkYq/ZK6I9VbFtN7tbwb9WvhCIUoQhFKEIRilCEIhShCEUoQhGKUIQiFKHmK6eSdjJWV3WObMnFcNDNG7vpK6o9QhGKUIQiFKEIRShCEYpQhCIUoQhFKEIR6nKhYlMYI2mun+q0L2bQVqUYG8JYWRlb9he6PEIRilCEIhShCEUoQhGKUIQiFKEIRShCEWq/y5srlbYqiYP7vbULse6yMw9UxjGCY/tLKEIRilCEIhShCEUoQhGKUIQiFKEIRShCvSXU1hbGxu69j9qiv2TLtpqvWLN5sBUlFKEIRShCEYpQhCIUoQhFKEIRilCEIhShCLW9siV1VWxWtvqaWLbaqxsP8Nb1/H6XRyhCEYpQhCIUoQhFKEIRilCEIhShCEUoQl2Wg+VOCdAxdLYqxU6Dti6z2B9v/QuDUIQiFKEIRShCEYpQhCIUoQhFKEIRilCE+pJQW13PXMswd7wPjvucqlvv3Ln7VyzOVjc9ePETilCEIhShCEUoQhGKUIQiFKEIRShCEYpQdwtVUpPFfkKsrjrY9Ryc763u8uMVamffSihCEYpQhCIUoQhFKEIRilCEIhShCEUoQhFqoCko2aS5Gd1qgg6e55LDv/VFseGfu5BKyjtCEYpQhCIUoQhFKEIRilCEIhShCEUoQhGKUGUH+MZ6rgTKGBy5ozJWZZasRglJhCIUoQhFKEIRilCEIhShCEUoQhGKUIQiFKHmu7xY81XydKvrOfjOW0MYE3lrzDpJIhShCEUoQhGKUIQiFKEIRShCEYpQhCIUoZ4WqqRG6TzAW7Xg3B5t3UBXVGw3rsZahUooQhGKUIQiFKEIRShCEYpQhCIUoQhFKELdLVTstMeGcq7rib3GHP1zN0HsBpqr2Eouhq3tJhShCEUoQhGKUIQiFKEIRShCEYpQhCIUob4klIgIoUSEUCIihBIRIZSIEEpEhFAiQigREUKJiBBKRAglIkIoESGUiAihREQIJSKEEhEhlIgQSkSEUCIihBIRQomIEEpECCUiQigREUKJSH/+BcxhPuj8389RAAAAAElFTkSuQmCC', '00020101021226820014br.gov.bcb.pix2560qrpix-h.bradesco.com.br/9d36b84f-c70b-478f-b95c-12729b90ca255204000053039865406200.005802BR5905ASAAS6009JOINVILLE62070503***630490C7', '2024-12-06 02:59:59', NULL, NULL, '2024-12-05 23:11:37', '2024-12-05 23:11:49'),
(19, 6, 'cus_000006382413', '564.090.260-48', 2, 'card', 'completed', 0, '100.00', NULL, NULL, '2024-12-05 23:12:07', NULL, NULL, NULL, '4242', 'VISA', '2024-12-05 23:12:07', '2024-12-05 23:12:07'),
(20, 10, 'cus_000006382413', '210.887.470-43', 2, 'credit', 'completed', 1, '100.00', NULL, NULL, NULL, NULL, NULL, NULL, NULL, NULL, '2024-12-05 23:12:16', '2024-12-29 04:55:46'),
(21, 10, 'cus_000006382413', '210.887.470-43', 2, 'credit', 'completed', 1, '100.00', NULL, NULL, NULL, NULL, NULL, NULL, NULL, NULL, '2024-12-05 23:12:16', '2024-12-29 04:58:36');

-- --------------------------------------------------------

--
-- Estrutura da tabela `tb_withdrawals`
--

CREATE TABLE `tb_withdrawals` (
  `id` int(11) NOT NULL,
  `user_id` int(11) NOT NULL,
  `status` enum('pending','paid','cancelled') DEFAULT 'pending',
  `amount` decimal(10,2) NOT NULL,
  `request_date` datetime NOT NULL DEFAULT current_timestamp(),
  `proof_of_transfer` varchar(255) DEFAULT NULL,
  `payment_date` datetime DEFAULT NULL,
  `admin_notes` text DEFAULT NULL
) ENGINE=InnoDB DEFAULT CHARSET=utf8mb4;

--
-- Extraindo dados da tabela `tb_withdrawals`
--

INSERT INTO `tb_withdrawals` (`id`, `user_id`, `status`, `amount`, `request_date`, `proof_of_transfer`, `payment_date`, `admin_notes`) VALUES
(1, 10, 'paid', '20.00', '2024-12-28 06:11:16', 'http://localhost/rendacap/app/files/uploads/comprovantes/1/comprovante.pdf', '2024-12-28 06:09:40', 'Pagamento Realizado Com Sucesso!');

--
-- Índices para tabelas despejadas
--

--
-- Índices para tabela `tb_address`
--
ALTER TABLE `tb_address`
  ADD PRIMARY KEY (`id`),
  ADD KEY `user_id` (`user_id`);

--
-- Índices para tabela `tb_contact_messages`
--
ALTER TABLE `tb_contact_messages`
  ADD PRIMARY KEY (`id`),
  ADD KEY `fk_contact_user` (`user_id`);

--
-- Índices para tabela `tb_customer_info`
--
ALTER TABLE `tb_customer_info`
  ADD PRIMARY KEY (`id`),
  ADD UNIQUE KEY `user_id` (`user_id`),
  ADD UNIQUE KEY `customer_id` (`customer_id`);

--
-- Índices para tabela `tb_donation_receipt`
--
ALTER TABLE `tb_donation_receipt`
  ADD PRIMARY KEY (`id`),
  ADD KEY `user_id` (`user_id`);

--
-- Índices para tabela `tb_draw_products`
--
ALTER TABLE `tb_draw_products`
  ADD PRIMARY KEY (`id`);

--
-- Índices para tabela `tb_draw_titles`
--
ALTER TABLE `tb_draw_titles`
  ADD PRIMARY KEY (`id`),
  ADD KEY `plan_id` (`plan_id`);

--
-- Índices para tabela `tb_draw_title_products`
--
ALTER TABLE `tb_draw_title_products`
  ADD PRIMARY KEY (`id`),
  ADD KEY `draw_title_id` (`draw_title_id`),
  ADD KEY `product_id` (`product_id`);

--
-- Índices para tabela `tb_groups`
--
ALTER TABLE `tb_groups`
  ADD PRIMARY KEY (`id`),
  ADD KEY `title_id` (`title_id`);

--
-- Índices para tabela `tb_group_users`
--
ALTER TABLE `tb_group_users`
  ADD PRIMARY KEY (`id`),
  ADD KEY `group_id` (`group_id`),
  ADD KEY `user_id` (`user_id`);

--
-- Índices para tabela `tb_networks`
--
ALTER TABLE `tb_networks`
  ADD PRIMARY KEY (`id`),
  ADD KEY `inviter_id` (`inviter_id`),
  ADD KEY `fk_referrer` (`referrer_id`);

--
-- Índices para tabela `tb_notifications`
--
ALTER TABLE `tb_notifications`
  ADD PRIMARY KEY (`id`),
  ADD KEY `fk_tb_notifications_tb_plans` (`plan`);

--
-- Índices para tabela `tb_notification_recipients`
--
ALTER TABLE `tb_notification_recipients`
  ADD PRIMARY KEY (`id`),
  ADD KEY `notification_id` (`notification_id`),
  ADD KEY `user_id` (`user_id`);

--
-- Índices para tabela `tb_orders`
--
ALTER TABLE `tb_orders`
  ADD PRIMARY KEY (`id`),
  ADD KEY `fk_customer` (`customer_id`),
  ADD KEY `fk_user` (`user_id`),
  ADD KEY `fk_plan` (`plan_id`);

--
-- Índices para tabela `tb_permissions`
--
ALTER TABLE `tb_permissions`
  ADD PRIMARY KEY (`id`),
  ADD UNIQUE KEY `permission_name` (`permission_name`);

--
-- Índices para tabela `tb_plans`
--
ALTER TABLE `tb_plans`
  ADD PRIMARY KEY (`id`),
  ADD UNIQUE KEY `slug` (`slug`);

--
-- Índices para tabela `tb_roles`
--
ALTER TABLE `tb_roles`
  ADD PRIMARY KEY (`id`),
  ADD UNIQUE KEY `role_name` (`role_name`);

--
-- Índices para tabela `tb_role_permissions`
--
ALTER TABLE `tb_role_permissions`
  ADD PRIMARY KEY (`role_id`,`permission_id`),
  ADD KEY `permission_id` (`permission_id`);

--
-- Índices para tabela `tb_subscriptions`
--
ALTER TABLE `tb_subscriptions`
  ADD PRIMARY KEY (`id`),
  ADD UNIQUE KEY `payment_id` (`payment_id`),
  ADD KEY `fk_subs_user` (`user_id`),
  ADD KEY `fk_subs_plan` (`plan_id`),
  ADD KEY `fk_subs_order` (`order_id`),
  ADD KEY `fk_subs_customer` (`customer_id`);

--
-- Índices para tabela `tb_title_users`
--
ALTER TABLE `tb_title_users`
  ADD PRIMARY KEY (`id`),
  ADD KEY `title_id` (`title_id`),
  ADD KEY `user_id` (`user_id`);

--
-- Índices para tabela `tb_users`
--
ALTER TABLE `tb_users`
  ADD PRIMARY KEY (`id`);

--
-- Índices para tabela `tb_user_documents`
--
ALTER TABLE `tb_user_documents`
  ADD PRIMARY KEY (`id`),
  ADD KEY `user_id` (`user_id`);

--
-- Índices para tabela `tb_user_networks`
--
ALTER TABLE `tb_user_networks`
  ADD PRIMARY KEY (`id`),
  ADD UNIQUE KEY `network_id` (`network_id`,`user_id`),
  ADD KEY `user_id` (`user_id`);

--
-- Índices para tabela `tb_user_roles`
--
ALTER TABLE `tb_user_roles`
  ADD PRIMARY KEY (`user_id`,`role_id`),
  ADD KEY `role_id` (`role_id`);

--
-- Índices para tabela `tb_vouchers`
--
ALTER TABLE `tb_vouchers`
  ADD PRIMARY KEY (`id`);

--
-- Índices para tabela `tb_voucher_orders`
--
ALTER TABLE `tb_voucher_orders`
  ADD PRIMARY KEY (`id`),
  ADD KEY `user_id` (`user_id`),
  ADD KEY `voucher_id` (`voucher_id`),
  ADD KEY `fk_customer_id` (`customer_id`);

--
-- Índices para tabela `tb_withdrawals`
--
ALTER TABLE `tb_withdrawals`
  ADD PRIMARY KEY (`id`),
  ADD KEY `user_id` (`user_id`);

--
-- AUTO_INCREMENT de tabelas despejadas
--

--
-- AUTO_INCREMENT de tabela `tb_address`
--
ALTER TABLE `tb_address`
  MODIFY `id` int(11) NOT NULL AUTO_INCREMENT, AUTO_INCREMENT=37;

--
-- AUTO_INCREMENT de tabela `tb_contact_messages`
--
ALTER TABLE `tb_contact_messages`
  MODIFY `id` int(11) NOT NULL AUTO_INCREMENT;

--
-- AUTO_INCREMENT de tabela `tb_customer_info`
--
ALTER TABLE `tb_customer_info`
  MODIFY `id` int(11) NOT NULL AUTO_INCREMENT, AUTO_INCREMENT=9;

--
-- AUTO_INCREMENT de tabela `tb_donation_receipt`
--
ALTER TABLE `tb_donation_receipt`
  MODIFY `id` int(11) NOT NULL AUTO_INCREMENT;

--
-- AUTO_INCREMENT de tabela `tb_draw_products`
--
ALTER TABLE `tb_draw_products`
  MODIFY `id` int(11) NOT NULL AUTO_INCREMENT, AUTO_INCREMENT=4;

--
-- AUTO_INCREMENT de tabela `tb_draw_titles`
--
ALTER TABLE `tb_draw_titles`
  MODIFY `id` int(11) NOT NULL AUTO_INCREMENT, AUTO_INCREMENT=14;

--
-- AUTO_INCREMENT de tabela `tb_draw_title_products`
--
ALTER TABLE `tb_draw_title_products`
  MODIFY `id` int(11) NOT NULL AUTO_INCREMENT, AUTO_INCREMENT=14;

--
-- AUTO_INCREMENT de tabela `tb_groups`
--
ALTER TABLE `tb_groups`
  MODIFY `id` int(11) NOT NULL AUTO_INCREMENT, AUTO_INCREMENT=14;

--
-- AUTO_INCREMENT de tabela `tb_group_users`
--
ALTER TABLE `tb_group_users`
  MODIFY `id` int(11) NOT NULL AUTO_INCREMENT, AUTO_INCREMENT=13;

--
-- AUTO_INCREMENT de tabela `tb_networks`
--
ALTER TABLE `tb_networks`
  MODIFY `id` int(11) NOT NULL AUTO_INCREMENT, AUTO_INCREMENT=32;

--
-- AUTO_INCREMENT de tabela `tb_notifications`
--
ALTER TABLE `tb_notifications`
  MODIFY `id` int(11) NOT NULL AUTO_INCREMENT, AUTO_INCREMENT=5;

--
-- AUTO_INCREMENT de tabela `tb_notification_recipients`
--
ALTER TABLE `tb_notification_recipients`
  MODIFY `id` int(11) NOT NULL AUTO_INCREMENT, AUTO_INCREMENT=29;

--
-- AUTO_INCREMENT de tabela `tb_orders`
--
ALTER TABLE `tb_orders`
  MODIFY `id` int(11) NOT NULL AUTO_INCREMENT, AUTO_INCREMENT=55;

--
-- AUTO_INCREMENT de tabela `tb_permissions`
--
ALTER TABLE `tb_permissions`
  MODIFY `id` int(11) NOT NULL AUTO_INCREMENT, AUTO_INCREMENT=4;

--
-- AUTO_INCREMENT de tabela `tb_plans`
--
ALTER TABLE `tb_plans`
  MODIFY `id` int(11) NOT NULL AUTO_INCREMENT, AUTO_INCREMENT=5;

--
-- AUTO_INCREMENT de tabela `tb_roles`
--
ALTER TABLE `tb_roles`
  MODIFY `id` int(11) NOT NULL AUTO_INCREMENT, AUTO_INCREMENT=4;

--
-- AUTO_INCREMENT de tabela `tb_subscriptions`
--
ALTER TABLE `tb_subscriptions`
  MODIFY `id` int(11) NOT NULL AUTO_INCREMENT, AUTO_INCREMENT=52;

--
-- AUTO_INCREMENT de tabela `tb_title_users`
--
ALTER TABLE `tb_title_users`
  MODIFY `id` int(11) NOT NULL AUTO_INCREMENT;

--
-- AUTO_INCREMENT de tabela `tb_users`
--
ALTER TABLE `tb_users`
  MODIFY `id` int(11) NOT NULL AUTO_INCREMENT, AUTO_INCREMENT=37;

--
-- AUTO_INCREMENT de tabela `tb_user_documents`
--
ALTER TABLE `tb_user_documents`
  MODIFY `id` int(11) NOT NULL AUTO_INCREMENT;

--
-- AUTO_INCREMENT de tabela `tb_user_networks`
--
ALTER TABLE `tb_user_networks`
  MODIFY `id` int(11) NOT NULL AUTO_INCREMENT, AUTO_INCREMENT=32;

--
-- AUTO_INCREMENT de tabela `tb_vouchers`
--
ALTER TABLE `tb_vouchers`
  MODIFY `id` int(11) NOT NULL AUTO_INCREMENT, AUTO_INCREMENT=4;

--
-- AUTO_INCREMENT de tabela `tb_voucher_orders`
--
ALTER TABLE `tb_voucher_orders`
  MODIFY `id` int(11) NOT NULL AUTO_INCREMENT, AUTO_INCREMENT=22;

--
-- AUTO_INCREMENT de tabela `tb_withdrawals`
--
ALTER TABLE `tb_withdrawals`
  MODIFY `id` int(11) NOT NULL AUTO_INCREMENT, AUTO_INCREMENT=2;

--
-- Restrições para despejos de tabelas
--

--
-- Limitadores para a tabela `tb_address`
--
ALTER TABLE `tb_address`
  ADD CONSTRAINT `tb_address_ibfk_1` FOREIGN KEY (`user_id`) REFERENCES `tb_users` (`id`);

--
-- Limitadores para a tabela `tb_contact_messages`
--
ALTER TABLE `tb_contact_messages`
  ADD CONSTRAINT `fk_contact_user` FOREIGN KEY (`user_id`) REFERENCES `tb_users` (`id`) ON DELETE SET NULL ON UPDATE CASCADE;

--
-- Limitadores para a tabela `tb_customer_info`
--
ALTER TABLE `tb_customer_info`
  ADD CONSTRAINT `tb_customer_info_ibfk_1` FOREIGN KEY (`user_id`) REFERENCES `tb_users` (`id`);

--
-- Limitadores para a tabela `tb_donation_receipt`
--
ALTER TABLE `tb_donation_receipt`
  ADD CONSTRAINT `tb_donation_receipt_ibfk_1` FOREIGN KEY (`user_id`) REFERENCES `tb_users` (`id`) ON DELETE CASCADE;

--
-- Limitadores para a tabela `tb_draw_titles`
--
ALTER TABLE `tb_draw_titles`
  ADD CONSTRAINT `tb_draw_titles_ibfk_1` FOREIGN KEY (`plan_id`) REFERENCES `tb_plans` (`id`) ON DELETE CASCADE;

--
-- Limitadores para a tabela `tb_draw_title_products`
--
ALTER TABLE `tb_draw_title_products`
  ADD CONSTRAINT `tb_draw_title_products_ibfk_1` FOREIGN KEY (`draw_title_id`) REFERENCES `tb_draw_titles` (`id`) ON DELETE CASCADE,
  ADD CONSTRAINT `tb_draw_title_products_ibfk_2` FOREIGN KEY (`product_id`) REFERENCES `tb_draw_products` (`id`) ON DELETE CASCADE;

--
-- Limitadores para a tabela `tb_groups`
--
ALTER TABLE `tb_groups`
  ADD CONSTRAINT `tb_groups_ibfk_1` FOREIGN KEY (`title_id`) REFERENCES `tb_draw_titles` (`id`) ON DELETE CASCADE;

--
-- Limitadores para a tabela `tb_group_users`
--
ALTER TABLE `tb_group_users`
  ADD CONSTRAINT `tb_group_users_ibfk_1` FOREIGN KEY (`group_id`) REFERENCES `tb_groups` (`id`) ON DELETE CASCADE,
  ADD CONSTRAINT `tb_group_users_ibfk_2` FOREIGN KEY (`user_id`) REFERENCES `tb_users` (`id`) ON DELETE CASCADE;

--
-- Limitadores para a tabela `tb_networks`
--
ALTER TABLE `tb_networks`
  ADD CONSTRAINT `fk_referrer` FOREIGN KEY (`referrer_id`) REFERENCES `tb_users` (`id`),
  ADD CONSTRAINT `tb_networks_ibfk_1` FOREIGN KEY (`inviter_id`) REFERENCES `tb_users` (`id`);

--
-- Limitadores para a tabela `tb_notifications`
--
ALTER TABLE `tb_notifications`
  ADD CONSTRAINT `fk_tb_notifications_tb_plans` FOREIGN KEY (`plan`) REFERENCES `tb_plans` (`id`) ON DELETE SET NULL ON UPDATE CASCADE;

--
-- Limitadores para a tabela `tb_notification_recipients`
--
ALTER TABLE `tb_notification_recipients`
  ADD CONSTRAINT `tb_notification_recipients_ibfk_1` FOREIGN KEY (`notification_id`) REFERENCES `tb_notifications` (`id`) ON DELETE CASCADE,
  ADD CONSTRAINT `tb_notification_recipients_ibfk_2` FOREIGN KEY (`user_id`) REFERENCES `tb_users` (`id`) ON DELETE CASCADE;

--
-- Limitadores para a tabela `tb_role_permissions`
--
ALTER TABLE `tb_role_permissions`
  ADD CONSTRAINT `tb_role_permissions_ibfk_1` FOREIGN KEY (`role_id`) REFERENCES `tb_roles` (`id`) ON DELETE CASCADE,
  ADD CONSTRAINT `tb_role_permissions_ibfk_2` FOREIGN KEY (`permission_id`) REFERENCES `tb_permissions` (`id`) ON DELETE CASCADE;

--
-- Limitadores para a tabela `tb_title_users`
--
ALTER TABLE `tb_title_users`
  ADD CONSTRAINT `tb_title_users_ibfk_1` FOREIGN KEY (`title_id`) REFERENCES `tb_draw_titles` (`id`),
  ADD CONSTRAINT `tb_title_users_ibfk_2` FOREIGN KEY (`user_id`) REFERENCES `tb_users` (`id`);

--
-- Limitadores para a tabela `tb_user_documents`
--
ALTER TABLE `tb_user_documents`
  ADD CONSTRAINT `tb_user_documents_ibfk_1` FOREIGN KEY (`user_id`) REFERENCES `tb_users` (`id`);

--
-- Limitadores para a tabela `tb_user_networks`
--
ALTER TABLE `tb_user_networks`
  ADD CONSTRAINT `tb_user_networks_ibfk_1` FOREIGN KEY (`user_id`) REFERENCES `tb_users` (`id`),
  ADD CONSTRAINT `tb_user_networks_ibfk_2` FOREIGN KEY (`network_id`) REFERENCES `tb_networks` (`id`) ON DELETE CASCADE;

--
-- Limitadores para a tabela `tb_user_roles`
--
ALTER TABLE `tb_user_roles`
  ADD CONSTRAINT `tb_user_roles_ibfk_1` FOREIGN KEY (`user_id`) REFERENCES `tb_users` (`id`) ON DELETE CASCADE,
  ADD CONSTRAINT `tb_user_roles_ibfk_2` FOREIGN KEY (`role_id`) REFERENCES `tb_roles` (`id`) ON DELETE CASCADE;

--
-- Limitadores para a tabela `tb_voucher_orders`
--
ALTER TABLE `tb_voucher_orders`
  ADD CONSTRAINT `fk_customer_id` FOREIGN KEY (`customer_id`) REFERENCES `tb_customer_info` (`customer_id`),
  ADD CONSTRAINT `tb_voucher_orders_ibfk_1` FOREIGN KEY (`user_id`) REFERENCES `tb_users` (`id`),
  ADD CONSTRAINT `tb_voucher_orders_ibfk_2` FOREIGN KEY (`voucher_id`) REFERENCES `tb_vouchers` (`id`);

--
-- Limitadores para a tabela `tb_withdrawals`
--
ALTER TABLE `tb_withdrawals`
  ADD CONSTRAINT `tb_withdrawals_ibfk_1` FOREIGN KEY (`user_id`) REFERENCES `tb_users` (`id`);
COMMIT;

/*!40101 SET CHARACTER_SET_CLIENT=@OLD_CHARACTER_SET_CLIENT */;
/*!40101 SET CHARACTER_SET_RESULTS=@OLD_CHARACTER_SET_RESULTS */;
/*!40101 SET COLLATION_CONNECTION=@OLD_COLLATION_CONNECTION */;
